
le.elf:     file format elf32-avr

Sections:
Idx Name          Size      VMA       LMA       File off  Algn
  0 .text         00003712  00000000  00000000  00000094  2**1
                  CONTENTS, ALLOC, LOAD, READONLY, CODE
  1 .data         0000010e  00800060  00003712  000037a6  2**0
                  CONTENTS, ALLOC, LOAD, DATA
  2 .bss          00000008  0080016e  0080016e  000038b4  2**0
                  ALLOC
  3 .stab         00003390  00000000  00000000  000038b4  2**2
                  CONTENTS, READONLY, DEBUGGING
  4 .stabstr      00001572  00000000  00000000  00006c44  2**0
                  CONTENTS, READONLY, DEBUGGING
  5 .debug_aranges 00000160  00000000  00000000  000081b6  2**0
                  CONTENTS, READONLY, DEBUGGING
  6 .debug_pubnames 0000018f  00000000  00000000  00008316  2**0
                  CONTENTS, READONLY, DEBUGGING
  7 .debug_info   00002045  00000000  00000000  000084a5  2**0
                  CONTENTS, READONLY, DEBUGGING
  8 .debug_abbrev 00001101  00000000  00000000  0000a4ea  2**0
                  CONTENTS, READONLY, DEBUGGING
  9 .debug_line   00000f82  00000000  00000000  0000b5eb  2**0
                  CONTENTS, READONLY, DEBUGGING
 10 .debug_frame  00000180  00000000  00000000  0000c570  2**2
                  CONTENTS, READONLY, DEBUGGING
 11 .debug_str    000002c2  00000000  00000000  0000c6f0  2**0
                  CONTENTS, READONLY, DEBUGGING
 12 .debug_loc    0000088e  00000000  00000000  0000c9b2  2**0
                  CONTENTS, READONLY, DEBUGGING
 13 .debug_ranges 00000050  00000000  00000000  0000d240  2**0
                  CONTENTS, READONLY, DEBUGGING

Disassembly of section .text:

00000000 <__vectors>:
       0:	0c 94 2a 00 	jmp	0x54	; 0x54 <__ctors_end>
       4:	0c 94 f7 09 	jmp	0x13ee	; 0x13ee <__vector_1>
       8:	0c 94 47 00 	jmp	0x8e	; 0x8e <__bad_interrupt>
       c:	0c 94 47 00 	jmp	0x8e	; 0x8e <__bad_interrupt>
      10:	0c 94 47 00 	jmp	0x8e	; 0x8e <__bad_interrupt>
      14:	0c 94 47 00 	jmp	0x8e	; 0x8e <__bad_interrupt>
      18:	0c 94 47 00 	jmp	0x8e	; 0x8e <__bad_interrupt>
      1c:	0c 94 47 00 	jmp	0x8e	; 0x8e <__bad_interrupt>
      20:	0c 94 47 00 	jmp	0x8e	; 0x8e <__bad_interrupt>
      24:	0c 94 47 00 	jmp	0x8e	; 0x8e <__bad_interrupt>
      28:	0c 94 f8 1a 	jmp	0x35f0	; 0x35f0 <__vector_10>
      2c:	0c 94 7f 1a 	jmp	0x34fe	; 0x34fe <__vector_11>
      30:	0c 94 47 00 	jmp	0x8e	; 0x8e <__bad_interrupt>
      34:	0c 94 47 00 	jmp	0x8e	; 0x8e <__bad_interrupt>
      38:	0c 94 47 00 	jmp	0x8e	; 0x8e <__bad_interrupt>
      3c:	0c 94 47 00 	jmp	0x8e	; 0x8e <__bad_interrupt>
      40:	0c 94 68 0b 	jmp	0x16d0	; 0x16d0 <__vector_16>
      44:	0c 94 47 00 	jmp	0x8e	; 0x8e <__bad_interrupt>
      48:	0c 94 47 00 	jmp	0x8e	; 0x8e <__bad_interrupt>
      4c:	0c 94 47 00 	jmp	0x8e	; 0x8e <__bad_interrupt>
      50:	0c 94 47 00 	jmp	0x8e	; 0x8e <__bad_interrupt>

00000054 <__ctors_end>:
      54:	11 24       	eor	r1, r1
      56:	1f be       	out	0x3f, r1	; 63
      58:	cf e5       	ldi	r28, 0x5F	; 95
      5a:	d8 e0       	ldi	r29, 0x08	; 8
      5c:	de bf       	out	0x3e, r29	; 62
      5e:	cd bf       	out	0x3d, r28	; 61

00000060 <__do_copy_data>:
      60:	11 e0       	ldi	r17, 0x01	; 1
      62:	a0 e6       	ldi	r26, 0x60	; 96
      64:	b0 e0       	ldi	r27, 0x00	; 0
      66:	e2 e1       	ldi	r30, 0x12	; 18
      68:	f7 e3       	ldi	r31, 0x37	; 55
      6a:	02 c0       	rjmp	.+4      	; 0x70 <.do_copy_data_start>

0000006c <.do_copy_data_loop>:
      6c:	05 90       	lpm	r0, Z+
      6e:	0d 92       	st	X+, r0

00000070 <.do_copy_data_start>:
      70:	ae 36       	cpi	r26, 0x6E	; 110
      72:	b1 07       	cpc	r27, r17
      74:	d9 f7       	brne	.-10     	; 0x6c <.do_copy_data_loop>

00000076 <__do_clear_bss>:
      76:	11 e0       	ldi	r17, 0x01	; 1
      78:	ae e6       	ldi	r26, 0x6E	; 110
      7a:	b1 e0       	ldi	r27, 0x01	; 1
      7c:	01 c0       	rjmp	.+2      	; 0x80 <.do_clear_bss_start>

0000007e <.do_clear_bss_loop>:
      7e:	1d 92       	st	X+, r1

00000080 <.do_clear_bss_start>:
      80:	a6 37       	cpi	r26, 0x76	; 118
      82:	b1 07       	cpc	r27, r17
      84:	e1 f7       	brne	.-8      	; 0x7e <.do_clear_bss_loop>
      86:	0e 94 2b 1b 	call	0x3656	; 0x3656 <main>
      8a:	0c 94 87 1b 	jmp	0x370e	; 0x370e <_exit>

0000008e <__bad_interrupt>:
      8e:	0c 94 00 00 	jmp	0	; 0x0 <__vectors>

00000092 <__fixunssfsi>:
      92:	ef 92       	push	r14
      94:	ff 92       	push	r15
      96:	0f 93       	push	r16
      98:	1f 93       	push	r17
      9a:	7b 01       	movw	r14, r22
      9c:	8c 01       	movw	r16, r24
      9e:	20 e0       	ldi	r18, 0x00	; 0
      a0:	30 e0       	ldi	r19, 0x00	; 0
      a2:	40 e0       	ldi	r20, 0x00	; 0
      a4:	5f e4       	ldi	r21, 0x4F	; 79
      a6:	0e 94 f5 03 	call	0x7ea	; 0x7ea <__gesf2>
      aa:	88 23       	and	r24, r24
      ac:	8c f0       	brlt	.+34     	; 0xd0 <__fixunssfsi+0x3e>
      ae:	c8 01       	movw	r24, r16
      b0:	b7 01       	movw	r22, r14
      b2:	20 e0       	ldi	r18, 0x00	; 0
      b4:	30 e0       	ldi	r19, 0x00	; 0
      b6:	40 e0       	ldi	r20, 0x00	; 0
      b8:	5f e4       	ldi	r21, 0x4F	; 79
      ba:	0e 94 c1 01 	call	0x382	; 0x382 <__subsf3>
      be:	0e 94 55 04 	call	0x8aa	; 0x8aa <__fixsfsi>
      c2:	9b 01       	movw	r18, r22
      c4:	ac 01       	movw	r20, r24
      c6:	20 50       	subi	r18, 0x00	; 0
      c8:	30 40       	sbci	r19, 0x00	; 0
      ca:	40 40       	sbci	r20, 0x00	; 0
      cc:	50 48       	sbci	r21, 0x80	; 128
      ce:	06 c0       	rjmp	.+12     	; 0xdc <__fixunssfsi+0x4a>
      d0:	c8 01       	movw	r24, r16
      d2:	b7 01       	movw	r22, r14
      d4:	0e 94 55 04 	call	0x8aa	; 0x8aa <__fixsfsi>
      d8:	9b 01       	movw	r18, r22
      da:	ac 01       	movw	r20, r24
      dc:	b9 01       	movw	r22, r18
      de:	ca 01       	movw	r24, r20
      e0:	1f 91       	pop	r17
      e2:	0f 91       	pop	r16
      e4:	ff 90       	pop	r15
      e6:	ef 90       	pop	r14
      e8:	08 95       	ret

000000ea <_fpadd_parts>:
      ea:	a0 e0       	ldi	r26, 0x00	; 0
      ec:	b0 e0       	ldi	r27, 0x00	; 0
      ee:	eb e7       	ldi	r30, 0x7B	; 123
      f0:	f0 e0       	ldi	r31, 0x00	; 0
      f2:	0c 94 50 1b 	jmp	0x36a0	; 0x36a0 <__prologue_saves__>
      f6:	dc 01       	movw	r26, r24
      f8:	2b 01       	movw	r4, r22
      fa:	fa 01       	movw	r30, r20
      fc:	9c 91       	ld	r25, X
      fe:	92 30       	cpi	r25, 0x02	; 2
     100:	08 f4       	brcc	.+2      	; 0x104 <_fpadd_parts+0x1a>
     102:	39 c1       	rjmp	.+626    	; 0x376 <_fpadd_parts+0x28c>
     104:	eb 01       	movw	r28, r22
     106:	88 81       	ld	r24, Y
     108:	82 30       	cpi	r24, 0x02	; 2
     10a:	08 f4       	brcc	.+2      	; 0x10e <_fpadd_parts+0x24>
     10c:	33 c1       	rjmp	.+614    	; 0x374 <_fpadd_parts+0x28a>
     10e:	94 30       	cpi	r25, 0x04	; 4
     110:	69 f4       	brne	.+26     	; 0x12c <_fpadd_parts+0x42>
     112:	84 30       	cpi	r24, 0x04	; 4
     114:	09 f0       	breq	.+2      	; 0x118 <_fpadd_parts+0x2e>
     116:	2f c1       	rjmp	.+606    	; 0x376 <_fpadd_parts+0x28c>
     118:	11 96       	adiw	r26, 0x01	; 1
     11a:	9c 91       	ld	r25, X
     11c:	11 97       	sbiw	r26, 0x01	; 1
     11e:	89 81       	ldd	r24, Y+1	; 0x01
     120:	98 17       	cp	r25, r24
     122:	09 f4       	brne	.+2      	; 0x126 <_fpadd_parts+0x3c>
     124:	28 c1       	rjmp	.+592    	; 0x376 <_fpadd_parts+0x28c>
     126:	a5 e6       	ldi	r26, 0x65	; 101
     128:	b1 e0       	ldi	r27, 0x01	; 1
     12a:	25 c1       	rjmp	.+586    	; 0x376 <_fpadd_parts+0x28c>
     12c:	84 30       	cpi	r24, 0x04	; 4
     12e:	09 f4       	brne	.+2      	; 0x132 <_fpadd_parts+0x48>
     130:	21 c1       	rjmp	.+578    	; 0x374 <_fpadd_parts+0x28a>
     132:	82 30       	cpi	r24, 0x02	; 2
     134:	a9 f4       	brne	.+42     	; 0x160 <_fpadd_parts+0x76>
     136:	92 30       	cpi	r25, 0x02	; 2
     138:	09 f0       	breq	.+2      	; 0x13c <_fpadd_parts+0x52>
     13a:	1d c1       	rjmp	.+570    	; 0x376 <_fpadd_parts+0x28c>
     13c:	9a 01       	movw	r18, r20
     13e:	ad 01       	movw	r20, r26
     140:	88 e0       	ldi	r24, 0x08	; 8
     142:	ea 01       	movw	r28, r20
     144:	09 90       	ld	r0, Y+
     146:	ae 01       	movw	r20, r28
     148:	e9 01       	movw	r28, r18
     14a:	09 92       	st	Y+, r0
     14c:	9e 01       	movw	r18, r28
     14e:	81 50       	subi	r24, 0x01	; 1
     150:	c1 f7       	brne	.-16     	; 0x142 <_fpadd_parts+0x58>
     152:	e2 01       	movw	r28, r4
     154:	89 81       	ldd	r24, Y+1	; 0x01
     156:	11 96       	adiw	r26, 0x01	; 1
     158:	9c 91       	ld	r25, X
     15a:	89 23       	and	r24, r25
     15c:	81 83       	std	Z+1, r24	; 0x01
     15e:	08 c1       	rjmp	.+528    	; 0x370 <_fpadd_parts+0x286>
     160:	92 30       	cpi	r25, 0x02	; 2
     162:	09 f4       	brne	.+2      	; 0x166 <_fpadd_parts+0x7c>
     164:	07 c1       	rjmp	.+526    	; 0x374 <_fpadd_parts+0x28a>
     166:	12 96       	adiw	r26, 0x02	; 2
     168:	2d 90       	ld	r2, X+
     16a:	3c 90       	ld	r3, X
     16c:	13 97       	sbiw	r26, 0x03	; 3
     16e:	eb 01       	movw	r28, r22
     170:	8a 81       	ldd	r24, Y+2	; 0x02
     172:	9b 81       	ldd	r25, Y+3	; 0x03
     174:	14 96       	adiw	r26, 0x04	; 4
     176:	ad 90       	ld	r10, X+
     178:	bd 90       	ld	r11, X+
     17a:	cd 90       	ld	r12, X+
     17c:	dc 90       	ld	r13, X
     17e:	17 97       	sbiw	r26, 0x07	; 7
     180:	ec 80       	ldd	r14, Y+4	; 0x04
     182:	fd 80       	ldd	r15, Y+5	; 0x05
     184:	0e 81       	ldd	r16, Y+6	; 0x06
     186:	1f 81       	ldd	r17, Y+7	; 0x07
     188:	91 01       	movw	r18, r2
     18a:	28 1b       	sub	r18, r24
     18c:	39 0b       	sbc	r19, r25
     18e:	b9 01       	movw	r22, r18
     190:	37 ff       	sbrs	r19, 7
     192:	04 c0       	rjmp	.+8      	; 0x19c <_fpadd_parts+0xb2>
     194:	66 27       	eor	r22, r22
     196:	77 27       	eor	r23, r23
     198:	62 1b       	sub	r22, r18
     19a:	73 0b       	sbc	r23, r19
     19c:	60 32       	cpi	r22, 0x20	; 32
     19e:	71 05       	cpc	r23, r1
     1a0:	0c f0       	brlt	.+2      	; 0x1a4 <_fpadd_parts+0xba>
     1a2:	61 c0       	rjmp	.+194    	; 0x266 <_fpadd_parts+0x17c>
     1a4:	12 16       	cp	r1, r18
     1a6:	13 06       	cpc	r1, r19
     1a8:	6c f5       	brge	.+90     	; 0x204 <_fpadd_parts+0x11a>
     1aa:	37 01       	movw	r6, r14
     1ac:	48 01       	movw	r8, r16
     1ae:	06 2e       	mov	r0, r22
     1b0:	04 c0       	rjmp	.+8      	; 0x1ba <_fpadd_parts+0xd0>
     1b2:	96 94       	lsr	r9
     1b4:	87 94       	ror	r8
     1b6:	77 94       	ror	r7
     1b8:	67 94       	ror	r6
     1ba:	0a 94       	dec	r0
     1bc:	d2 f7       	brpl	.-12     	; 0x1b2 <_fpadd_parts+0xc8>
     1be:	21 e0       	ldi	r18, 0x01	; 1
     1c0:	30 e0       	ldi	r19, 0x00	; 0
     1c2:	40 e0       	ldi	r20, 0x00	; 0
     1c4:	50 e0       	ldi	r21, 0x00	; 0
     1c6:	04 c0       	rjmp	.+8      	; 0x1d0 <_fpadd_parts+0xe6>
     1c8:	22 0f       	add	r18, r18
     1ca:	33 1f       	adc	r19, r19
     1cc:	44 1f       	adc	r20, r20
     1ce:	55 1f       	adc	r21, r21
     1d0:	6a 95       	dec	r22
     1d2:	d2 f7       	brpl	.-12     	; 0x1c8 <_fpadd_parts+0xde>
     1d4:	21 50       	subi	r18, 0x01	; 1
     1d6:	30 40       	sbci	r19, 0x00	; 0
     1d8:	40 40       	sbci	r20, 0x00	; 0
     1da:	50 40       	sbci	r21, 0x00	; 0
     1dc:	2e 21       	and	r18, r14
     1de:	3f 21       	and	r19, r15
     1e0:	40 23       	and	r20, r16
     1e2:	51 23       	and	r21, r17
     1e4:	21 15       	cp	r18, r1
     1e6:	31 05       	cpc	r19, r1
     1e8:	41 05       	cpc	r20, r1
     1ea:	51 05       	cpc	r21, r1
     1ec:	21 f0       	breq	.+8      	; 0x1f6 <_fpadd_parts+0x10c>
     1ee:	21 e0       	ldi	r18, 0x01	; 1
     1f0:	30 e0       	ldi	r19, 0x00	; 0
     1f2:	40 e0       	ldi	r20, 0x00	; 0
     1f4:	50 e0       	ldi	r21, 0x00	; 0
     1f6:	79 01       	movw	r14, r18
     1f8:	8a 01       	movw	r16, r20
     1fa:	e6 28       	or	r14, r6
     1fc:	f7 28       	or	r15, r7
     1fe:	08 29       	or	r16, r8
     200:	19 29       	or	r17, r9
     202:	3c c0       	rjmp	.+120    	; 0x27c <_fpadd_parts+0x192>
     204:	23 2b       	or	r18, r19
     206:	d1 f1       	breq	.+116    	; 0x27c <_fpadd_parts+0x192>
     208:	26 0e       	add	r2, r22
     20a:	37 1e       	adc	r3, r23
     20c:	35 01       	movw	r6, r10
     20e:	46 01       	movw	r8, r12
     210:	06 2e       	mov	r0, r22
     212:	04 c0       	rjmp	.+8      	; 0x21c <_fpadd_parts+0x132>
     214:	96 94       	lsr	r9
     216:	87 94       	ror	r8
     218:	77 94       	ror	r7
     21a:	67 94       	ror	r6
     21c:	0a 94       	dec	r0
     21e:	d2 f7       	brpl	.-12     	; 0x214 <_fpadd_parts+0x12a>
     220:	21 e0       	ldi	r18, 0x01	; 1
     222:	30 e0       	ldi	r19, 0x00	; 0
     224:	40 e0       	ldi	r20, 0x00	; 0
     226:	50 e0       	ldi	r21, 0x00	; 0
     228:	04 c0       	rjmp	.+8      	; 0x232 <_fpadd_parts+0x148>
     22a:	22 0f       	add	r18, r18
     22c:	33 1f       	adc	r19, r19
     22e:	44 1f       	adc	r20, r20
     230:	55 1f       	adc	r21, r21
     232:	6a 95       	dec	r22
     234:	d2 f7       	brpl	.-12     	; 0x22a <_fpadd_parts+0x140>
     236:	21 50       	subi	r18, 0x01	; 1
     238:	30 40       	sbci	r19, 0x00	; 0
     23a:	40 40       	sbci	r20, 0x00	; 0
     23c:	50 40       	sbci	r21, 0x00	; 0
     23e:	2a 21       	and	r18, r10
     240:	3b 21       	and	r19, r11
     242:	4c 21       	and	r20, r12
     244:	5d 21       	and	r21, r13
     246:	21 15       	cp	r18, r1
     248:	31 05       	cpc	r19, r1
     24a:	41 05       	cpc	r20, r1
     24c:	51 05       	cpc	r21, r1
     24e:	21 f0       	breq	.+8      	; 0x258 <_fpadd_parts+0x16e>
     250:	21 e0       	ldi	r18, 0x01	; 1
     252:	30 e0       	ldi	r19, 0x00	; 0
     254:	40 e0       	ldi	r20, 0x00	; 0
     256:	50 e0       	ldi	r21, 0x00	; 0
     258:	59 01       	movw	r10, r18
     25a:	6a 01       	movw	r12, r20
     25c:	a6 28       	or	r10, r6
     25e:	b7 28       	or	r11, r7
     260:	c8 28       	or	r12, r8
     262:	d9 28       	or	r13, r9
     264:	0b c0       	rjmp	.+22     	; 0x27c <_fpadd_parts+0x192>
     266:	82 15       	cp	r24, r2
     268:	93 05       	cpc	r25, r3
     26a:	2c f0       	brlt	.+10     	; 0x276 <_fpadd_parts+0x18c>
     26c:	1c 01       	movw	r2, r24
     26e:	aa 24       	eor	r10, r10
     270:	bb 24       	eor	r11, r11
     272:	65 01       	movw	r12, r10
     274:	03 c0       	rjmp	.+6      	; 0x27c <_fpadd_parts+0x192>
     276:	ee 24       	eor	r14, r14
     278:	ff 24       	eor	r15, r15
     27a:	87 01       	movw	r16, r14
     27c:	11 96       	adiw	r26, 0x01	; 1
     27e:	9c 91       	ld	r25, X
     280:	d2 01       	movw	r26, r4
     282:	11 96       	adiw	r26, 0x01	; 1
     284:	8c 91       	ld	r24, X
     286:	98 17       	cp	r25, r24
     288:	09 f4       	brne	.+2      	; 0x28c <_fpadd_parts+0x1a2>
     28a:	45 c0       	rjmp	.+138    	; 0x316 <_fpadd_parts+0x22c>
     28c:	99 23       	and	r25, r25
     28e:	39 f0       	breq	.+14     	; 0x29e <_fpadd_parts+0x1b4>
     290:	a8 01       	movw	r20, r16
     292:	97 01       	movw	r18, r14
     294:	2a 19       	sub	r18, r10
     296:	3b 09       	sbc	r19, r11
     298:	4c 09       	sbc	r20, r12
     29a:	5d 09       	sbc	r21, r13
     29c:	06 c0       	rjmp	.+12     	; 0x2aa <_fpadd_parts+0x1c0>
     29e:	a6 01       	movw	r20, r12
     2a0:	95 01       	movw	r18, r10
     2a2:	2e 19       	sub	r18, r14
     2a4:	3f 09       	sbc	r19, r15
     2a6:	40 0b       	sbc	r20, r16
     2a8:	51 0b       	sbc	r21, r17
     2aa:	57 fd       	sbrc	r21, 7
     2ac:	08 c0       	rjmp	.+16     	; 0x2be <_fpadd_parts+0x1d4>
     2ae:	11 82       	std	Z+1, r1	; 0x01
     2b0:	33 82       	std	Z+3, r3	; 0x03
     2b2:	22 82       	std	Z+2, r2	; 0x02
     2b4:	24 83       	std	Z+4, r18	; 0x04
     2b6:	35 83       	std	Z+5, r19	; 0x05
     2b8:	46 83       	std	Z+6, r20	; 0x06
     2ba:	57 83       	std	Z+7, r21	; 0x07
     2bc:	1d c0       	rjmp	.+58     	; 0x2f8 <_fpadd_parts+0x20e>
     2be:	81 e0       	ldi	r24, 0x01	; 1
     2c0:	81 83       	std	Z+1, r24	; 0x01
     2c2:	33 82       	std	Z+3, r3	; 0x03
     2c4:	22 82       	std	Z+2, r2	; 0x02
     2c6:	88 27       	eor	r24, r24
     2c8:	99 27       	eor	r25, r25
     2ca:	dc 01       	movw	r26, r24
     2cc:	82 1b       	sub	r24, r18
     2ce:	93 0b       	sbc	r25, r19
     2d0:	a4 0b       	sbc	r26, r20
     2d2:	b5 0b       	sbc	r27, r21
     2d4:	84 83       	std	Z+4, r24	; 0x04
     2d6:	95 83       	std	Z+5, r25	; 0x05
     2d8:	a6 83       	std	Z+6, r26	; 0x06
     2da:	b7 83       	std	Z+7, r27	; 0x07
     2dc:	0d c0       	rjmp	.+26     	; 0x2f8 <_fpadd_parts+0x20e>
     2de:	22 0f       	add	r18, r18
     2e0:	33 1f       	adc	r19, r19
     2e2:	44 1f       	adc	r20, r20
     2e4:	55 1f       	adc	r21, r21
     2e6:	24 83       	std	Z+4, r18	; 0x04
     2e8:	35 83       	std	Z+5, r19	; 0x05
     2ea:	46 83       	std	Z+6, r20	; 0x06
     2ec:	57 83       	std	Z+7, r21	; 0x07
     2ee:	82 81       	ldd	r24, Z+2	; 0x02
     2f0:	93 81       	ldd	r25, Z+3	; 0x03
     2f2:	01 97       	sbiw	r24, 0x01	; 1
     2f4:	93 83       	std	Z+3, r25	; 0x03
     2f6:	82 83       	std	Z+2, r24	; 0x02
     2f8:	24 81       	ldd	r18, Z+4	; 0x04
     2fa:	35 81       	ldd	r19, Z+5	; 0x05
     2fc:	46 81       	ldd	r20, Z+6	; 0x06
     2fe:	57 81       	ldd	r21, Z+7	; 0x07
     300:	da 01       	movw	r26, r20
     302:	c9 01       	movw	r24, r18
     304:	01 97       	sbiw	r24, 0x01	; 1
     306:	a1 09       	sbc	r26, r1
     308:	b1 09       	sbc	r27, r1
     30a:	8f 5f       	subi	r24, 0xFF	; 255
     30c:	9f 4f       	sbci	r25, 0xFF	; 255
     30e:	af 4f       	sbci	r26, 0xFF	; 255
     310:	bf 43       	sbci	r27, 0x3F	; 63
     312:	28 f3       	brcs	.-54     	; 0x2de <_fpadd_parts+0x1f4>
     314:	0b c0       	rjmp	.+22     	; 0x32c <_fpadd_parts+0x242>
     316:	91 83       	std	Z+1, r25	; 0x01
     318:	33 82       	std	Z+3, r3	; 0x03
     31a:	22 82       	std	Z+2, r2	; 0x02
     31c:	ea 0c       	add	r14, r10
     31e:	fb 1c       	adc	r15, r11
     320:	0c 1d       	adc	r16, r12
     322:	1d 1d       	adc	r17, r13
     324:	e4 82       	std	Z+4, r14	; 0x04
     326:	f5 82       	std	Z+5, r15	; 0x05
     328:	06 83       	std	Z+6, r16	; 0x06
     32a:	17 83       	std	Z+7, r17	; 0x07
     32c:	83 e0       	ldi	r24, 0x03	; 3
     32e:	80 83       	st	Z, r24
     330:	24 81       	ldd	r18, Z+4	; 0x04
     332:	35 81       	ldd	r19, Z+5	; 0x05
     334:	46 81       	ldd	r20, Z+6	; 0x06
     336:	57 81       	ldd	r21, Z+7	; 0x07
     338:	57 ff       	sbrs	r21, 7
     33a:	1a c0       	rjmp	.+52     	; 0x370 <_fpadd_parts+0x286>
     33c:	c9 01       	movw	r24, r18
     33e:	aa 27       	eor	r26, r26
     340:	97 fd       	sbrc	r25, 7
     342:	a0 95       	com	r26
     344:	ba 2f       	mov	r27, r26
     346:	81 70       	andi	r24, 0x01	; 1
     348:	90 70       	andi	r25, 0x00	; 0
     34a:	a0 70       	andi	r26, 0x00	; 0
     34c:	b0 70       	andi	r27, 0x00	; 0
     34e:	56 95       	lsr	r21
     350:	47 95       	ror	r20
     352:	37 95       	ror	r19
     354:	27 95       	ror	r18
     356:	82 2b       	or	r24, r18
     358:	93 2b       	or	r25, r19
     35a:	a4 2b       	or	r26, r20
     35c:	b5 2b       	or	r27, r21
     35e:	84 83       	std	Z+4, r24	; 0x04
     360:	95 83       	std	Z+5, r25	; 0x05
     362:	a6 83       	std	Z+6, r26	; 0x06
     364:	b7 83       	std	Z+7, r27	; 0x07
     366:	82 81       	ldd	r24, Z+2	; 0x02
     368:	93 81       	ldd	r25, Z+3	; 0x03
     36a:	01 96       	adiw	r24, 0x01	; 1
     36c:	93 83       	std	Z+3, r25	; 0x03
     36e:	82 83       	std	Z+2, r24	; 0x02
     370:	df 01       	movw	r26, r30
     372:	01 c0       	rjmp	.+2      	; 0x376 <_fpadd_parts+0x28c>
     374:	d2 01       	movw	r26, r4
     376:	cd 01       	movw	r24, r26
     378:	cd b7       	in	r28, 0x3d	; 61
     37a:	de b7       	in	r29, 0x3e	; 62
     37c:	e2 e1       	ldi	r30, 0x12	; 18
     37e:	0c 94 6c 1b 	jmp	0x36d8	; 0x36d8 <__epilogue_restores__>

00000382 <__subsf3>:
     382:	a0 e2       	ldi	r26, 0x20	; 32
     384:	b0 e0       	ldi	r27, 0x00	; 0
     386:	e7 ec       	ldi	r30, 0xC7	; 199
     388:	f1 e0       	ldi	r31, 0x01	; 1
     38a:	0c 94 5c 1b 	jmp	0x36b8	; 0x36b8 <__prologue_saves__+0x18>
     38e:	69 83       	std	Y+1, r22	; 0x01
     390:	7a 83       	std	Y+2, r23	; 0x02
     392:	8b 83       	std	Y+3, r24	; 0x03
     394:	9c 83       	std	Y+4, r25	; 0x04
     396:	2d 83       	std	Y+5, r18	; 0x05
     398:	3e 83       	std	Y+6, r19	; 0x06
     39a:	4f 83       	std	Y+7, r20	; 0x07
     39c:	58 87       	std	Y+8, r21	; 0x08
     39e:	e9 e0       	ldi	r30, 0x09	; 9
     3a0:	ee 2e       	mov	r14, r30
     3a2:	f1 2c       	mov	r15, r1
     3a4:	ec 0e       	add	r14, r28
     3a6:	fd 1e       	adc	r15, r29
     3a8:	ce 01       	movw	r24, r28
     3aa:	01 96       	adiw	r24, 0x01	; 1
     3ac:	b7 01       	movw	r22, r14
     3ae:	0e 94 7e 05 	call	0xafc	; 0xafc <__unpack_f>
     3b2:	8e 01       	movw	r16, r28
     3b4:	0f 5e       	subi	r16, 0xEF	; 239
     3b6:	1f 4f       	sbci	r17, 0xFF	; 255
     3b8:	ce 01       	movw	r24, r28
     3ba:	05 96       	adiw	r24, 0x05	; 5
     3bc:	b8 01       	movw	r22, r16
     3be:	0e 94 7e 05 	call	0xafc	; 0xafc <__unpack_f>
     3c2:	8a 89       	ldd	r24, Y+18	; 0x12
     3c4:	91 e0       	ldi	r25, 0x01	; 1
     3c6:	89 27       	eor	r24, r25
     3c8:	8a 8b       	std	Y+18, r24	; 0x12
     3ca:	c7 01       	movw	r24, r14
     3cc:	b8 01       	movw	r22, r16
     3ce:	ae 01       	movw	r20, r28
     3d0:	47 5e       	subi	r20, 0xE7	; 231
     3d2:	5f 4f       	sbci	r21, 0xFF	; 255
     3d4:	0e 94 75 00 	call	0xea	; 0xea <_fpadd_parts>
     3d8:	0e 94 a9 04 	call	0x952	; 0x952 <__pack_f>
     3dc:	a0 96       	adiw	r28, 0x20	; 32
     3de:	e6 e0       	ldi	r30, 0x06	; 6
     3e0:	0c 94 78 1b 	jmp	0x36f0	; 0x36f0 <__epilogue_restores__+0x18>

000003e4 <__addsf3>:
     3e4:	a0 e2       	ldi	r26, 0x20	; 32
     3e6:	b0 e0       	ldi	r27, 0x00	; 0
     3e8:	e8 ef       	ldi	r30, 0xF8	; 248
     3ea:	f1 e0       	ldi	r31, 0x01	; 1
     3ec:	0c 94 5c 1b 	jmp	0x36b8	; 0x36b8 <__prologue_saves__+0x18>
     3f0:	69 83       	std	Y+1, r22	; 0x01
     3f2:	7a 83       	std	Y+2, r23	; 0x02
     3f4:	8b 83       	std	Y+3, r24	; 0x03
     3f6:	9c 83       	std	Y+4, r25	; 0x04
     3f8:	2d 83       	std	Y+5, r18	; 0x05
     3fa:	3e 83       	std	Y+6, r19	; 0x06
     3fc:	4f 83       	std	Y+7, r20	; 0x07
     3fe:	58 87       	std	Y+8, r21	; 0x08
     400:	f9 e0       	ldi	r31, 0x09	; 9
     402:	ef 2e       	mov	r14, r31
     404:	f1 2c       	mov	r15, r1
     406:	ec 0e       	add	r14, r28
     408:	fd 1e       	adc	r15, r29
     40a:	ce 01       	movw	r24, r28
     40c:	01 96       	adiw	r24, 0x01	; 1
     40e:	b7 01       	movw	r22, r14
     410:	0e 94 7e 05 	call	0xafc	; 0xafc <__unpack_f>
     414:	8e 01       	movw	r16, r28
     416:	0f 5e       	subi	r16, 0xEF	; 239
     418:	1f 4f       	sbci	r17, 0xFF	; 255
     41a:	ce 01       	movw	r24, r28
     41c:	05 96       	adiw	r24, 0x05	; 5
     41e:	b8 01       	movw	r22, r16
     420:	0e 94 7e 05 	call	0xafc	; 0xafc <__unpack_f>
     424:	c7 01       	movw	r24, r14
     426:	b8 01       	movw	r22, r16
     428:	ae 01       	movw	r20, r28
     42a:	47 5e       	subi	r20, 0xE7	; 231
     42c:	5f 4f       	sbci	r21, 0xFF	; 255
     42e:	0e 94 75 00 	call	0xea	; 0xea <_fpadd_parts>
     432:	0e 94 a9 04 	call	0x952	; 0x952 <__pack_f>
     436:	a0 96       	adiw	r28, 0x20	; 32
     438:	e6 e0       	ldi	r30, 0x06	; 6
     43a:	0c 94 78 1b 	jmp	0x36f0	; 0x36f0 <__epilogue_restores__+0x18>

0000043e <__mulsf3>:
     43e:	a0 e2       	ldi	r26, 0x20	; 32
     440:	b0 e0       	ldi	r27, 0x00	; 0
     442:	e5 e2       	ldi	r30, 0x25	; 37
     444:	f2 e0       	ldi	r31, 0x02	; 2
     446:	0c 94 50 1b 	jmp	0x36a0	; 0x36a0 <__prologue_saves__>
     44a:	69 83       	std	Y+1, r22	; 0x01
     44c:	7a 83       	std	Y+2, r23	; 0x02
     44e:	8b 83       	std	Y+3, r24	; 0x03
     450:	9c 83       	std	Y+4, r25	; 0x04
     452:	2d 83       	std	Y+5, r18	; 0x05
     454:	3e 83       	std	Y+6, r19	; 0x06
     456:	4f 83       	std	Y+7, r20	; 0x07
     458:	58 87       	std	Y+8, r21	; 0x08
     45a:	ce 01       	movw	r24, r28
     45c:	01 96       	adiw	r24, 0x01	; 1
     45e:	be 01       	movw	r22, r28
     460:	67 5f       	subi	r22, 0xF7	; 247
     462:	7f 4f       	sbci	r23, 0xFF	; 255
     464:	0e 94 7e 05 	call	0xafc	; 0xafc <__unpack_f>
     468:	ce 01       	movw	r24, r28
     46a:	05 96       	adiw	r24, 0x05	; 5
     46c:	be 01       	movw	r22, r28
     46e:	6f 5e       	subi	r22, 0xEF	; 239
     470:	7f 4f       	sbci	r23, 0xFF	; 255
     472:	0e 94 7e 05 	call	0xafc	; 0xafc <__unpack_f>
     476:	99 85       	ldd	r25, Y+9	; 0x09
     478:	92 30       	cpi	r25, 0x02	; 2
     47a:	88 f0       	brcs	.+34     	; 0x49e <__mulsf3+0x60>
     47c:	89 89       	ldd	r24, Y+17	; 0x11
     47e:	82 30       	cpi	r24, 0x02	; 2
     480:	c8 f0       	brcs	.+50     	; 0x4b4 <__mulsf3+0x76>
     482:	94 30       	cpi	r25, 0x04	; 4
     484:	19 f4       	brne	.+6      	; 0x48c <__mulsf3+0x4e>
     486:	82 30       	cpi	r24, 0x02	; 2
     488:	51 f4       	brne	.+20     	; 0x49e <__mulsf3+0x60>
     48a:	04 c0       	rjmp	.+8      	; 0x494 <__mulsf3+0x56>
     48c:	84 30       	cpi	r24, 0x04	; 4
     48e:	29 f4       	brne	.+10     	; 0x49a <__mulsf3+0x5c>
     490:	92 30       	cpi	r25, 0x02	; 2
     492:	81 f4       	brne	.+32     	; 0x4b4 <__mulsf3+0x76>
     494:	85 e6       	ldi	r24, 0x65	; 101
     496:	91 e0       	ldi	r25, 0x01	; 1
     498:	c6 c0       	rjmp	.+396    	; 0x626 <__mulsf3+0x1e8>
     49a:	92 30       	cpi	r25, 0x02	; 2
     49c:	49 f4       	brne	.+18     	; 0x4b0 <__mulsf3+0x72>
     49e:	20 e0       	ldi	r18, 0x00	; 0
     4a0:	9a 85       	ldd	r25, Y+10	; 0x0a
     4a2:	8a 89       	ldd	r24, Y+18	; 0x12
     4a4:	98 13       	cpse	r25, r24
     4a6:	21 e0       	ldi	r18, 0x01	; 1
     4a8:	2a 87       	std	Y+10, r18	; 0x0a
     4aa:	ce 01       	movw	r24, r28
     4ac:	09 96       	adiw	r24, 0x09	; 9
     4ae:	bb c0       	rjmp	.+374    	; 0x626 <__mulsf3+0x1e8>
     4b0:	82 30       	cpi	r24, 0x02	; 2
     4b2:	49 f4       	brne	.+18     	; 0x4c6 <__mulsf3+0x88>
     4b4:	20 e0       	ldi	r18, 0x00	; 0
     4b6:	9a 85       	ldd	r25, Y+10	; 0x0a
     4b8:	8a 89       	ldd	r24, Y+18	; 0x12
     4ba:	98 13       	cpse	r25, r24
     4bc:	21 e0       	ldi	r18, 0x01	; 1
     4be:	2a 8b       	std	Y+18, r18	; 0x12
     4c0:	ce 01       	movw	r24, r28
     4c2:	41 96       	adiw	r24, 0x11	; 17
     4c4:	b0 c0       	rjmp	.+352    	; 0x626 <__mulsf3+0x1e8>
     4c6:	2d 84       	ldd	r2, Y+13	; 0x0d
     4c8:	3e 84       	ldd	r3, Y+14	; 0x0e
     4ca:	4f 84       	ldd	r4, Y+15	; 0x0f
     4cc:	58 88       	ldd	r5, Y+16	; 0x10
     4ce:	6d 88       	ldd	r6, Y+21	; 0x15
     4d0:	7e 88       	ldd	r7, Y+22	; 0x16
     4d2:	8f 88       	ldd	r8, Y+23	; 0x17
     4d4:	98 8c       	ldd	r9, Y+24	; 0x18
     4d6:	ee 24       	eor	r14, r14
     4d8:	ff 24       	eor	r15, r15
     4da:	87 01       	movw	r16, r14
     4dc:	aa 24       	eor	r10, r10
     4de:	bb 24       	eor	r11, r11
     4e0:	65 01       	movw	r12, r10
     4e2:	40 e0       	ldi	r20, 0x00	; 0
     4e4:	50 e0       	ldi	r21, 0x00	; 0
     4e6:	60 e0       	ldi	r22, 0x00	; 0
     4e8:	70 e0       	ldi	r23, 0x00	; 0
     4ea:	e0 e0       	ldi	r30, 0x00	; 0
     4ec:	f0 e0       	ldi	r31, 0x00	; 0
     4ee:	c1 01       	movw	r24, r2
     4f0:	81 70       	andi	r24, 0x01	; 1
     4f2:	90 70       	andi	r25, 0x00	; 0
     4f4:	89 2b       	or	r24, r25
     4f6:	e9 f0       	breq	.+58     	; 0x532 <__mulsf3+0xf4>
     4f8:	e6 0c       	add	r14, r6
     4fa:	f7 1c       	adc	r15, r7
     4fc:	08 1d       	adc	r16, r8
     4fe:	19 1d       	adc	r17, r9
     500:	9a 01       	movw	r18, r20
     502:	ab 01       	movw	r20, r22
     504:	2a 0d       	add	r18, r10
     506:	3b 1d       	adc	r19, r11
     508:	4c 1d       	adc	r20, r12
     50a:	5d 1d       	adc	r21, r13
     50c:	80 e0       	ldi	r24, 0x00	; 0
     50e:	90 e0       	ldi	r25, 0x00	; 0
     510:	a0 e0       	ldi	r26, 0x00	; 0
     512:	b0 e0       	ldi	r27, 0x00	; 0
     514:	e6 14       	cp	r14, r6
     516:	f7 04       	cpc	r15, r7
     518:	08 05       	cpc	r16, r8
     51a:	19 05       	cpc	r17, r9
     51c:	20 f4       	brcc	.+8      	; 0x526 <__mulsf3+0xe8>
     51e:	81 e0       	ldi	r24, 0x01	; 1
     520:	90 e0       	ldi	r25, 0x00	; 0
     522:	a0 e0       	ldi	r26, 0x00	; 0
     524:	b0 e0       	ldi	r27, 0x00	; 0
     526:	ba 01       	movw	r22, r20
     528:	a9 01       	movw	r20, r18
     52a:	48 0f       	add	r20, r24
     52c:	59 1f       	adc	r21, r25
     52e:	6a 1f       	adc	r22, r26
     530:	7b 1f       	adc	r23, r27
     532:	aa 0c       	add	r10, r10
     534:	bb 1c       	adc	r11, r11
     536:	cc 1c       	adc	r12, r12
     538:	dd 1c       	adc	r13, r13
     53a:	97 fe       	sbrs	r9, 7
     53c:	08 c0       	rjmp	.+16     	; 0x54e <__mulsf3+0x110>
     53e:	81 e0       	ldi	r24, 0x01	; 1
     540:	90 e0       	ldi	r25, 0x00	; 0
     542:	a0 e0       	ldi	r26, 0x00	; 0
     544:	b0 e0       	ldi	r27, 0x00	; 0
     546:	a8 2a       	or	r10, r24
     548:	b9 2a       	or	r11, r25
     54a:	ca 2a       	or	r12, r26
     54c:	db 2a       	or	r13, r27
     54e:	31 96       	adiw	r30, 0x01	; 1
     550:	e0 32       	cpi	r30, 0x20	; 32
     552:	f1 05       	cpc	r31, r1
     554:	49 f0       	breq	.+18     	; 0x568 <__mulsf3+0x12a>
     556:	66 0c       	add	r6, r6
     558:	77 1c       	adc	r7, r7
     55a:	88 1c       	adc	r8, r8
     55c:	99 1c       	adc	r9, r9
     55e:	56 94       	lsr	r5
     560:	47 94       	ror	r4
     562:	37 94       	ror	r3
     564:	27 94       	ror	r2
     566:	c3 cf       	rjmp	.-122    	; 0x4ee <__mulsf3+0xb0>
     568:	fa 85       	ldd	r31, Y+10	; 0x0a
     56a:	ea 89       	ldd	r30, Y+18	; 0x12
     56c:	2b 89       	ldd	r18, Y+19	; 0x13
     56e:	3c 89       	ldd	r19, Y+20	; 0x14
     570:	8b 85       	ldd	r24, Y+11	; 0x0b
     572:	9c 85       	ldd	r25, Y+12	; 0x0c
     574:	28 0f       	add	r18, r24
     576:	39 1f       	adc	r19, r25
     578:	2e 5f       	subi	r18, 0xFE	; 254
     57a:	3f 4f       	sbci	r19, 0xFF	; 255
     57c:	17 c0       	rjmp	.+46     	; 0x5ac <__mulsf3+0x16e>
     57e:	ca 01       	movw	r24, r20
     580:	81 70       	andi	r24, 0x01	; 1
     582:	90 70       	andi	r25, 0x00	; 0
     584:	89 2b       	or	r24, r25
     586:	61 f0       	breq	.+24     	; 0x5a0 <__mulsf3+0x162>
     588:	16 95       	lsr	r17
     58a:	07 95       	ror	r16
     58c:	f7 94       	ror	r15
     58e:	e7 94       	ror	r14
     590:	80 e0       	ldi	r24, 0x00	; 0
     592:	90 e0       	ldi	r25, 0x00	; 0
     594:	a0 e0       	ldi	r26, 0x00	; 0
     596:	b0 e8       	ldi	r27, 0x80	; 128
     598:	e8 2a       	or	r14, r24
     59a:	f9 2a       	or	r15, r25
     59c:	0a 2b       	or	r16, r26
     59e:	1b 2b       	or	r17, r27
     5a0:	76 95       	lsr	r23
     5a2:	67 95       	ror	r22
     5a4:	57 95       	ror	r21
     5a6:	47 95       	ror	r20
     5a8:	2f 5f       	subi	r18, 0xFF	; 255
     5aa:	3f 4f       	sbci	r19, 0xFF	; 255
     5ac:	77 fd       	sbrc	r23, 7
     5ae:	e7 cf       	rjmp	.-50     	; 0x57e <__mulsf3+0x140>
     5b0:	0c c0       	rjmp	.+24     	; 0x5ca <__mulsf3+0x18c>
     5b2:	44 0f       	add	r20, r20
     5b4:	55 1f       	adc	r21, r21
     5b6:	66 1f       	adc	r22, r22
     5b8:	77 1f       	adc	r23, r23
     5ba:	17 fd       	sbrc	r17, 7
     5bc:	41 60       	ori	r20, 0x01	; 1
     5be:	ee 0c       	add	r14, r14
     5c0:	ff 1c       	adc	r15, r15
     5c2:	00 1f       	adc	r16, r16
     5c4:	11 1f       	adc	r17, r17
     5c6:	21 50       	subi	r18, 0x01	; 1
     5c8:	30 40       	sbci	r19, 0x00	; 0
     5ca:	40 30       	cpi	r20, 0x00	; 0
     5cc:	90 e0       	ldi	r25, 0x00	; 0
     5ce:	59 07       	cpc	r21, r25
     5d0:	90 e0       	ldi	r25, 0x00	; 0
     5d2:	69 07       	cpc	r22, r25
     5d4:	90 e4       	ldi	r25, 0x40	; 64
     5d6:	79 07       	cpc	r23, r25
     5d8:	60 f3       	brcs	.-40     	; 0x5b2 <__mulsf3+0x174>
     5da:	2b 8f       	std	Y+27, r18	; 0x1b
     5dc:	3c 8f       	std	Y+28, r19	; 0x1c
     5de:	db 01       	movw	r26, r22
     5e0:	ca 01       	movw	r24, r20
     5e2:	8f 77       	andi	r24, 0x7F	; 127
     5e4:	90 70       	andi	r25, 0x00	; 0
     5e6:	a0 70       	andi	r26, 0x00	; 0
     5e8:	b0 70       	andi	r27, 0x00	; 0
     5ea:	80 34       	cpi	r24, 0x40	; 64
     5ec:	91 05       	cpc	r25, r1
     5ee:	a1 05       	cpc	r26, r1
     5f0:	b1 05       	cpc	r27, r1
     5f2:	61 f4       	brne	.+24     	; 0x60c <__mulsf3+0x1ce>
     5f4:	47 fd       	sbrc	r20, 7
     5f6:	0a c0       	rjmp	.+20     	; 0x60c <__mulsf3+0x1ce>
     5f8:	e1 14       	cp	r14, r1
     5fa:	f1 04       	cpc	r15, r1
     5fc:	01 05       	cpc	r16, r1
     5fe:	11 05       	cpc	r17, r1
     600:	29 f0       	breq	.+10     	; 0x60c <__mulsf3+0x1ce>
     602:	40 5c       	subi	r20, 0xC0	; 192
     604:	5f 4f       	sbci	r21, 0xFF	; 255
     606:	6f 4f       	sbci	r22, 0xFF	; 255
     608:	7f 4f       	sbci	r23, 0xFF	; 255
     60a:	40 78       	andi	r20, 0x80	; 128
     60c:	1a 8e       	std	Y+26, r1	; 0x1a
     60e:	fe 17       	cp	r31, r30
     610:	11 f0       	breq	.+4      	; 0x616 <__mulsf3+0x1d8>
     612:	81 e0       	ldi	r24, 0x01	; 1
     614:	8a 8f       	std	Y+26, r24	; 0x1a
     616:	4d 8f       	std	Y+29, r20	; 0x1d
     618:	5e 8f       	std	Y+30, r21	; 0x1e
     61a:	6f 8f       	std	Y+31, r22	; 0x1f
     61c:	78 a3       	std	Y+32, r23	; 0x20
     61e:	83 e0       	ldi	r24, 0x03	; 3
     620:	89 8f       	std	Y+25, r24	; 0x19
     622:	ce 01       	movw	r24, r28
     624:	49 96       	adiw	r24, 0x19	; 25
     626:	0e 94 a9 04 	call	0x952	; 0x952 <__pack_f>
     62a:	a0 96       	adiw	r28, 0x20	; 32
     62c:	e2 e1       	ldi	r30, 0x12	; 18
     62e:	0c 94 6c 1b 	jmp	0x36d8	; 0x36d8 <__epilogue_restores__>

00000632 <__divsf3>:
     632:	a8 e1       	ldi	r26, 0x18	; 24
     634:	b0 e0       	ldi	r27, 0x00	; 0
     636:	ef e1       	ldi	r30, 0x1F	; 31
     638:	f3 e0       	ldi	r31, 0x03	; 3
     63a:	0c 94 58 1b 	jmp	0x36b0	; 0x36b0 <__prologue_saves__+0x10>
     63e:	69 83       	std	Y+1, r22	; 0x01
     640:	7a 83       	std	Y+2, r23	; 0x02
     642:	8b 83       	std	Y+3, r24	; 0x03
     644:	9c 83       	std	Y+4, r25	; 0x04
     646:	2d 83       	std	Y+5, r18	; 0x05
     648:	3e 83       	std	Y+6, r19	; 0x06
     64a:	4f 83       	std	Y+7, r20	; 0x07
     64c:	58 87       	std	Y+8, r21	; 0x08
     64e:	b9 e0       	ldi	r27, 0x09	; 9
     650:	eb 2e       	mov	r14, r27
     652:	f1 2c       	mov	r15, r1
     654:	ec 0e       	add	r14, r28
     656:	fd 1e       	adc	r15, r29
     658:	ce 01       	movw	r24, r28
     65a:	01 96       	adiw	r24, 0x01	; 1
     65c:	b7 01       	movw	r22, r14
     65e:	0e 94 7e 05 	call	0xafc	; 0xafc <__unpack_f>
     662:	8e 01       	movw	r16, r28
     664:	0f 5e       	subi	r16, 0xEF	; 239
     666:	1f 4f       	sbci	r17, 0xFF	; 255
     668:	ce 01       	movw	r24, r28
     66a:	05 96       	adiw	r24, 0x05	; 5
     66c:	b8 01       	movw	r22, r16
     66e:	0e 94 7e 05 	call	0xafc	; 0xafc <__unpack_f>
     672:	29 85       	ldd	r18, Y+9	; 0x09
     674:	22 30       	cpi	r18, 0x02	; 2
     676:	08 f4       	brcc	.+2      	; 0x67a <__divsf3+0x48>
     678:	7e c0       	rjmp	.+252    	; 0x776 <__divsf3+0x144>
     67a:	39 89       	ldd	r19, Y+17	; 0x11
     67c:	32 30       	cpi	r19, 0x02	; 2
     67e:	10 f4       	brcc	.+4      	; 0x684 <__divsf3+0x52>
     680:	b8 01       	movw	r22, r16
     682:	7c c0       	rjmp	.+248    	; 0x77c <__divsf3+0x14a>
     684:	8a 85       	ldd	r24, Y+10	; 0x0a
     686:	9a 89       	ldd	r25, Y+18	; 0x12
     688:	89 27       	eor	r24, r25
     68a:	8a 87       	std	Y+10, r24	; 0x0a
     68c:	24 30       	cpi	r18, 0x04	; 4
     68e:	11 f0       	breq	.+4      	; 0x694 <__divsf3+0x62>
     690:	22 30       	cpi	r18, 0x02	; 2
     692:	31 f4       	brne	.+12     	; 0x6a0 <__divsf3+0x6e>
     694:	23 17       	cp	r18, r19
     696:	09 f0       	breq	.+2      	; 0x69a <__divsf3+0x68>
     698:	6e c0       	rjmp	.+220    	; 0x776 <__divsf3+0x144>
     69a:	65 e6       	ldi	r22, 0x65	; 101
     69c:	71 e0       	ldi	r23, 0x01	; 1
     69e:	6e c0       	rjmp	.+220    	; 0x77c <__divsf3+0x14a>
     6a0:	34 30       	cpi	r19, 0x04	; 4
     6a2:	39 f4       	brne	.+14     	; 0x6b2 <__divsf3+0x80>
     6a4:	1d 86       	std	Y+13, r1	; 0x0d
     6a6:	1e 86       	std	Y+14, r1	; 0x0e
     6a8:	1f 86       	std	Y+15, r1	; 0x0f
     6aa:	18 8a       	std	Y+16, r1	; 0x10
     6ac:	1c 86       	std	Y+12, r1	; 0x0c
     6ae:	1b 86       	std	Y+11, r1	; 0x0b
     6b0:	04 c0       	rjmp	.+8      	; 0x6ba <__divsf3+0x88>
     6b2:	32 30       	cpi	r19, 0x02	; 2
     6b4:	21 f4       	brne	.+8      	; 0x6be <__divsf3+0x8c>
     6b6:	84 e0       	ldi	r24, 0x04	; 4
     6b8:	89 87       	std	Y+9, r24	; 0x09
     6ba:	b7 01       	movw	r22, r14
     6bc:	5f c0       	rjmp	.+190    	; 0x77c <__divsf3+0x14a>
     6be:	2b 85       	ldd	r18, Y+11	; 0x0b
     6c0:	3c 85       	ldd	r19, Y+12	; 0x0c
     6c2:	8b 89       	ldd	r24, Y+19	; 0x13
     6c4:	9c 89       	ldd	r25, Y+20	; 0x14
     6c6:	28 1b       	sub	r18, r24
     6c8:	39 0b       	sbc	r19, r25
     6ca:	3c 87       	std	Y+12, r19	; 0x0c
     6cc:	2b 87       	std	Y+11, r18	; 0x0b
     6ce:	ed 84       	ldd	r14, Y+13	; 0x0d
     6d0:	fe 84       	ldd	r15, Y+14	; 0x0e
     6d2:	0f 85       	ldd	r16, Y+15	; 0x0f
     6d4:	18 89       	ldd	r17, Y+16	; 0x10
     6d6:	ad 88       	ldd	r10, Y+21	; 0x15
     6d8:	be 88       	ldd	r11, Y+22	; 0x16
     6da:	cf 88       	ldd	r12, Y+23	; 0x17
     6dc:	d8 8c       	ldd	r13, Y+24	; 0x18
     6de:	ea 14       	cp	r14, r10
     6e0:	fb 04       	cpc	r15, r11
     6e2:	0c 05       	cpc	r16, r12
     6e4:	1d 05       	cpc	r17, r13
     6e6:	40 f4       	brcc	.+16     	; 0x6f8 <__divsf3+0xc6>
     6e8:	ee 0c       	add	r14, r14
     6ea:	ff 1c       	adc	r15, r15
     6ec:	00 1f       	adc	r16, r16
     6ee:	11 1f       	adc	r17, r17
     6f0:	21 50       	subi	r18, 0x01	; 1
     6f2:	30 40       	sbci	r19, 0x00	; 0
     6f4:	3c 87       	std	Y+12, r19	; 0x0c
     6f6:	2b 87       	std	Y+11, r18	; 0x0b
     6f8:	20 e0       	ldi	r18, 0x00	; 0
     6fa:	30 e0       	ldi	r19, 0x00	; 0
     6fc:	40 e0       	ldi	r20, 0x00	; 0
     6fe:	50 e0       	ldi	r21, 0x00	; 0
     700:	80 e0       	ldi	r24, 0x00	; 0
     702:	90 e0       	ldi	r25, 0x00	; 0
     704:	a0 e0       	ldi	r26, 0x00	; 0
     706:	b0 e4       	ldi	r27, 0x40	; 64
     708:	60 e0       	ldi	r22, 0x00	; 0
     70a:	70 e0       	ldi	r23, 0x00	; 0
     70c:	ea 14       	cp	r14, r10
     70e:	fb 04       	cpc	r15, r11
     710:	0c 05       	cpc	r16, r12
     712:	1d 05       	cpc	r17, r13
     714:	40 f0       	brcs	.+16     	; 0x726 <__divsf3+0xf4>
     716:	28 2b       	or	r18, r24
     718:	39 2b       	or	r19, r25
     71a:	4a 2b       	or	r20, r26
     71c:	5b 2b       	or	r21, r27
     71e:	ea 18       	sub	r14, r10
     720:	fb 08       	sbc	r15, r11
     722:	0c 09       	sbc	r16, r12
     724:	1d 09       	sbc	r17, r13
     726:	b6 95       	lsr	r27
     728:	a7 95       	ror	r26
     72a:	97 95       	ror	r25
     72c:	87 95       	ror	r24
     72e:	ee 0c       	add	r14, r14
     730:	ff 1c       	adc	r15, r15
     732:	00 1f       	adc	r16, r16
     734:	11 1f       	adc	r17, r17
     736:	6f 5f       	subi	r22, 0xFF	; 255
     738:	7f 4f       	sbci	r23, 0xFF	; 255
     73a:	6f 31       	cpi	r22, 0x1F	; 31
     73c:	71 05       	cpc	r23, r1
     73e:	31 f7       	brne	.-52     	; 0x70c <__divsf3+0xda>
     740:	da 01       	movw	r26, r20
     742:	c9 01       	movw	r24, r18
     744:	8f 77       	andi	r24, 0x7F	; 127
     746:	90 70       	andi	r25, 0x00	; 0
     748:	a0 70       	andi	r26, 0x00	; 0
     74a:	b0 70       	andi	r27, 0x00	; 0
     74c:	80 34       	cpi	r24, 0x40	; 64
     74e:	91 05       	cpc	r25, r1
     750:	a1 05       	cpc	r26, r1
     752:	b1 05       	cpc	r27, r1
     754:	61 f4       	brne	.+24     	; 0x76e <__divsf3+0x13c>
     756:	27 fd       	sbrc	r18, 7
     758:	0a c0       	rjmp	.+20     	; 0x76e <__divsf3+0x13c>
     75a:	e1 14       	cp	r14, r1
     75c:	f1 04       	cpc	r15, r1
     75e:	01 05       	cpc	r16, r1
     760:	11 05       	cpc	r17, r1
     762:	29 f0       	breq	.+10     	; 0x76e <__divsf3+0x13c>
     764:	20 5c       	subi	r18, 0xC0	; 192
     766:	3f 4f       	sbci	r19, 0xFF	; 255
     768:	4f 4f       	sbci	r20, 0xFF	; 255
     76a:	5f 4f       	sbci	r21, 0xFF	; 255
     76c:	20 78       	andi	r18, 0x80	; 128
     76e:	2d 87       	std	Y+13, r18	; 0x0d
     770:	3e 87       	std	Y+14, r19	; 0x0e
     772:	4f 87       	std	Y+15, r20	; 0x0f
     774:	58 8b       	std	Y+16, r21	; 0x10
     776:	be 01       	movw	r22, r28
     778:	67 5f       	subi	r22, 0xF7	; 247
     77a:	7f 4f       	sbci	r23, 0xFF	; 255
     77c:	cb 01       	movw	r24, r22
     77e:	0e 94 a9 04 	call	0x952	; 0x952 <__pack_f>
     782:	68 96       	adiw	r28, 0x18	; 24
     784:	ea e0       	ldi	r30, 0x0A	; 10
     786:	0c 94 74 1b 	jmp	0x36e8	; 0x36e8 <__epilogue_restores__+0x10>

0000078a <__gtsf2>:
     78a:	a8 e1       	ldi	r26, 0x18	; 24
     78c:	b0 e0       	ldi	r27, 0x00	; 0
     78e:	eb ec       	ldi	r30, 0xCB	; 203
     790:	f3 e0       	ldi	r31, 0x03	; 3
     792:	0c 94 5c 1b 	jmp	0x36b8	; 0x36b8 <__prologue_saves__+0x18>
     796:	69 83       	std	Y+1, r22	; 0x01
     798:	7a 83       	std	Y+2, r23	; 0x02
     79a:	8b 83       	std	Y+3, r24	; 0x03
     79c:	9c 83       	std	Y+4, r25	; 0x04
     79e:	2d 83       	std	Y+5, r18	; 0x05
     7a0:	3e 83       	std	Y+6, r19	; 0x06
     7a2:	4f 83       	std	Y+7, r20	; 0x07
     7a4:	58 87       	std	Y+8, r21	; 0x08
     7a6:	89 e0       	ldi	r24, 0x09	; 9
     7a8:	e8 2e       	mov	r14, r24
     7aa:	f1 2c       	mov	r15, r1
     7ac:	ec 0e       	add	r14, r28
     7ae:	fd 1e       	adc	r15, r29
     7b0:	ce 01       	movw	r24, r28
     7b2:	01 96       	adiw	r24, 0x01	; 1
     7b4:	b7 01       	movw	r22, r14
     7b6:	0e 94 7e 05 	call	0xafc	; 0xafc <__unpack_f>
     7ba:	8e 01       	movw	r16, r28
     7bc:	0f 5e       	subi	r16, 0xEF	; 239
     7be:	1f 4f       	sbci	r17, 0xFF	; 255
     7c0:	ce 01       	movw	r24, r28
     7c2:	05 96       	adiw	r24, 0x05	; 5
     7c4:	b8 01       	movw	r22, r16
     7c6:	0e 94 7e 05 	call	0xafc	; 0xafc <__unpack_f>
     7ca:	89 85       	ldd	r24, Y+9	; 0x09
     7cc:	82 30       	cpi	r24, 0x02	; 2
     7ce:	40 f0       	brcs	.+16     	; 0x7e0 <__gtsf2+0x56>
     7d0:	89 89       	ldd	r24, Y+17	; 0x11
     7d2:	82 30       	cpi	r24, 0x02	; 2
     7d4:	28 f0       	brcs	.+10     	; 0x7e0 <__gtsf2+0x56>
     7d6:	c7 01       	movw	r24, r14
     7d8:	b8 01       	movw	r22, r16
     7da:	0e 94 f6 05 	call	0xbec	; 0xbec <__fpcmp_parts_f>
     7de:	01 c0       	rjmp	.+2      	; 0x7e2 <__gtsf2+0x58>
     7e0:	8f ef       	ldi	r24, 0xFF	; 255
     7e2:	68 96       	adiw	r28, 0x18	; 24
     7e4:	e6 e0       	ldi	r30, 0x06	; 6
     7e6:	0c 94 78 1b 	jmp	0x36f0	; 0x36f0 <__epilogue_restores__+0x18>

000007ea <__gesf2>:
     7ea:	a8 e1       	ldi	r26, 0x18	; 24
     7ec:	b0 e0       	ldi	r27, 0x00	; 0
     7ee:	eb ef       	ldi	r30, 0xFB	; 251
     7f0:	f3 e0       	ldi	r31, 0x03	; 3
     7f2:	0c 94 5c 1b 	jmp	0x36b8	; 0x36b8 <__prologue_saves__+0x18>
     7f6:	69 83       	std	Y+1, r22	; 0x01
     7f8:	7a 83       	std	Y+2, r23	; 0x02
     7fa:	8b 83       	std	Y+3, r24	; 0x03
     7fc:	9c 83       	std	Y+4, r25	; 0x04
     7fe:	2d 83       	std	Y+5, r18	; 0x05
     800:	3e 83       	std	Y+6, r19	; 0x06
     802:	4f 83       	std	Y+7, r20	; 0x07
     804:	58 87       	std	Y+8, r21	; 0x08
     806:	89 e0       	ldi	r24, 0x09	; 9
     808:	e8 2e       	mov	r14, r24
     80a:	f1 2c       	mov	r15, r1
     80c:	ec 0e       	add	r14, r28
     80e:	fd 1e       	adc	r15, r29
     810:	ce 01       	movw	r24, r28
     812:	01 96       	adiw	r24, 0x01	; 1
     814:	b7 01       	movw	r22, r14
     816:	0e 94 7e 05 	call	0xafc	; 0xafc <__unpack_f>
     81a:	8e 01       	movw	r16, r28
     81c:	0f 5e       	subi	r16, 0xEF	; 239
     81e:	1f 4f       	sbci	r17, 0xFF	; 255
     820:	ce 01       	movw	r24, r28
     822:	05 96       	adiw	r24, 0x05	; 5
     824:	b8 01       	movw	r22, r16
     826:	0e 94 7e 05 	call	0xafc	; 0xafc <__unpack_f>
     82a:	89 85       	ldd	r24, Y+9	; 0x09
     82c:	82 30       	cpi	r24, 0x02	; 2
     82e:	40 f0       	brcs	.+16     	; 0x840 <__gesf2+0x56>
     830:	89 89       	ldd	r24, Y+17	; 0x11
     832:	82 30       	cpi	r24, 0x02	; 2
     834:	28 f0       	brcs	.+10     	; 0x840 <__gesf2+0x56>
     836:	c7 01       	movw	r24, r14
     838:	b8 01       	movw	r22, r16
     83a:	0e 94 f6 05 	call	0xbec	; 0xbec <__fpcmp_parts_f>
     83e:	01 c0       	rjmp	.+2      	; 0x842 <__gesf2+0x58>
     840:	8f ef       	ldi	r24, 0xFF	; 255
     842:	68 96       	adiw	r28, 0x18	; 24
     844:	e6 e0       	ldi	r30, 0x06	; 6
     846:	0c 94 78 1b 	jmp	0x36f0	; 0x36f0 <__epilogue_restores__+0x18>

0000084a <__ltsf2>:
     84a:	a8 e1       	ldi	r26, 0x18	; 24
     84c:	b0 e0       	ldi	r27, 0x00	; 0
     84e:	eb e2       	ldi	r30, 0x2B	; 43
     850:	f4 e0       	ldi	r31, 0x04	; 4
     852:	0c 94 5c 1b 	jmp	0x36b8	; 0x36b8 <__prologue_saves__+0x18>
     856:	69 83       	std	Y+1, r22	; 0x01
     858:	7a 83       	std	Y+2, r23	; 0x02
     85a:	8b 83       	std	Y+3, r24	; 0x03
     85c:	9c 83       	std	Y+4, r25	; 0x04
     85e:	2d 83       	std	Y+5, r18	; 0x05
     860:	3e 83       	std	Y+6, r19	; 0x06
     862:	4f 83       	std	Y+7, r20	; 0x07
     864:	58 87       	std	Y+8, r21	; 0x08
     866:	89 e0       	ldi	r24, 0x09	; 9
     868:	e8 2e       	mov	r14, r24
     86a:	f1 2c       	mov	r15, r1
     86c:	ec 0e       	add	r14, r28
     86e:	fd 1e       	adc	r15, r29
     870:	ce 01       	movw	r24, r28
     872:	01 96       	adiw	r24, 0x01	; 1
     874:	b7 01       	movw	r22, r14
     876:	0e 94 7e 05 	call	0xafc	; 0xafc <__unpack_f>
     87a:	8e 01       	movw	r16, r28
     87c:	0f 5e       	subi	r16, 0xEF	; 239
     87e:	1f 4f       	sbci	r17, 0xFF	; 255
     880:	ce 01       	movw	r24, r28
     882:	05 96       	adiw	r24, 0x05	; 5
     884:	b8 01       	movw	r22, r16
     886:	0e 94 7e 05 	call	0xafc	; 0xafc <__unpack_f>
     88a:	89 85       	ldd	r24, Y+9	; 0x09
     88c:	82 30       	cpi	r24, 0x02	; 2
     88e:	40 f0       	brcs	.+16     	; 0x8a0 <__stack+0x41>
     890:	89 89       	ldd	r24, Y+17	; 0x11
     892:	82 30       	cpi	r24, 0x02	; 2
     894:	28 f0       	brcs	.+10     	; 0x8a0 <__stack+0x41>
     896:	c7 01       	movw	r24, r14
     898:	b8 01       	movw	r22, r16
     89a:	0e 94 f6 05 	call	0xbec	; 0xbec <__fpcmp_parts_f>
     89e:	01 c0       	rjmp	.+2      	; 0x8a2 <__stack+0x43>
     8a0:	81 e0       	ldi	r24, 0x01	; 1
     8a2:	68 96       	adiw	r28, 0x18	; 24
     8a4:	e6 e0       	ldi	r30, 0x06	; 6
     8a6:	0c 94 78 1b 	jmp	0x36f0	; 0x36f0 <__epilogue_restores__+0x18>

000008aa <__fixsfsi>:
     8aa:	ac e0       	ldi	r26, 0x0C	; 12
     8ac:	b0 e0       	ldi	r27, 0x00	; 0
     8ae:	eb e5       	ldi	r30, 0x5B	; 91
     8b0:	f4 e0       	ldi	r31, 0x04	; 4
     8b2:	0c 94 60 1b 	jmp	0x36c0	; 0x36c0 <__prologue_saves__+0x20>
     8b6:	69 83       	std	Y+1, r22	; 0x01
     8b8:	7a 83       	std	Y+2, r23	; 0x02
     8ba:	8b 83       	std	Y+3, r24	; 0x03
     8bc:	9c 83       	std	Y+4, r25	; 0x04
     8be:	ce 01       	movw	r24, r28
     8c0:	01 96       	adiw	r24, 0x01	; 1
     8c2:	be 01       	movw	r22, r28
     8c4:	6b 5f       	subi	r22, 0xFB	; 251
     8c6:	7f 4f       	sbci	r23, 0xFF	; 255
     8c8:	0e 94 7e 05 	call	0xafc	; 0xafc <__unpack_f>
     8cc:	8d 81       	ldd	r24, Y+5	; 0x05
     8ce:	82 30       	cpi	r24, 0x02	; 2
     8d0:	61 f1       	breq	.+88     	; 0x92a <__fixsfsi+0x80>
     8d2:	82 30       	cpi	r24, 0x02	; 2
     8d4:	50 f1       	brcs	.+84     	; 0x92a <__fixsfsi+0x80>
     8d6:	84 30       	cpi	r24, 0x04	; 4
     8d8:	21 f4       	brne	.+8      	; 0x8e2 <__fixsfsi+0x38>
     8da:	8e 81       	ldd	r24, Y+6	; 0x06
     8dc:	88 23       	and	r24, r24
     8de:	51 f1       	breq	.+84     	; 0x934 <__fixsfsi+0x8a>
     8e0:	2e c0       	rjmp	.+92     	; 0x93e <__fixsfsi+0x94>
     8e2:	2f 81       	ldd	r18, Y+7	; 0x07
     8e4:	38 85       	ldd	r19, Y+8	; 0x08
     8e6:	37 fd       	sbrc	r19, 7
     8e8:	20 c0       	rjmp	.+64     	; 0x92a <__fixsfsi+0x80>
     8ea:	6e 81       	ldd	r22, Y+6	; 0x06
     8ec:	2f 31       	cpi	r18, 0x1F	; 31
     8ee:	31 05       	cpc	r19, r1
     8f0:	1c f0       	brlt	.+6      	; 0x8f8 <__fixsfsi+0x4e>
     8f2:	66 23       	and	r22, r22
     8f4:	f9 f0       	breq	.+62     	; 0x934 <__fixsfsi+0x8a>
     8f6:	23 c0       	rjmp	.+70     	; 0x93e <__fixsfsi+0x94>
     8f8:	8e e1       	ldi	r24, 0x1E	; 30
     8fa:	90 e0       	ldi	r25, 0x00	; 0
     8fc:	82 1b       	sub	r24, r18
     8fe:	93 0b       	sbc	r25, r19
     900:	29 85       	ldd	r18, Y+9	; 0x09
     902:	3a 85       	ldd	r19, Y+10	; 0x0a
     904:	4b 85       	ldd	r20, Y+11	; 0x0b
     906:	5c 85       	ldd	r21, Y+12	; 0x0c
     908:	04 c0       	rjmp	.+8      	; 0x912 <__fixsfsi+0x68>
     90a:	56 95       	lsr	r21
     90c:	47 95       	ror	r20
     90e:	37 95       	ror	r19
     910:	27 95       	ror	r18
     912:	8a 95       	dec	r24
     914:	d2 f7       	brpl	.-12     	; 0x90a <__fixsfsi+0x60>
     916:	66 23       	and	r22, r22
     918:	b1 f0       	breq	.+44     	; 0x946 <__fixsfsi+0x9c>
     91a:	50 95       	com	r21
     91c:	40 95       	com	r20
     91e:	30 95       	com	r19
     920:	21 95       	neg	r18
     922:	3f 4f       	sbci	r19, 0xFF	; 255
     924:	4f 4f       	sbci	r20, 0xFF	; 255
     926:	5f 4f       	sbci	r21, 0xFF	; 255
     928:	0e c0       	rjmp	.+28     	; 0x946 <__fixsfsi+0x9c>
     92a:	20 e0       	ldi	r18, 0x00	; 0
     92c:	30 e0       	ldi	r19, 0x00	; 0
     92e:	40 e0       	ldi	r20, 0x00	; 0
     930:	50 e0       	ldi	r21, 0x00	; 0
     932:	09 c0       	rjmp	.+18     	; 0x946 <__fixsfsi+0x9c>
     934:	2f ef       	ldi	r18, 0xFF	; 255
     936:	3f ef       	ldi	r19, 0xFF	; 255
     938:	4f ef       	ldi	r20, 0xFF	; 255
     93a:	5f e7       	ldi	r21, 0x7F	; 127
     93c:	04 c0       	rjmp	.+8      	; 0x946 <__fixsfsi+0x9c>
     93e:	20 e0       	ldi	r18, 0x00	; 0
     940:	30 e0       	ldi	r19, 0x00	; 0
     942:	40 e0       	ldi	r20, 0x00	; 0
     944:	50 e8       	ldi	r21, 0x80	; 128
     946:	b9 01       	movw	r22, r18
     948:	ca 01       	movw	r24, r20
     94a:	2c 96       	adiw	r28, 0x0c	; 12
     94c:	e2 e0       	ldi	r30, 0x02	; 2
     94e:	0c 94 7c 1b 	jmp	0x36f8	; 0x36f8 <__epilogue_restores__+0x20>

00000952 <__pack_f>:
     952:	df 92       	push	r13
     954:	ef 92       	push	r14
     956:	ff 92       	push	r15
     958:	0f 93       	push	r16
     95a:	1f 93       	push	r17
     95c:	fc 01       	movw	r30, r24
     95e:	e4 80       	ldd	r14, Z+4	; 0x04
     960:	f5 80       	ldd	r15, Z+5	; 0x05
     962:	06 81       	ldd	r16, Z+6	; 0x06
     964:	17 81       	ldd	r17, Z+7	; 0x07
     966:	d1 80       	ldd	r13, Z+1	; 0x01
     968:	80 81       	ld	r24, Z
     96a:	82 30       	cpi	r24, 0x02	; 2
     96c:	48 f4       	brcc	.+18     	; 0x980 <__pack_f+0x2e>
     96e:	80 e0       	ldi	r24, 0x00	; 0
     970:	90 e0       	ldi	r25, 0x00	; 0
     972:	a0 e1       	ldi	r26, 0x10	; 16
     974:	b0 e0       	ldi	r27, 0x00	; 0
     976:	e8 2a       	or	r14, r24
     978:	f9 2a       	or	r15, r25
     97a:	0a 2b       	or	r16, r26
     97c:	1b 2b       	or	r17, r27
     97e:	a5 c0       	rjmp	.+330    	; 0xaca <__pack_f+0x178>
     980:	84 30       	cpi	r24, 0x04	; 4
     982:	09 f4       	brne	.+2      	; 0x986 <__pack_f+0x34>
     984:	9f c0       	rjmp	.+318    	; 0xac4 <__pack_f+0x172>
     986:	82 30       	cpi	r24, 0x02	; 2
     988:	21 f4       	brne	.+8      	; 0x992 <__pack_f+0x40>
     98a:	ee 24       	eor	r14, r14
     98c:	ff 24       	eor	r15, r15
     98e:	87 01       	movw	r16, r14
     990:	05 c0       	rjmp	.+10     	; 0x99c <__pack_f+0x4a>
     992:	e1 14       	cp	r14, r1
     994:	f1 04       	cpc	r15, r1
     996:	01 05       	cpc	r16, r1
     998:	11 05       	cpc	r17, r1
     99a:	19 f4       	brne	.+6      	; 0x9a2 <__pack_f+0x50>
     99c:	e0 e0       	ldi	r30, 0x00	; 0
     99e:	f0 e0       	ldi	r31, 0x00	; 0
     9a0:	96 c0       	rjmp	.+300    	; 0xace <__pack_f+0x17c>
     9a2:	62 81       	ldd	r22, Z+2	; 0x02
     9a4:	73 81       	ldd	r23, Z+3	; 0x03
     9a6:	9f ef       	ldi	r25, 0xFF	; 255
     9a8:	62 38       	cpi	r22, 0x82	; 130
     9aa:	79 07       	cpc	r23, r25
     9ac:	0c f0       	brlt	.+2      	; 0x9b0 <__pack_f+0x5e>
     9ae:	5b c0       	rjmp	.+182    	; 0xa66 <__pack_f+0x114>
     9b0:	22 e8       	ldi	r18, 0x82	; 130
     9b2:	3f ef       	ldi	r19, 0xFF	; 255
     9b4:	26 1b       	sub	r18, r22
     9b6:	37 0b       	sbc	r19, r23
     9b8:	2a 31       	cpi	r18, 0x1A	; 26
     9ba:	31 05       	cpc	r19, r1
     9bc:	2c f0       	brlt	.+10     	; 0x9c8 <__pack_f+0x76>
     9be:	20 e0       	ldi	r18, 0x00	; 0
     9c0:	30 e0       	ldi	r19, 0x00	; 0
     9c2:	40 e0       	ldi	r20, 0x00	; 0
     9c4:	50 e0       	ldi	r21, 0x00	; 0
     9c6:	2a c0       	rjmp	.+84     	; 0xa1c <__pack_f+0xca>
     9c8:	b8 01       	movw	r22, r16
     9ca:	a7 01       	movw	r20, r14
     9cc:	02 2e       	mov	r0, r18
     9ce:	04 c0       	rjmp	.+8      	; 0x9d8 <__pack_f+0x86>
     9d0:	76 95       	lsr	r23
     9d2:	67 95       	ror	r22
     9d4:	57 95       	ror	r21
     9d6:	47 95       	ror	r20
     9d8:	0a 94       	dec	r0
     9da:	d2 f7       	brpl	.-12     	; 0x9d0 <__pack_f+0x7e>
     9dc:	81 e0       	ldi	r24, 0x01	; 1
     9de:	90 e0       	ldi	r25, 0x00	; 0
     9e0:	a0 e0       	ldi	r26, 0x00	; 0
     9e2:	b0 e0       	ldi	r27, 0x00	; 0
     9e4:	04 c0       	rjmp	.+8      	; 0x9ee <__pack_f+0x9c>
     9e6:	88 0f       	add	r24, r24
     9e8:	99 1f       	adc	r25, r25
     9ea:	aa 1f       	adc	r26, r26
     9ec:	bb 1f       	adc	r27, r27
     9ee:	2a 95       	dec	r18
     9f0:	d2 f7       	brpl	.-12     	; 0x9e6 <__pack_f+0x94>
     9f2:	01 97       	sbiw	r24, 0x01	; 1
     9f4:	a1 09       	sbc	r26, r1
     9f6:	b1 09       	sbc	r27, r1
     9f8:	8e 21       	and	r24, r14
     9fa:	9f 21       	and	r25, r15
     9fc:	a0 23       	and	r26, r16
     9fe:	b1 23       	and	r27, r17
     a00:	00 97       	sbiw	r24, 0x00	; 0
     a02:	a1 05       	cpc	r26, r1
     a04:	b1 05       	cpc	r27, r1
     a06:	21 f0       	breq	.+8      	; 0xa10 <__pack_f+0xbe>
     a08:	81 e0       	ldi	r24, 0x01	; 1
     a0a:	90 e0       	ldi	r25, 0x00	; 0
     a0c:	a0 e0       	ldi	r26, 0x00	; 0
     a0e:	b0 e0       	ldi	r27, 0x00	; 0
     a10:	9a 01       	movw	r18, r20
     a12:	ab 01       	movw	r20, r22
     a14:	28 2b       	or	r18, r24
     a16:	39 2b       	or	r19, r25
     a18:	4a 2b       	or	r20, r26
     a1a:	5b 2b       	or	r21, r27
     a1c:	da 01       	movw	r26, r20
     a1e:	c9 01       	movw	r24, r18
     a20:	8f 77       	andi	r24, 0x7F	; 127
     a22:	90 70       	andi	r25, 0x00	; 0
     a24:	a0 70       	andi	r26, 0x00	; 0
     a26:	b0 70       	andi	r27, 0x00	; 0
     a28:	80 34       	cpi	r24, 0x40	; 64
     a2a:	91 05       	cpc	r25, r1
     a2c:	a1 05       	cpc	r26, r1
     a2e:	b1 05       	cpc	r27, r1
     a30:	39 f4       	brne	.+14     	; 0xa40 <__pack_f+0xee>
     a32:	27 ff       	sbrs	r18, 7
     a34:	09 c0       	rjmp	.+18     	; 0xa48 <__pack_f+0xf6>
     a36:	20 5c       	subi	r18, 0xC0	; 192
     a38:	3f 4f       	sbci	r19, 0xFF	; 255
     a3a:	4f 4f       	sbci	r20, 0xFF	; 255
     a3c:	5f 4f       	sbci	r21, 0xFF	; 255
     a3e:	04 c0       	rjmp	.+8      	; 0xa48 <__pack_f+0xf6>
     a40:	21 5c       	subi	r18, 0xC1	; 193
     a42:	3f 4f       	sbci	r19, 0xFF	; 255
     a44:	4f 4f       	sbci	r20, 0xFF	; 255
     a46:	5f 4f       	sbci	r21, 0xFF	; 255
     a48:	e0 e0       	ldi	r30, 0x00	; 0
     a4a:	f0 e0       	ldi	r31, 0x00	; 0
     a4c:	20 30       	cpi	r18, 0x00	; 0
     a4e:	a0 e0       	ldi	r26, 0x00	; 0
     a50:	3a 07       	cpc	r19, r26
     a52:	a0 e0       	ldi	r26, 0x00	; 0
     a54:	4a 07       	cpc	r20, r26
     a56:	a0 e4       	ldi	r26, 0x40	; 64
     a58:	5a 07       	cpc	r21, r26
     a5a:	10 f0       	brcs	.+4      	; 0xa60 <__pack_f+0x10e>
     a5c:	e1 e0       	ldi	r30, 0x01	; 1
     a5e:	f0 e0       	ldi	r31, 0x00	; 0
     a60:	79 01       	movw	r14, r18
     a62:	8a 01       	movw	r16, r20
     a64:	27 c0       	rjmp	.+78     	; 0xab4 <__pack_f+0x162>
     a66:	60 38       	cpi	r22, 0x80	; 128
     a68:	71 05       	cpc	r23, r1
     a6a:	64 f5       	brge	.+88     	; 0xac4 <__pack_f+0x172>
     a6c:	fb 01       	movw	r30, r22
     a6e:	e1 58       	subi	r30, 0x81	; 129
     a70:	ff 4f       	sbci	r31, 0xFF	; 255
     a72:	d8 01       	movw	r26, r16
     a74:	c7 01       	movw	r24, r14
     a76:	8f 77       	andi	r24, 0x7F	; 127
     a78:	90 70       	andi	r25, 0x00	; 0
     a7a:	a0 70       	andi	r26, 0x00	; 0
     a7c:	b0 70       	andi	r27, 0x00	; 0
     a7e:	80 34       	cpi	r24, 0x40	; 64
     a80:	91 05       	cpc	r25, r1
     a82:	a1 05       	cpc	r26, r1
     a84:	b1 05       	cpc	r27, r1
     a86:	39 f4       	brne	.+14     	; 0xa96 <__pack_f+0x144>
     a88:	e7 fe       	sbrs	r14, 7
     a8a:	0d c0       	rjmp	.+26     	; 0xaa6 <__pack_f+0x154>
     a8c:	80 e4       	ldi	r24, 0x40	; 64
     a8e:	90 e0       	ldi	r25, 0x00	; 0
     a90:	a0 e0       	ldi	r26, 0x00	; 0
     a92:	b0 e0       	ldi	r27, 0x00	; 0
     a94:	04 c0       	rjmp	.+8      	; 0xa9e <__pack_f+0x14c>
     a96:	8f e3       	ldi	r24, 0x3F	; 63
     a98:	90 e0       	ldi	r25, 0x00	; 0
     a9a:	a0 e0       	ldi	r26, 0x00	; 0
     a9c:	b0 e0       	ldi	r27, 0x00	; 0
     a9e:	e8 0e       	add	r14, r24
     aa0:	f9 1e       	adc	r15, r25
     aa2:	0a 1f       	adc	r16, r26
     aa4:	1b 1f       	adc	r17, r27
     aa6:	17 ff       	sbrs	r17, 7
     aa8:	05 c0       	rjmp	.+10     	; 0xab4 <__pack_f+0x162>
     aaa:	16 95       	lsr	r17
     aac:	07 95       	ror	r16
     aae:	f7 94       	ror	r15
     ab0:	e7 94       	ror	r14
     ab2:	31 96       	adiw	r30, 0x01	; 1
     ab4:	87 e0       	ldi	r24, 0x07	; 7
     ab6:	16 95       	lsr	r17
     ab8:	07 95       	ror	r16
     aba:	f7 94       	ror	r15
     abc:	e7 94       	ror	r14
     abe:	8a 95       	dec	r24
     ac0:	d1 f7       	brne	.-12     	; 0xab6 <__pack_f+0x164>
     ac2:	05 c0       	rjmp	.+10     	; 0xace <__pack_f+0x17c>
     ac4:	ee 24       	eor	r14, r14
     ac6:	ff 24       	eor	r15, r15
     ac8:	87 01       	movw	r16, r14
     aca:	ef ef       	ldi	r30, 0xFF	; 255
     acc:	f0 e0       	ldi	r31, 0x00	; 0
     ace:	6e 2f       	mov	r22, r30
     ad0:	67 95       	ror	r22
     ad2:	66 27       	eor	r22, r22
     ad4:	67 95       	ror	r22
     ad6:	90 2f       	mov	r25, r16
     ad8:	9f 77       	andi	r25, 0x7F	; 127
     ada:	d7 94       	ror	r13
     adc:	dd 24       	eor	r13, r13
     ade:	d7 94       	ror	r13
     ae0:	8e 2f       	mov	r24, r30
     ae2:	86 95       	lsr	r24
     ae4:	49 2f       	mov	r20, r25
     ae6:	46 2b       	or	r20, r22
     ae8:	58 2f       	mov	r21, r24
     aea:	5d 29       	or	r21, r13
     aec:	b7 01       	movw	r22, r14
     aee:	ca 01       	movw	r24, r20
     af0:	1f 91       	pop	r17
     af2:	0f 91       	pop	r16
     af4:	ff 90       	pop	r15
     af6:	ef 90       	pop	r14
     af8:	df 90       	pop	r13
     afa:	08 95       	ret

00000afc <__unpack_f>:
     afc:	fc 01       	movw	r30, r24
     afe:	db 01       	movw	r26, r22
     b00:	40 81       	ld	r20, Z
     b02:	51 81       	ldd	r21, Z+1	; 0x01
     b04:	22 81       	ldd	r18, Z+2	; 0x02
     b06:	62 2f       	mov	r22, r18
     b08:	6f 77       	andi	r22, 0x7F	; 127
     b0a:	70 e0       	ldi	r23, 0x00	; 0
     b0c:	22 1f       	adc	r18, r18
     b0e:	22 27       	eor	r18, r18
     b10:	22 1f       	adc	r18, r18
     b12:	93 81       	ldd	r25, Z+3	; 0x03
     b14:	89 2f       	mov	r24, r25
     b16:	88 0f       	add	r24, r24
     b18:	82 2b       	or	r24, r18
     b1a:	28 2f       	mov	r18, r24
     b1c:	30 e0       	ldi	r19, 0x00	; 0
     b1e:	99 1f       	adc	r25, r25
     b20:	99 27       	eor	r25, r25
     b22:	99 1f       	adc	r25, r25
     b24:	11 96       	adiw	r26, 0x01	; 1
     b26:	9c 93       	st	X, r25
     b28:	11 97       	sbiw	r26, 0x01	; 1
     b2a:	21 15       	cp	r18, r1
     b2c:	31 05       	cpc	r19, r1
     b2e:	a9 f5       	brne	.+106    	; 0xb9a <__unpack_f+0x9e>
     b30:	41 15       	cp	r20, r1
     b32:	51 05       	cpc	r21, r1
     b34:	61 05       	cpc	r22, r1
     b36:	71 05       	cpc	r23, r1
     b38:	11 f4       	brne	.+4      	; 0xb3e <__unpack_f+0x42>
     b3a:	82 e0       	ldi	r24, 0x02	; 2
     b3c:	37 c0       	rjmp	.+110    	; 0xbac <__unpack_f+0xb0>
     b3e:	82 e8       	ldi	r24, 0x82	; 130
     b40:	9f ef       	ldi	r25, 0xFF	; 255
     b42:	13 96       	adiw	r26, 0x03	; 3
     b44:	9c 93       	st	X, r25
     b46:	8e 93       	st	-X, r24
     b48:	12 97       	sbiw	r26, 0x02	; 2
     b4a:	9a 01       	movw	r18, r20
     b4c:	ab 01       	movw	r20, r22
     b4e:	67 e0       	ldi	r22, 0x07	; 7
     b50:	22 0f       	add	r18, r18
     b52:	33 1f       	adc	r19, r19
     b54:	44 1f       	adc	r20, r20
     b56:	55 1f       	adc	r21, r21
     b58:	6a 95       	dec	r22
     b5a:	d1 f7       	brne	.-12     	; 0xb50 <__unpack_f+0x54>
     b5c:	83 e0       	ldi	r24, 0x03	; 3
     b5e:	8c 93       	st	X, r24
     b60:	0d c0       	rjmp	.+26     	; 0xb7c <__unpack_f+0x80>
     b62:	22 0f       	add	r18, r18
     b64:	33 1f       	adc	r19, r19
     b66:	44 1f       	adc	r20, r20
     b68:	55 1f       	adc	r21, r21
     b6a:	12 96       	adiw	r26, 0x02	; 2
     b6c:	8d 91       	ld	r24, X+
     b6e:	9c 91       	ld	r25, X
     b70:	13 97       	sbiw	r26, 0x03	; 3
     b72:	01 97       	sbiw	r24, 0x01	; 1
     b74:	13 96       	adiw	r26, 0x03	; 3
     b76:	9c 93       	st	X, r25
     b78:	8e 93       	st	-X, r24
     b7a:	12 97       	sbiw	r26, 0x02	; 2
     b7c:	20 30       	cpi	r18, 0x00	; 0
     b7e:	80 e0       	ldi	r24, 0x00	; 0
     b80:	38 07       	cpc	r19, r24
     b82:	80 e0       	ldi	r24, 0x00	; 0
     b84:	48 07       	cpc	r20, r24
     b86:	80 e4       	ldi	r24, 0x40	; 64
     b88:	58 07       	cpc	r21, r24
     b8a:	58 f3       	brcs	.-42     	; 0xb62 <__unpack_f+0x66>
     b8c:	14 96       	adiw	r26, 0x04	; 4
     b8e:	2d 93       	st	X+, r18
     b90:	3d 93       	st	X+, r19
     b92:	4d 93       	st	X+, r20
     b94:	5c 93       	st	X, r21
     b96:	17 97       	sbiw	r26, 0x07	; 7
     b98:	08 95       	ret
     b9a:	2f 3f       	cpi	r18, 0xFF	; 255
     b9c:	31 05       	cpc	r19, r1
     b9e:	79 f4       	brne	.+30     	; 0xbbe <__unpack_f+0xc2>
     ba0:	41 15       	cp	r20, r1
     ba2:	51 05       	cpc	r21, r1
     ba4:	61 05       	cpc	r22, r1
     ba6:	71 05       	cpc	r23, r1
     ba8:	19 f4       	brne	.+6      	; 0xbb0 <__unpack_f+0xb4>
     baa:	84 e0       	ldi	r24, 0x04	; 4
     bac:	8c 93       	st	X, r24
     bae:	08 95       	ret
     bb0:	64 ff       	sbrs	r22, 4
     bb2:	03 c0       	rjmp	.+6      	; 0xbba <__unpack_f+0xbe>
     bb4:	81 e0       	ldi	r24, 0x01	; 1
     bb6:	8c 93       	st	X, r24
     bb8:	12 c0       	rjmp	.+36     	; 0xbde <__unpack_f+0xe2>
     bba:	1c 92       	st	X, r1
     bbc:	10 c0       	rjmp	.+32     	; 0xbde <__unpack_f+0xe2>
     bbe:	2f 57       	subi	r18, 0x7F	; 127
     bc0:	30 40       	sbci	r19, 0x00	; 0
     bc2:	13 96       	adiw	r26, 0x03	; 3
     bc4:	3c 93       	st	X, r19
     bc6:	2e 93       	st	-X, r18
     bc8:	12 97       	sbiw	r26, 0x02	; 2
     bca:	83 e0       	ldi	r24, 0x03	; 3
     bcc:	8c 93       	st	X, r24
     bce:	87 e0       	ldi	r24, 0x07	; 7
     bd0:	44 0f       	add	r20, r20
     bd2:	55 1f       	adc	r21, r21
     bd4:	66 1f       	adc	r22, r22
     bd6:	77 1f       	adc	r23, r23
     bd8:	8a 95       	dec	r24
     bda:	d1 f7       	brne	.-12     	; 0xbd0 <__unpack_f+0xd4>
     bdc:	70 64       	ori	r23, 0x40	; 64
     bde:	14 96       	adiw	r26, 0x04	; 4
     be0:	4d 93       	st	X+, r20
     be2:	5d 93       	st	X+, r21
     be4:	6d 93       	st	X+, r22
     be6:	7c 93       	st	X, r23
     be8:	17 97       	sbiw	r26, 0x07	; 7
     bea:	08 95       	ret

00000bec <__fpcmp_parts_f>:
     bec:	1f 93       	push	r17
     bee:	dc 01       	movw	r26, r24
     bf0:	fb 01       	movw	r30, r22
     bf2:	9c 91       	ld	r25, X
     bf4:	92 30       	cpi	r25, 0x02	; 2
     bf6:	08 f4       	brcc	.+2      	; 0xbfa <__fpcmp_parts_f+0xe>
     bf8:	47 c0       	rjmp	.+142    	; 0xc88 <__fpcmp_parts_f+0x9c>
     bfa:	80 81       	ld	r24, Z
     bfc:	82 30       	cpi	r24, 0x02	; 2
     bfe:	08 f4       	brcc	.+2      	; 0xc02 <__fpcmp_parts_f+0x16>
     c00:	43 c0       	rjmp	.+134    	; 0xc88 <__fpcmp_parts_f+0x9c>
     c02:	94 30       	cpi	r25, 0x04	; 4
     c04:	51 f4       	brne	.+20     	; 0xc1a <__fpcmp_parts_f+0x2e>
     c06:	11 96       	adiw	r26, 0x01	; 1
     c08:	1c 91       	ld	r17, X
     c0a:	84 30       	cpi	r24, 0x04	; 4
     c0c:	99 f5       	brne	.+102    	; 0xc74 <__fpcmp_parts_f+0x88>
     c0e:	81 81       	ldd	r24, Z+1	; 0x01
     c10:	68 2f       	mov	r22, r24
     c12:	70 e0       	ldi	r23, 0x00	; 0
     c14:	61 1b       	sub	r22, r17
     c16:	71 09       	sbc	r23, r1
     c18:	3f c0       	rjmp	.+126    	; 0xc98 <__fpcmp_parts_f+0xac>
     c1a:	84 30       	cpi	r24, 0x04	; 4
     c1c:	21 f0       	breq	.+8      	; 0xc26 <__fpcmp_parts_f+0x3a>
     c1e:	92 30       	cpi	r25, 0x02	; 2
     c20:	31 f4       	brne	.+12     	; 0xc2e <__fpcmp_parts_f+0x42>
     c22:	82 30       	cpi	r24, 0x02	; 2
     c24:	b9 f1       	breq	.+110    	; 0xc94 <__fpcmp_parts_f+0xa8>
     c26:	81 81       	ldd	r24, Z+1	; 0x01
     c28:	88 23       	and	r24, r24
     c2a:	89 f1       	breq	.+98     	; 0xc8e <__fpcmp_parts_f+0xa2>
     c2c:	2d c0       	rjmp	.+90     	; 0xc88 <__fpcmp_parts_f+0x9c>
     c2e:	11 96       	adiw	r26, 0x01	; 1
     c30:	1c 91       	ld	r17, X
     c32:	11 97       	sbiw	r26, 0x01	; 1
     c34:	82 30       	cpi	r24, 0x02	; 2
     c36:	f1 f0       	breq	.+60     	; 0xc74 <__fpcmp_parts_f+0x88>
     c38:	81 81       	ldd	r24, Z+1	; 0x01
     c3a:	18 17       	cp	r17, r24
     c3c:	d9 f4       	brne	.+54     	; 0xc74 <__fpcmp_parts_f+0x88>
     c3e:	12 96       	adiw	r26, 0x02	; 2
     c40:	2d 91       	ld	r18, X+
     c42:	3c 91       	ld	r19, X
     c44:	13 97       	sbiw	r26, 0x03	; 3
     c46:	82 81       	ldd	r24, Z+2	; 0x02
     c48:	93 81       	ldd	r25, Z+3	; 0x03
     c4a:	82 17       	cp	r24, r18
     c4c:	93 07       	cpc	r25, r19
     c4e:	94 f0       	brlt	.+36     	; 0xc74 <__fpcmp_parts_f+0x88>
     c50:	28 17       	cp	r18, r24
     c52:	39 07       	cpc	r19, r25
     c54:	bc f0       	brlt	.+46     	; 0xc84 <__fpcmp_parts_f+0x98>
     c56:	14 96       	adiw	r26, 0x04	; 4
     c58:	8d 91       	ld	r24, X+
     c5a:	9d 91       	ld	r25, X+
     c5c:	0d 90       	ld	r0, X+
     c5e:	bc 91       	ld	r27, X
     c60:	a0 2d       	mov	r26, r0
     c62:	24 81       	ldd	r18, Z+4	; 0x04
     c64:	35 81       	ldd	r19, Z+5	; 0x05
     c66:	46 81       	ldd	r20, Z+6	; 0x06
     c68:	57 81       	ldd	r21, Z+7	; 0x07
     c6a:	28 17       	cp	r18, r24
     c6c:	39 07       	cpc	r19, r25
     c6e:	4a 07       	cpc	r20, r26
     c70:	5b 07       	cpc	r21, r27
     c72:	18 f4       	brcc	.+6      	; 0xc7a <__fpcmp_parts_f+0x8e>
     c74:	11 23       	and	r17, r17
     c76:	41 f0       	breq	.+16     	; 0xc88 <__fpcmp_parts_f+0x9c>
     c78:	0a c0       	rjmp	.+20     	; 0xc8e <__fpcmp_parts_f+0xa2>
     c7a:	82 17       	cp	r24, r18
     c7c:	93 07       	cpc	r25, r19
     c7e:	a4 07       	cpc	r26, r20
     c80:	b5 07       	cpc	r27, r21
     c82:	40 f4       	brcc	.+16     	; 0xc94 <__fpcmp_parts_f+0xa8>
     c84:	11 23       	and	r17, r17
     c86:	19 f0       	breq	.+6      	; 0xc8e <__fpcmp_parts_f+0xa2>
     c88:	61 e0       	ldi	r22, 0x01	; 1
     c8a:	70 e0       	ldi	r23, 0x00	; 0
     c8c:	05 c0       	rjmp	.+10     	; 0xc98 <__fpcmp_parts_f+0xac>
     c8e:	6f ef       	ldi	r22, 0xFF	; 255
     c90:	7f ef       	ldi	r23, 0xFF	; 255
     c92:	02 c0       	rjmp	.+4      	; 0xc98 <__fpcmp_parts_f+0xac>
     c94:	60 e0       	ldi	r22, 0x00	; 0
     c96:	70 e0       	ldi	r23, 0x00	; 0
     c98:	cb 01       	movw	r24, r22
     c9a:	1f 91       	pop	r17
     c9c:	08 95       	ret

00000c9e <WASH_voidCheckDoorsAndArmSafety>:

/* ------------------------------------------------------------------ */
/* Function to ensure doors are closed and sensors are ready          */
/* ------------------------------------------------------------------ */
void WASH_voidCheckDoorsAndArmSafety(void)
{
     c9e:	df 93       	push	r29
     ca0:	cf 93       	push	r28
     ca2:	cd b7       	in	r28, 0x3d	; 61
     ca4:	de b7       	in	r29, 0x3e	; 62
     ca6:	62 97       	sbiw	r28, 0x12	; 18
     ca8:	0f b6       	in	r0, 0x3f	; 63
     caa:	f8 94       	cli
     cac:	de bf       	out	0x3e, r29	; 62
     cae:	0f be       	out	0x3f, r0	; 63
     cb0:	cd bf       	out	0x3d, r28	; 61
    u8 door1_state = 1;
     cb2:	81 e0       	ldi	r24, 0x01	; 1
     cb4:	8a 8b       	std	Y+18, r24	; 0x12
    u8 door2_state = 1;
     cb6:	81 e0       	ldi	r24, 0x01	; 1
     cb8:	89 8b       	std	Y+17, r24	; 0x11

    u8 water_flow_state = 1;
     cba:	81 e0       	ldi	r24, 0x01	; 1
     cbc:	88 8b       	std	Y+16, r24	; 0x10
    u8 soap_weight_state = 1;
     cbe:	81 e0       	ldi	r24, 0x01	; 1
     cc0:	8f 87       	std	Y+15, r24	; 0x0f

    /* --- DOOR HARDWARE SETUP --- */
    DIO_voidSetPinDirection(DIO_PORTD, DIO_PIN1, INPUT);
     cc2:	83 e0       	ldi	r24, 0x03	; 3
     cc4:	61 e0       	ldi	r22, 0x01	; 1
     cc6:	40 e0       	ldi	r20, 0x00	; 0
     cc8:	0e 94 b0 0b 	call	0x1760	; 0x1760 <DIO_voidSetPinDirection>
    DIO_voidSetpinValue(DIO_PORTD, DIO_PIN1, HIGH);
     ccc:	83 e0       	ldi	r24, 0x03	; 3
     cce:	61 e0       	ldi	r22, 0x01	; 1
     cd0:	41 e0       	ldi	r20, 0x01	; 1
     cd2:	0e 94 b8 0c 	call	0x1970	; 0x1970 <DIO_voidSetpinValue>

    DIO_voidSetPinDirection(DIO_PORTD, DIO_PIN2, INPUT);
     cd6:	83 e0       	ldi	r24, 0x03	; 3
     cd8:	62 e0       	ldi	r22, 0x02	; 2
     cda:	40 e0       	ldi	r20, 0x00	; 0
     cdc:	0e 94 b0 0b 	call	0x1760	; 0x1760 <DIO_voidSetPinDirection>
    DIO_voidSetpinValue(DIO_PORTD, DIO_PIN2, HIGH);
     ce0:	83 e0       	ldi	r24, 0x03	; 3
     ce2:	62 e0       	ldi	r22, 0x02	; 2
     ce4:	41 e0       	ldi	r20, 0x01	; 1
     ce6:	0e 94 b8 0c 	call	0x1970	; 0x1970 <DIO_voidSetpinValue>

    /* --- SENSOR HARDWARE SETUP --- */
    DIO_voidSetPinDirection(DIO_PORTA, DIO_PIN0, INPUT);
     cea:	80 e0       	ldi	r24, 0x00	; 0
     cec:	60 e0       	ldi	r22, 0x00	; 0
     cee:	40 e0       	ldi	r20, 0x00	; 0
     cf0:	0e 94 b0 0b 	call	0x1760	; 0x1760 <DIO_voidSetPinDirection>
    DIO_voidSetpinValue(DIO_PORTA, DIO_PIN0, HIGH);
     cf4:	80 e0       	ldi	r24, 0x00	; 0
     cf6:	60 e0       	ldi	r22, 0x00	; 0
     cf8:	41 e0       	ldi	r20, 0x01	; 1
     cfa:	0e 94 b8 0c 	call	0x1970	; 0x1970 <DIO_voidSetpinValue>

    DIO_voidSetPinDirection(DIO_PORTA, DIO_PIN1, INPUT);
     cfe:	80 e0       	ldi	r24, 0x00	; 0
     d00:	61 e0       	ldi	r22, 0x01	; 1
     d02:	40 e0       	ldi	r20, 0x00	; 0
     d04:	0e 94 b0 0b 	call	0x1760	; 0x1760 <DIO_voidSetPinDirection>
    DIO_voidSetpinValue(DIO_PORTA, DIO_PIN1, HIGH);
     d08:	80 e0       	ldi	r24, 0x00	; 0
     d0a:	61 e0       	ldi	r22, 0x01	; 1
     d0c:	41 e0       	ldi	r20, 0x01	; 1
     d0e:	0e 94 b8 0c 	call	0x1970	; 0x1970 <DIO_voidSetpinValue>


    while(1)
    {

        door1_state = DIO_u8GetPinValue(DIO_PORTD, DIO_PIN2);
     d12:	83 e0       	ldi	r24, 0x03	; 3
     d14:	62 e0       	ldi	r22, 0x02	; 2
     d16:	0e 94 c0 0d 	call	0x1b80	; 0x1b80 <DIO_u8GetPinValue>
     d1a:	8a 8b       	std	Y+18, r24	; 0x12
        door2_state = DIO_u8GetPinValue(DIO_PORTD, DIO_PIN1);
     d1c:	83 e0       	ldi	r24, 0x03	; 3
     d1e:	61 e0       	ldi	r22, 0x01	; 1
     d20:	0e 94 c0 0d 	call	0x1b80	; 0x1b80 <DIO_u8GetPinValue>
     d24:	89 8b       	std	Y+17, r24	; 0x11


        water_flow_state = DIO_u8GetPinValue(DIO_PORTA, DIO_PIN0);
     d26:	80 e0       	ldi	r24, 0x00	; 0
     d28:	60 e0       	ldi	r22, 0x00	; 0
     d2a:	0e 94 c0 0d 	call	0x1b80	; 0x1b80 <DIO_u8GetPinValue>
     d2e:	88 8b       	std	Y+16, r24	; 0x10
        soap_weight_state = DIO_u8GetPinValue(DIO_PORTA, DIO_PIN1);
     d30:	80 e0       	ldi	r24, 0x00	; 0
     d32:	61 e0       	ldi	r22, 0x01	; 1
     d34:	0e 94 c0 0d 	call	0x1b80	; 0x1b80 <DIO_u8GetPinValue>
     d38:	8f 87       	std	Y+15, r24	; 0x0f


        if(door1_state == 0 && door2_state == 0 &&
     d3a:	8a 89       	ldd	r24, Y+18	; 0x12
     d3c:	88 23       	and	r24, r24
     d3e:	51 f4       	brne	.+20     	; 0xd54 <WASH_voidCheckDoorsAndArmSafety+0xb6>
     d40:	89 89       	ldd	r24, Y+17	; 0x11
     d42:	88 23       	and	r24, r24
     d44:	39 f4       	brne	.+14     	; 0xd54 <WASH_voidCheckDoorsAndArmSafety+0xb6>
     d46:	88 89       	ldd	r24, Y+16	; 0x10
     d48:	88 23       	and	r24, r24
     d4a:	21 f4       	brne	.+8      	; 0xd54 <WASH_voidCheckDoorsAndArmSafety+0xb6>
     d4c:	8f 85       	ldd	r24, Y+15	; 0x0f
     d4e:	88 23       	and	r24, r24
     d50:	09 f4       	brne	.+2      	; 0xd54 <WASH_voidCheckDoorsAndArmSafety+0xb6>
     d52:	a8 c0       	rjmp	.+336    	; 0xea4 <WASH_voidCheckDoorsAndArmSafety+0x206>
        {
            break;
        }


        LCD_voidSendCommand(0x01);
     d54:	81 e0       	ldi	r24, 0x01	; 1
     d56:	0e 94 84 16 	call	0x2d08	; 0x2d08 <LCD_voidSendCommand>
        if (door1_state == 1 || door2_state == 1)
     d5a:	8a 89       	ldd	r24, Y+18	; 0x12
     d5c:	81 30       	cpi	r24, 0x01	; 1
     d5e:	19 f0       	breq	.+6      	; 0xd66 <WASH_voidCheckDoorsAndArmSafety+0xc8>
     d60:	89 89       	ldd	r24, Y+17	; 0x11
     d62:	81 30       	cpi	r24, 0x01	; 1
     d64:	69 f4       	brne	.+26     	; 0xd80 <WASH_voidCheckDoorsAndArmSafety+0xe2>
        {
            LCD_voidWriteString(" SYSTEM HALTED:");
     d66:	80 e6       	ldi	r24, 0x60	; 96
     d68:	90 e0       	ldi	r25, 0x00	; 0
     d6a:	0e 94 f4 18 	call	0x31e8	; 0x31e8 <LCD_voidWriteString>
            LCD_GotoXY(0, 1);
     d6e:	80 e0       	ldi	r24, 0x00	; 0
     d70:	61 e0       	ldi	r22, 0x01	; 1
     d72:	0e 94 b1 18 	call	0x3162	; 0x3162 <LCD_GotoXY>
            LCD_voidWriteString(" CLOSE DOORS");
     d76:	80 e7       	ldi	r24, 0x70	; 112
     d78:	90 e0       	ldi	r25, 0x00	; 0
     d7a:	0e 94 f4 18 	call	0x31e8	; 0x31e8 <LCD_voidWriteString>
     d7e:	1f c0       	rjmp	.+62     	; 0xdbe <WASH_voidCheckDoorsAndArmSafety+0x120>
        }
        else if (water_flow_state == 1)
     d80:	88 89       	ldd	r24, Y+16	; 0x10
     d82:	81 30       	cpi	r24, 0x01	; 1
     d84:	69 f4       	brne	.+26     	; 0xda0 <WASH_voidCheckDoorsAndArmSafety+0x102>
        {
            LCD_voidWriteString(" SYSTEM HALTED:");
     d86:	80 e6       	ldi	r24, 0x60	; 96
     d88:	90 e0       	ldi	r25, 0x00	; 0
     d8a:	0e 94 f4 18 	call	0x31e8	; 0x31e8 <LCD_voidWriteString>
            LCD_GotoXY(0, 1);
     d8e:	80 e0       	ldi	r24, 0x00	; 0
     d90:	61 e0       	ldi	r22, 0x01	; 1
     d92:	0e 94 b1 18 	call	0x3162	; 0x3162 <LCD_GotoXY>
            LCD_voidWriteString(" CHECK WATER");
     d96:	8d e7       	ldi	r24, 0x7D	; 125
     d98:	90 e0       	ldi	r25, 0x00	; 0
     d9a:	0e 94 f4 18 	call	0x31e8	; 0x31e8 <LCD_voidWriteString>
     d9e:	0f c0       	rjmp	.+30     	; 0xdbe <WASH_voidCheckDoorsAndArmSafety+0x120>
        }
        else if (soap_weight_state == 1)
     da0:	8f 85       	ldd	r24, Y+15	; 0x0f
     da2:	81 30       	cpi	r24, 0x01	; 1
     da4:	61 f4       	brne	.+24     	; 0xdbe <WASH_voidCheckDoorsAndArmSafety+0x120>
        {
            LCD_voidWriteString(" SYSTEM HALTED:");
     da6:	80 e6       	ldi	r24, 0x60	; 96
     da8:	90 e0       	ldi	r25, 0x00	; 0
     daa:	0e 94 f4 18 	call	0x31e8	; 0x31e8 <LCD_voidWriteString>
            LCD_GotoXY(0, 1);
     dae:	80 e0       	ldi	r24, 0x00	; 0
     db0:	61 e0       	ldi	r22, 0x01	; 1
     db2:	0e 94 b1 18 	call	0x3162	; 0x3162 <LCD_GotoXY>
            LCD_voidWriteString(" ADD SOAP");
     db6:	8a e8       	ldi	r24, 0x8A	; 138
     db8:	90 e0       	ldi	r25, 0x00	; 0
     dba:	0e 94 f4 18 	call	0x31e8	; 0x31e8 <LCD_voidWriteString>
     dbe:	80 e0       	ldi	r24, 0x00	; 0
     dc0:	90 e0       	ldi	r25, 0x00	; 0
     dc2:	aa ef       	ldi	r26, 0xFA	; 250
     dc4:	b3 e4       	ldi	r27, 0x43	; 67
     dc6:	8b 87       	std	Y+11, r24	; 0x0b
     dc8:	9c 87       	std	Y+12, r25	; 0x0c
     dca:	ad 87       	std	Y+13, r26	; 0x0d
     dcc:	be 87       	std	Y+14, r27	; 0x0e
 */
void
_delay_ms(double __ms)
{
	uint16_t __ticks;
	double __tmp = ((F_CPU) / 4e3) * __ms;
     dce:	6b 85       	ldd	r22, Y+11	; 0x0b
     dd0:	7c 85       	ldd	r23, Y+12	; 0x0c
     dd2:	8d 85       	ldd	r24, Y+13	; 0x0d
     dd4:	9e 85       	ldd	r25, Y+14	; 0x0e
     dd6:	20 e0       	ldi	r18, 0x00	; 0
     dd8:	30 e0       	ldi	r19, 0x00	; 0
     dda:	4a ef       	ldi	r20, 0xFA	; 250
     ddc:	54 e4       	ldi	r21, 0x44	; 68
     dde:	0e 94 1f 02 	call	0x43e	; 0x43e <__mulsf3>
     de2:	dc 01       	movw	r26, r24
     de4:	cb 01       	movw	r24, r22
     de6:	8f 83       	std	Y+7, r24	; 0x07
     de8:	98 87       	std	Y+8, r25	; 0x08
     dea:	a9 87       	std	Y+9, r26	; 0x09
     dec:	ba 87       	std	Y+10, r27	; 0x0a
	if (__tmp < 1.0)
     dee:	6f 81       	ldd	r22, Y+7	; 0x07
     df0:	78 85       	ldd	r23, Y+8	; 0x08
     df2:	89 85       	ldd	r24, Y+9	; 0x09
     df4:	9a 85       	ldd	r25, Y+10	; 0x0a
     df6:	20 e0       	ldi	r18, 0x00	; 0
     df8:	30 e0       	ldi	r19, 0x00	; 0
     dfa:	40 e8       	ldi	r20, 0x80	; 128
     dfc:	5f e3       	ldi	r21, 0x3F	; 63
     dfe:	0e 94 25 04 	call	0x84a	; 0x84a <__ltsf2>
     e02:	88 23       	and	r24, r24
     e04:	2c f4       	brge	.+10     	; 0xe10 <WASH_voidCheckDoorsAndArmSafety+0x172>
		__ticks = 1;
     e06:	81 e0       	ldi	r24, 0x01	; 1
     e08:	90 e0       	ldi	r25, 0x00	; 0
     e0a:	9e 83       	std	Y+6, r25	; 0x06
     e0c:	8d 83       	std	Y+5, r24	; 0x05
     e0e:	3f c0       	rjmp	.+126    	; 0xe8e <WASH_voidCheckDoorsAndArmSafety+0x1f0>
	else if (__tmp > 65535)
     e10:	6f 81       	ldd	r22, Y+7	; 0x07
     e12:	78 85       	ldd	r23, Y+8	; 0x08
     e14:	89 85       	ldd	r24, Y+9	; 0x09
     e16:	9a 85       	ldd	r25, Y+10	; 0x0a
     e18:	20 e0       	ldi	r18, 0x00	; 0
     e1a:	3f ef       	ldi	r19, 0xFF	; 255
     e1c:	4f e7       	ldi	r20, 0x7F	; 127
     e1e:	57 e4       	ldi	r21, 0x47	; 71
     e20:	0e 94 c5 03 	call	0x78a	; 0x78a <__gtsf2>
     e24:	18 16       	cp	r1, r24
     e26:	4c f5       	brge	.+82     	; 0xe7a <WASH_voidCheckDoorsAndArmSafety+0x1dc>
	{
		//	__ticks = requested delay in 1/10 ms
		__ticks = (uint16_t) (__ms * 10.0);
     e28:	6b 85       	ldd	r22, Y+11	; 0x0b
     e2a:	7c 85       	ldd	r23, Y+12	; 0x0c
     e2c:	8d 85       	ldd	r24, Y+13	; 0x0d
     e2e:	9e 85       	ldd	r25, Y+14	; 0x0e
     e30:	20 e0       	ldi	r18, 0x00	; 0
     e32:	30 e0       	ldi	r19, 0x00	; 0
     e34:	40 e2       	ldi	r20, 0x20	; 32
     e36:	51 e4       	ldi	r21, 0x41	; 65
     e38:	0e 94 1f 02 	call	0x43e	; 0x43e <__mulsf3>
     e3c:	dc 01       	movw	r26, r24
     e3e:	cb 01       	movw	r24, r22
     e40:	bc 01       	movw	r22, r24
     e42:	cd 01       	movw	r24, r26
     e44:	0e 94 49 00 	call	0x92	; 0x92 <__fixunssfsi>
     e48:	dc 01       	movw	r26, r24
     e4a:	cb 01       	movw	r24, r22
     e4c:	9e 83       	std	Y+6, r25	; 0x06
     e4e:	8d 83       	std	Y+5, r24	; 0x05
     e50:	0f c0       	rjmp	.+30     	; 0xe70 <WASH_voidCheckDoorsAndArmSafety+0x1d2>
     e52:	88 ec       	ldi	r24, 0xC8	; 200
     e54:	90 e0       	ldi	r25, 0x00	; 0
     e56:	9c 83       	std	Y+4, r25	; 0x04
     e58:	8b 83       	std	Y+3, r24	; 0x03
    milliseconds can be achieved.
 */
void
_delay_loop_2(uint16_t __count)
{
	__asm__ volatile (
     e5a:	8b 81       	ldd	r24, Y+3	; 0x03
     e5c:	9c 81       	ldd	r25, Y+4	; 0x04
     e5e:	01 97       	sbiw	r24, 0x01	; 1
     e60:	f1 f7       	brne	.-4      	; 0xe5e <WASH_voidCheckDoorsAndArmSafety+0x1c0>
     e62:	9c 83       	std	Y+4, r25	; 0x04
     e64:	8b 83       	std	Y+3, r24	; 0x03
		while(__ticks)
		{
			// wait 1/10 ms
			_delay_loop_2(((F_CPU) / 4e3) / 10);
			__ticks --;
     e66:	8d 81       	ldd	r24, Y+5	; 0x05
     e68:	9e 81       	ldd	r25, Y+6	; 0x06
     e6a:	01 97       	sbiw	r24, 0x01	; 1
     e6c:	9e 83       	std	Y+6, r25	; 0x06
     e6e:	8d 83       	std	Y+5, r24	; 0x05
		__ticks = 1;
	else if (__tmp > 65535)
	{
		//	__ticks = requested delay in 1/10 ms
		__ticks = (uint16_t) (__ms * 10.0);
		while(__ticks)
     e70:	8d 81       	ldd	r24, Y+5	; 0x05
     e72:	9e 81       	ldd	r25, Y+6	; 0x06
     e74:	00 97       	sbiw	r24, 0x00	; 0
     e76:	69 f7       	brne	.-38     	; 0xe52 <WASH_voidCheckDoorsAndArmSafety+0x1b4>
     e78:	4c cf       	rjmp	.-360    	; 0xd12 <WASH_voidCheckDoorsAndArmSafety+0x74>
			__ticks --;
		}
		return;
	}
	else
		__ticks = (uint16_t)__tmp;
     e7a:	6f 81       	ldd	r22, Y+7	; 0x07
     e7c:	78 85       	ldd	r23, Y+8	; 0x08
     e7e:	89 85       	ldd	r24, Y+9	; 0x09
     e80:	9a 85       	ldd	r25, Y+10	; 0x0a
     e82:	0e 94 49 00 	call	0x92	; 0x92 <__fixunssfsi>
     e86:	dc 01       	movw	r26, r24
     e88:	cb 01       	movw	r24, r22
     e8a:	9e 83       	std	Y+6, r25	; 0x06
     e8c:	8d 83       	std	Y+5, r24	; 0x05
     e8e:	8d 81       	ldd	r24, Y+5	; 0x05
     e90:	9e 81       	ldd	r25, Y+6	; 0x06
     e92:	9a 83       	std	Y+2, r25	; 0x02
     e94:	89 83       	std	Y+1, r24	; 0x01
     e96:	89 81       	ldd	r24, Y+1	; 0x01
     e98:	9a 81       	ldd	r25, Y+2	; 0x02
     e9a:	01 97       	sbiw	r24, 0x01	; 1
     e9c:	f1 f7       	brne	.-4      	; 0xe9a <WASH_voidCheckDoorsAndArmSafety+0x1fc>
     e9e:	9a 83       	std	Y+2, r25	; 0x02
     ea0:	89 83       	std	Y+1, r24	; 0x01
     ea2:	37 cf       	rjmp	.-402    	; 0xd12 <WASH_voidCheckDoorsAndArmSafety+0x74>
        }

        _delay_ms(500);
    }

    EXTI_voidSetSenseControl(EXTI_INT0, RISING_EDGE);
     ea4:	80 e0       	ldi	r24, 0x00	; 0
     ea6:	64 e0       	ldi	r22, 0x04	; 4
     ea8:	0e 94 79 0f 	call	0x1ef2	; 0x1ef2 <EXTI_voidSetSenseControl>
    EXTI_voidEnable(EXTI_INT0);
     eac:	80 e0       	ldi	r24, 0x00	; 0
     eae:	0e 94 7b 10 	call	0x20f6	; 0x20f6 <EXTI_voidEnable>
    SET_BIT(SREG, 7);
     eb2:	af e5       	ldi	r26, 0x5F	; 95
     eb4:	b0 e0       	ldi	r27, 0x00	; 0
     eb6:	ef e5       	ldi	r30, 0x5F	; 95
     eb8:	f0 e0       	ldi	r31, 0x00	; 0
     eba:	80 81       	ld	r24, Z
     ebc:	80 68       	ori	r24, 0x80	; 128
     ebe:	8c 93       	st	X, r24
}
     ec0:	62 96       	adiw	r28, 0x12	; 18
     ec2:	0f b6       	in	r0, 0x3f	; 63
     ec4:	f8 94       	cli
     ec6:	de bf       	out	0x3e, r29	; 62
     ec8:	0f be       	out	0x3f, r0	; 63
     eca:	cd bf       	out	0x3d, r28	; 61
     ecc:	cf 91       	pop	r28
     ece:	df 91       	pop	r29
     ed0:	08 95       	ret

00000ed2 <WASH_voidGetPreferences>:

/* ------------------------------------------------------------------ */
/* Function to get user preferences                                   */
/* ------------------------------------------------------------------ */
void WASH_voidGetPreferences(u8 *ModeVariable, u8 *SpeedVariable)
{
     ed2:	df 93       	push	r29
     ed4:	cf 93       	push	r28
     ed6:	cd b7       	in	r28, 0x3d	; 61
     ed8:	de b7       	in	r29, 0x3e	; 62
     eda:	63 97       	sbiw	r28, 0x13	; 19
     edc:	0f b6       	in	r0, 0x3f	; 63
     ede:	f8 94       	cli
     ee0:	de bf       	out	0x3e, r29	; 62
     ee2:	0f be       	out	0x3f, r0	; 63
     ee4:	cd bf       	out	0x3d, r28	; 61
     ee6:	99 8b       	std	Y+17, r25	; 0x11
     ee8:	88 8b       	std	Y+16, r24	; 0x10
     eea:	7b 8b       	std	Y+19, r23	; 0x13
     eec:	6a 8b       	std	Y+18, r22	; 0x12
    u8 key_pressed = 0;
     eee:	1f 86       	std	Y+15, r1	; 0x0f

    LCD_voidSendCommand(0x01);
     ef0:	81 e0       	ldi	r24, 0x01	; 1
     ef2:	0e 94 84 16 	call	0x2d08	; 0x2d08 <LCD_voidSendCommand>
    LCD_voidWriteString(" Please select");
     ef6:	84 e9       	ldi	r24, 0x94	; 148
     ef8:	90 e0       	ldi	r25, 0x00	; 0
     efa:	0e 94 f4 18 	call	0x31e8	; 0x31e8 <LCD_voidWriteString>
    LCD_GotoXY(0, 1);
     efe:	80 e0       	ldi	r24, 0x00	; 0
     f00:	61 e0       	ldi	r22, 0x01	; 1
     f02:	0e 94 b1 18 	call	0x3162	; 0x3162 <LCD_GotoXY>
    LCD_voidWriteString("  Washing mode...");
     f06:	83 ea       	ldi	r24, 0xA3	; 163
     f08:	90 e0       	ldi	r25, 0x00	; 0
     f0a:	0e 94 f4 18 	call	0x31e8	; 0x31e8 <LCD_voidWriteString>
     f0e:	80 e0       	ldi	r24, 0x00	; 0
     f10:	90 e0       	ldi	r25, 0x00	; 0
     f12:	aa ef       	ldi	r26, 0xFA	; 250
     f14:	b4 e4       	ldi	r27, 0x44	; 68
     f16:	8b 87       	std	Y+11, r24	; 0x0b
     f18:	9c 87       	std	Y+12, r25	; 0x0c
     f1a:	ad 87       	std	Y+13, r26	; 0x0d
     f1c:	be 87       	std	Y+14, r27	; 0x0e
 */
void
_delay_ms(double __ms)
{
	uint16_t __ticks;
	double __tmp = ((F_CPU) / 4e3) * __ms;
     f1e:	6b 85       	ldd	r22, Y+11	; 0x0b
     f20:	7c 85       	ldd	r23, Y+12	; 0x0c
     f22:	8d 85       	ldd	r24, Y+13	; 0x0d
     f24:	9e 85       	ldd	r25, Y+14	; 0x0e
     f26:	20 e0       	ldi	r18, 0x00	; 0
     f28:	30 e0       	ldi	r19, 0x00	; 0
     f2a:	4a ef       	ldi	r20, 0xFA	; 250
     f2c:	54 e4       	ldi	r21, 0x44	; 68
     f2e:	0e 94 1f 02 	call	0x43e	; 0x43e <__mulsf3>
     f32:	dc 01       	movw	r26, r24
     f34:	cb 01       	movw	r24, r22
     f36:	8f 83       	std	Y+7, r24	; 0x07
     f38:	98 87       	std	Y+8, r25	; 0x08
     f3a:	a9 87       	std	Y+9, r26	; 0x09
     f3c:	ba 87       	std	Y+10, r27	; 0x0a
	if (__tmp < 1.0)
     f3e:	6f 81       	ldd	r22, Y+7	; 0x07
     f40:	78 85       	ldd	r23, Y+8	; 0x08
     f42:	89 85       	ldd	r24, Y+9	; 0x09
     f44:	9a 85       	ldd	r25, Y+10	; 0x0a
     f46:	20 e0       	ldi	r18, 0x00	; 0
     f48:	30 e0       	ldi	r19, 0x00	; 0
     f4a:	40 e8       	ldi	r20, 0x80	; 128
     f4c:	5f e3       	ldi	r21, 0x3F	; 63
     f4e:	0e 94 25 04 	call	0x84a	; 0x84a <__ltsf2>
     f52:	88 23       	and	r24, r24
     f54:	2c f4       	brge	.+10     	; 0xf60 <WASH_voidGetPreferences+0x8e>
		__ticks = 1;
     f56:	81 e0       	ldi	r24, 0x01	; 1
     f58:	90 e0       	ldi	r25, 0x00	; 0
     f5a:	9e 83       	std	Y+6, r25	; 0x06
     f5c:	8d 83       	std	Y+5, r24	; 0x05
     f5e:	3f c0       	rjmp	.+126    	; 0xfde <WASH_voidGetPreferences+0x10c>
	else if (__tmp > 65535)
     f60:	6f 81       	ldd	r22, Y+7	; 0x07
     f62:	78 85       	ldd	r23, Y+8	; 0x08
     f64:	89 85       	ldd	r24, Y+9	; 0x09
     f66:	9a 85       	ldd	r25, Y+10	; 0x0a
     f68:	20 e0       	ldi	r18, 0x00	; 0
     f6a:	3f ef       	ldi	r19, 0xFF	; 255
     f6c:	4f e7       	ldi	r20, 0x7F	; 127
     f6e:	57 e4       	ldi	r21, 0x47	; 71
     f70:	0e 94 c5 03 	call	0x78a	; 0x78a <__gtsf2>
     f74:	18 16       	cp	r1, r24
     f76:	4c f5       	brge	.+82     	; 0xfca <WASH_voidGetPreferences+0xf8>
	{
		//	__ticks = requested delay in 1/10 ms
		__ticks = (uint16_t) (__ms * 10.0);
     f78:	6b 85       	ldd	r22, Y+11	; 0x0b
     f7a:	7c 85       	ldd	r23, Y+12	; 0x0c
     f7c:	8d 85       	ldd	r24, Y+13	; 0x0d
     f7e:	9e 85       	ldd	r25, Y+14	; 0x0e
     f80:	20 e0       	ldi	r18, 0x00	; 0
     f82:	30 e0       	ldi	r19, 0x00	; 0
     f84:	40 e2       	ldi	r20, 0x20	; 32
     f86:	51 e4       	ldi	r21, 0x41	; 65
     f88:	0e 94 1f 02 	call	0x43e	; 0x43e <__mulsf3>
     f8c:	dc 01       	movw	r26, r24
     f8e:	cb 01       	movw	r24, r22
     f90:	bc 01       	movw	r22, r24
     f92:	cd 01       	movw	r24, r26
     f94:	0e 94 49 00 	call	0x92	; 0x92 <__fixunssfsi>
     f98:	dc 01       	movw	r26, r24
     f9a:	cb 01       	movw	r24, r22
     f9c:	9e 83       	std	Y+6, r25	; 0x06
     f9e:	8d 83       	std	Y+5, r24	; 0x05
     fa0:	0f c0       	rjmp	.+30     	; 0xfc0 <WASH_voidGetPreferences+0xee>
     fa2:	88 ec       	ldi	r24, 0xC8	; 200
     fa4:	90 e0       	ldi	r25, 0x00	; 0
     fa6:	9c 83       	std	Y+4, r25	; 0x04
     fa8:	8b 83       	std	Y+3, r24	; 0x03
     faa:	8b 81       	ldd	r24, Y+3	; 0x03
     fac:	9c 81       	ldd	r25, Y+4	; 0x04
     fae:	01 97       	sbiw	r24, 0x01	; 1
     fb0:	f1 f7       	brne	.-4      	; 0xfae <WASH_voidGetPreferences+0xdc>
     fb2:	9c 83       	std	Y+4, r25	; 0x04
     fb4:	8b 83       	std	Y+3, r24	; 0x03
		while(__ticks)
		{
			// wait 1/10 ms
			_delay_loop_2(((F_CPU) / 4e3) / 10);
			__ticks --;
     fb6:	8d 81       	ldd	r24, Y+5	; 0x05
     fb8:	9e 81       	ldd	r25, Y+6	; 0x06
     fba:	01 97       	sbiw	r24, 0x01	; 1
     fbc:	9e 83       	std	Y+6, r25	; 0x06
     fbe:	8d 83       	std	Y+5, r24	; 0x05
		__ticks = 1;
	else if (__tmp > 65535)
	{
		//	__ticks = requested delay in 1/10 ms
		__ticks = (uint16_t) (__ms * 10.0);
		while(__ticks)
     fc0:	8d 81       	ldd	r24, Y+5	; 0x05
     fc2:	9e 81       	ldd	r25, Y+6	; 0x06
     fc4:	00 97       	sbiw	r24, 0x00	; 0
     fc6:	69 f7       	brne	.-38     	; 0xfa2 <WASH_voidGetPreferences+0xd0>
     fc8:	14 c0       	rjmp	.+40     	; 0xff2 <WASH_voidGetPreferences+0x120>
			__ticks --;
		}
		return;
	}
	else
		__ticks = (uint16_t)__tmp;
     fca:	6f 81       	ldd	r22, Y+7	; 0x07
     fcc:	78 85       	ldd	r23, Y+8	; 0x08
     fce:	89 85       	ldd	r24, Y+9	; 0x09
     fd0:	9a 85       	ldd	r25, Y+10	; 0x0a
     fd2:	0e 94 49 00 	call	0x92	; 0x92 <__fixunssfsi>
     fd6:	dc 01       	movw	r26, r24
     fd8:	cb 01       	movw	r24, r22
     fda:	9e 83       	std	Y+6, r25	; 0x06
     fdc:	8d 83       	std	Y+5, r24	; 0x05
     fde:	8d 81       	ldd	r24, Y+5	; 0x05
     fe0:	9e 81       	ldd	r25, Y+6	; 0x06
     fe2:	9a 83       	std	Y+2, r25	; 0x02
     fe4:	89 83       	std	Y+1, r24	; 0x01
     fe6:	89 81       	ldd	r24, Y+1	; 0x01
     fe8:	9a 81       	ldd	r25, Y+2	; 0x02
     fea:	01 97       	sbiw	r24, 0x01	; 1
     fec:	f1 f7       	brne	.-4      	; 0xfea <WASH_voidGetPreferences+0x118>
     fee:	9a 83       	std	Y+2, r25	; 0x02
     ff0:	89 83       	std	Y+1, r24	; 0x01
    _delay_ms(2000);

    /* --- SCREEN 1: MODE SELECTION --- */
    WASH_u8ActiveScreen = 1;
     ff2:	81 e0       	ldi	r24, 0x01	; 1
     ff4:	80 93 6e 01 	sts	0x016E, r24

    LCD_voidSendCommand(0x01);
     ff8:	81 e0       	ldi	r24, 0x01	; 1
     ffa:	0e 94 84 16 	call	0x2d08	; 0x2d08 <LCD_voidSendCommand>
    LCD_voidWriteString(" 1-White 2-Color");
     ffe:	85 eb       	ldi	r24, 0xB5	; 181
    1000:	90 e0       	ldi	r25, 0x00	; 0
    1002:	0e 94 f4 18 	call	0x31e8	; 0x31e8 <LCD_voidWriteString>
    LCD_GotoXY(0, 1);
    1006:	80 e0       	ldi	r24, 0x00	; 0
    1008:	61 e0       	ldi	r22, 0x01	; 1
    100a:	0e 94 b1 18 	call	0x3162	; 0x3162 <LCD_GotoXY>
    LCD_voidWriteString("    3-Drying");
    100e:	86 ec       	ldi	r24, 0xC6	; 198
    1010:	90 e0       	ldi	r25, 0x00	; 0
    1012:	0e 94 f4 18 	call	0x31e8	; 0x31e8 <LCD_voidWriteString>

    while(1)
    {
        key_pressed = GET_u8PRESSEDKEY();
    1016:	0e 94 5c 11 	call	0x22b8	; 0x22b8 <GET_u8PRESSEDKEY>
    101a:	8f 87       	std	Y+15, r24	; 0x0f
        if(key_pressed == '1' || key_pressed == '2' || key_pressed == '3')
    101c:	8f 85       	ldd	r24, Y+15	; 0x0f
    101e:	81 33       	cpi	r24, 0x31	; 49
    1020:	31 f0       	breq	.+12     	; 0x102e <WASH_voidGetPreferences+0x15c>
    1022:	8f 85       	ldd	r24, Y+15	; 0x0f
    1024:	82 33       	cpi	r24, 0x32	; 50
    1026:	19 f0       	breq	.+6      	; 0x102e <WASH_voidGetPreferences+0x15c>
    1028:	8f 85       	ldd	r24, Y+15	; 0x0f
    102a:	83 33       	cpi	r24, 0x33	; 51
    102c:	a1 f7       	brne	.-24     	; 0x1016 <WASH_voidGetPreferences+0x144>
        {
            *ModeVariable = key_pressed - '0';
    102e:	8f 85       	ldd	r24, Y+15	; 0x0f
    1030:	80 53       	subi	r24, 0x30	; 48
    1032:	e8 89       	ldd	r30, Y+16	; 0x10
    1034:	f9 89       	ldd	r31, Y+17	; 0x11
    1036:	80 83       	st	Z, r24
            while(GET_u8PRESSEDKEY() != 0);
    1038:	0e 94 5c 11 	call	0x22b8	; 0x22b8 <GET_u8PRESSEDKEY>
    103c:	88 23       	and	r24, r24
    103e:	e1 f7       	brne	.-8      	; 0x1038 <WASH_voidGetPreferences+0x166>
            break;
        }
    }

    /* --- SCREEN 2: SPEED SELECTION --- */
    WASH_u8ActiveScreen = 2;
    1040:	82 e0       	ldi	r24, 0x02	; 2
    1042:	80 93 6e 01 	sts	0x016E, r24

    LCD_voidSendCommand(0x01);
    1046:	81 e0       	ldi	r24, 0x01	; 1
    1048:	0e 94 84 16 	call	0x2d08	; 0x2d08 <LCD_voidSendCommand>
    LCD_voidWriteString(" 1-Fast (1 hour)");
    104c:	83 ed       	ldi	r24, 0xD3	; 211
    104e:	90 e0       	ldi	r25, 0x00	; 0
    1050:	0e 94 f4 18 	call	0x31e8	; 0x31e8 <LCD_voidWriteString>
    LCD_GotoXY(0, 1);
    1054:	80 e0       	ldi	r24, 0x00	; 0
    1056:	61 e0       	ldi	r22, 0x01	; 1
    1058:	0e 94 b1 18 	call	0x3162	; 0x3162 <LCD_GotoXY>
    LCD_voidWriteString(" 2-Normal(2 hrs)");
    105c:	84 ee       	ldi	r24, 0xE4	; 228
    105e:	90 e0       	ldi	r25, 0x00	; 0
    1060:	0e 94 f4 18 	call	0x31e8	; 0x31e8 <LCD_voidWriteString>

    while(1)
    {
        key_pressed = GET_u8PRESSEDKEY();
    1064:	0e 94 5c 11 	call	0x22b8	; 0x22b8 <GET_u8PRESSEDKEY>
    1068:	8f 87       	std	Y+15, r24	; 0x0f
        if(key_pressed == '1' || key_pressed == '2')
    106a:	8f 85       	ldd	r24, Y+15	; 0x0f
    106c:	81 33       	cpi	r24, 0x31	; 49
    106e:	19 f0       	breq	.+6      	; 0x1076 <WASH_voidGetPreferences+0x1a4>
    1070:	8f 85       	ldd	r24, Y+15	; 0x0f
    1072:	82 33       	cpi	r24, 0x32	; 50
    1074:	b9 f7       	brne	.-18     	; 0x1064 <WASH_voidGetPreferences+0x192>
        {
            *SpeedVariable = key_pressed - '0';
    1076:	8f 85       	ldd	r24, Y+15	; 0x0f
    1078:	80 53       	subi	r24, 0x30	; 48
    107a:	ea 89       	ldd	r30, Y+18	; 0x12
    107c:	fb 89       	ldd	r31, Y+19	; 0x13
    107e:	80 83       	st	Z, r24
            while(GET_u8PRESSEDKEY() != 0);
    1080:	0e 94 5c 11 	call	0x22b8	; 0x22b8 <GET_u8PRESSEDKEY>
    1084:	88 23       	and	r24, r24
    1086:	e1 f7       	brne	.-8      	; 0x1080 <WASH_voidGetPreferences+0x1ae>
            break;
        }
    }

    WASH_u8ActiveScreen = 0;
    1088:	10 92 6e 01 	sts	0x016E, r1
        {
            *SpeedVariable = key_pressed - '0';
            while(GET_u8PRESSEDKEY() != 0);
            break;
        }
    }
    108c:	63 96       	adiw	r28, 0x13	; 19
    108e:	0f b6       	in	r0, 0x3f	; 63
    1090:	f8 94       	cli
    1092:	de bf       	out	0x3e, r29	; 62
    1094:	0f be       	out	0x3f, r0	; 63
    1096:	cd bf       	out	0x3d, r28	; 61
    1098:	cf 91       	pop	r28
    109a:	df 91       	pop	r29
    109c:	08 95       	ret

0000109e <WASH_voidRunCycle>:

/* ------------------------------------------------------------------ */
/* Function to run the animation and clock                            */
/* ------------------------------------------------------------------ */
void WASH_voidRunCycle(u8 SelectedSpeed)
{
    109e:	df 93       	push	r29
    10a0:	cf 93       	push	r28
    10a2:	cd b7       	in	r28, 0x3d	; 61
    10a4:	de b7       	in	r29, 0x3e	; 62
    10a6:	a1 97       	sbiw	r28, 0x21	; 33
    10a8:	0f b6       	in	r0, 0x3f	; 63
    10aa:	f8 94       	cli
    10ac:	de bf       	out	0x3e, r29	; 62
    10ae:	0f be       	out	0x3f, r0	; 63
    10b0:	cd bf       	out	0x3d, r28	; 61
    10b2:	89 a3       	std	Y+33, r24	; 0x21
    u8 hours = 1;
    10b4:	81 e0       	ldi	r24, 0x01	; 1
    10b6:	88 a3       	std	Y+32, r24	; 0x20
    u8 minutes = 0;
    10b8:	1f 8e       	std	Y+31, r1	; 0x1f
    u8 seconds = 0;
    10ba:	1e 8e       	std	Y+30, r1	; 0x1e
    u8 anim_frame = 0;
    10bc:	1d 8e       	std	Y+29, r1	; 0x1d

    /* --- CONFIGURE SPEED & TIME --- */
    if (SelectedSpeed == 1)
    10be:	89 a1       	ldd	r24, Y+33	; 0x21
    10c0:	81 30       	cpi	r24, 0x01	; 1
    10c2:	31 f4       	brne	.+12     	; 0x10d0 <WASH_voidRunCycle+0x32>
    {
        hours = 1;
    10c4:	81 e0       	ldi	r24, 0x01	; 1
    10c6:	88 a3       	std	Y+32, r24	; 0x20
        current_motor_speed = 255; /* 100% Duty Cycle (Full Speed) */
    10c8:	8f ef       	ldi	r24, 0xFF	; 255
    10ca:	80 93 6f 01 	sts	0x016F, r24
    10ce:	08 c0       	rjmp	.+16     	; 0x10e0 <WASH_voidRunCycle+0x42>
    }
    else if (SelectedSpeed == 2)
    10d0:	89 a1       	ldd	r24, Y+33	; 0x21
    10d2:	82 30       	cpi	r24, 0x02	; 2
    10d4:	29 f4       	brne	.+10     	; 0x10e0 <WASH_voidRunCycle+0x42>
    {
        hours = 2;
    10d6:	82 e0       	ldi	r24, 0x02	; 2
    10d8:	88 a3       	std	Y+32, r24	; 0x20
        current_motor_speed = 128; /* 50% Duty Cycle (Half Speed) */
    10da:	80 e8       	ldi	r24, 0x80	; 128
    10dc:	80 93 6f 01 	sts	0x016F, r24
    }

    /* --- HARDWARE PWM SETUP --- */
    /* 1. Set PB3 (OC0) to Output */
    DIO_voidSetPinDirection(DIO_PORTB, DIO_PIN3, OUTPUT);
    10e0:	81 e0       	ldi	r24, 0x01	; 1
    10e2:	63 e0       	ldi	r22, 0x03	; 3
    10e4:	41 e0       	ldi	r20, 0x01	; 1
    10e6:	0e 94 b0 0b 	call	0x1760	; 0x1760 <DIO_voidSetPinDirection>

    /* 2. Initialize Timer0 */
    TIM0_voidinit();
    10ea:	0e 94 65 19 	call	0x32ca	; 0x32ca <TIM0_voidinit>

    /* 3. Set to Fast PWM using your exact header macro! */
    TIM0_voidSetMode(FAST_PWM);
    10ee:	84 e0       	ldi	r24, 0x04	; 4
    10f0:	0e 94 b8 19 	call	0x3370	; 0x3370 <TIM0_voidSetMode>

    /* 4. Manually connect the physical OC0 pin (COM01 = 1)
          since TIM0_voidinit() clears bits 4 and 5. */
    SET_BIT(TCCR0, 5);
    10f4:	a3 e5       	ldi	r26, 0x53	; 83
    10f6:	b0 e0       	ldi	r27, 0x00	; 0
    10f8:	e3 e5       	ldi	r30, 0x53	; 83
    10fa:	f0 e0       	ldi	r31, 0x00	; 0
    10fc:	80 81       	ld	r24, Z
    10fe:	80 62       	ori	r24, 0x20	; 32
    1100:	8c 93       	st	X, r24

    /* 5. Start the motor at the selected speed */
    TIM0_voidSetCTCReg(current_motor_speed);
    1102:	80 91 6f 01 	lds	r24, 0x016F
    1106:	0e 94 ce 1a 	call	0x359c	; 0x359c <TIM0_voidSetCTCReg>

    LCD_voidSendCommand(0x01);
    110a:	81 e0       	ldi	r24, 0x01	; 1
    110c:	0e 94 84 16 	call	0x2d08	; 0x2d08 <LCD_voidSendCommand>
    1110:	d9 c0       	rjmp	.+434    	; 0x12c4 <WASH_voidRunCycle+0x226>

    while(hours > 0 || minutes > 0 || seconds > 0)
    {
        /* Render Top Line Animation */
        LCD_GotoXY(0, 0);
    1112:	80 e0       	ldi	r24, 0x00	; 0
    1114:	60 e0       	ldi	r22, 0x00	; 0
    1116:	0e 94 b1 18 	call	0x3162	; 0x3162 <LCD_GotoXY>

        if(anim_frame == 0)      LCD_voidWriteString(" Washing .      ");
    111a:	8d 8d       	ldd	r24, Y+29	; 0x1d
    111c:	88 23       	and	r24, r24
    111e:	29 f4       	brne	.+10     	; 0x112a <WASH_voidRunCycle+0x8c>
    1120:	85 ef       	ldi	r24, 0xF5	; 245
    1122:	90 e0       	ldi	r25, 0x00	; 0
    1124:	0e 94 f4 18 	call	0x31e8	; 0x31e8 <LCD_voidWriteString>
    1128:	17 c0       	rjmp	.+46     	; 0x1158 <WASH_voidRunCycle+0xba>
        else if(anim_frame == 1) LCD_voidWriteString(" Washing ..     ");
    112a:	8d 8d       	ldd	r24, Y+29	; 0x1d
    112c:	81 30       	cpi	r24, 0x01	; 1
    112e:	29 f4       	brne	.+10     	; 0x113a <WASH_voidRunCycle+0x9c>
    1130:	86 e0       	ldi	r24, 0x06	; 6
    1132:	91 e0       	ldi	r25, 0x01	; 1
    1134:	0e 94 f4 18 	call	0x31e8	; 0x31e8 <LCD_voidWriteString>
    1138:	0f c0       	rjmp	.+30     	; 0x1158 <WASH_voidRunCycle+0xba>
        else if(anim_frame == 2) LCD_voidWriteString(" Washing ...    ");
    113a:	8d 8d       	ldd	r24, Y+29	; 0x1d
    113c:	82 30       	cpi	r24, 0x02	; 2
    113e:	29 f4       	brne	.+10     	; 0x114a <WASH_voidRunCycle+0xac>
    1140:	87 e1       	ldi	r24, 0x17	; 23
    1142:	91 e0       	ldi	r25, 0x01	; 1
    1144:	0e 94 f4 18 	call	0x31e8	; 0x31e8 <LCD_voidWriteString>
    1148:	07 c0       	rjmp	.+14     	; 0x1158 <WASH_voidRunCycle+0xba>
        else if(anim_frame == 3) LCD_voidWriteString(" Washing ....   ");
    114a:	8d 8d       	ldd	r24, Y+29	; 0x1d
    114c:	83 30       	cpi	r24, 0x03	; 3
    114e:	21 f4       	brne	.+8      	; 0x1158 <WASH_voidRunCycle+0xba>
    1150:	88 e2       	ldi	r24, 0x28	; 40
    1152:	91 e0       	ldi	r25, 0x01	; 1
    1154:	0e 94 f4 18 	call	0x31e8	; 0x31e8 <LCD_voidWriteString>

        anim_frame++;
    1158:	8d 8d       	ldd	r24, Y+29	; 0x1d
    115a:	8f 5f       	subi	r24, 0xFF	; 255
    115c:	8d 8f       	std	Y+29, r24	; 0x1d
        if(anim_frame > 3) anim_frame = 0;
    115e:	8d 8d       	ldd	r24, Y+29	; 0x1d
    1160:	84 30       	cpi	r24, 0x04	; 4
    1162:	08 f0       	brcs	.+2      	; 0x1166 <WASH_voidRunCycle+0xc8>
    1164:	1d 8e       	std	Y+29, r1	; 0x1d

        /* Render Bottom Line Clock */
        LCD_GotoXY(4, 1);
    1166:	84 e0       	ldi	r24, 0x04	; 4
    1168:	61 e0       	ldi	r22, 0x01	; 1
    116a:	0e 94 b1 18 	call	0x3162	; 0x3162 <LCD_GotoXY>

        LCD_voidWriteNumber(hours);
    116e:	88 a1       	ldd	r24, Y+32	; 0x20
    1170:	0e 94 1d 19 	call	0x323a	; 0x323a <LCD_voidWriteNumber>
        LCD_voidSendData(':');
    1174:	8a e3       	ldi	r24, 0x3A	; 58
    1176:	0e 94 6d 17 	call	0x2eda	; 0x2eda <LCD_voidSendData>

        if(minutes < 10) LCD_voidSendData('0');
    117a:	8f 8d       	ldd	r24, Y+31	; 0x1f
    117c:	8a 30       	cpi	r24, 0x0A	; 10
    117e:	18 f4       	brcc	.+6      	; 0x1186 <WASH_voidRunCycle+0xe8>
    1180:	80 e3       	ldi	r24, 0x30	; 48
    1182:	0e 94 6d 17 	call	0x2eda	; 0x2eda <LCD_voidSendData>
        LCD_voidWriteNumber(minutes);
    1186:	8f 8d       	ldd	r24, Y+31	; 0x1f
    1188:	0e 94 1d 19 	call	0x323a	; 0x323a <LCD_voidWriteNumber>
        LCD_voidSendData(':');
    118c:	8a e3       	ldi	r24, 0x3A	; 58
    118e:	0e 94 6d 17 	call	0x2eda	; 0x2eda <LCD_voidSendData>

        if(seconds < 10) LCD_voidSendData('0');
    1192:	8e 8d       	ldd	r24, Y+30	; 0x1e
    1194:	8a 30       	cpi	r24, 0x0A	; 10
    1196:	18 f4       	brcc	.+6      	; 0x119e <WASH_voidRunCycle+0x100>
    1198:	80 e3       	ldi	r24, 0x30	; 48
    119a:	0e 94 6d 17 	call	0x2eda	; 0x2eda <LCD_voidSendData>
        LCD_voidWriteNumber(seconds);
    119e:	8e 8d       	ldd	r24, Y+30	; 0x1e
    11a0:	0e 94 1d 19 	call	0x323a	; 0x323a <LCD_voidWriteNumber>

        LCD_voidWriteString("   ");
    11a4:	89 e3       	ldi	r24, 0x39	; 57
    11a6:	91 e0       	ldi	r25, 0x01	; 1
    11a8:	0e 94 f4 18 	call	0x31e8	; 0x31e8 <LCD_voidWriteString>
    11ac:	80 e0       	ldi	r24, 0x00	; 0
    11ae:	90 e0       	ldi	r25, 0x00	; 0
    11b0:	aa e7       	ldi	r26, 0x7A	; 122
    11b2:	b4 e4       	ldi	r27, 0x44	; 68
    11b4:	89 8f       	std	Y+25, r24	; 0x19
    11b6:	9a 8f       	std	Y+26, r25	; 0x1a
    11b8:	ab 8f       	std	Y+27, r26	; 0x1b
    11ba:	bc 8f       	std	Y+28, r27	; 0x1c
 */
void
_delay_ms(double __ms)
{
	uint16_t __ticks;
	double __tmp = ((F_CPU) / 4e3) * __ms;
    11bc:	69 8d       	ldd	r22, Y+25	; 0x19
    11be:	7a 8d       	ldd	r23, Y+26	; 0x1a
    11c0:	8b 8d       	ldd	r24, Y+27	; 0x1b
    11c2:	9c 8d       	ldd	r25, Y+28	; 0x1c
    11c4:	20 e0       	ldi	r18, 0x00	; 0
    11c6:	30 e0       	ldi	r19, 0x00	; 0
    11c8:	4a ef       	ldi	r20, 0xFA	; 250
    11ca:	54 e4       	ldi	r21, 0x44	; 68
    11cc:	0e 94 1f 02 	call	0x43e	; 0x43e <__mulsf3>
    11d0:	dc 01       	movw	r26, r24
    11d2:	cb 01       	movw	r24, r22
    11d4:	8d 8b       	std	Y+21, r24	; 0x15
    11d6:	9e 8b       	std	Y+22, r25	; 0x16
    11d8:	af 8b       	std	Y+23, r26	; 0x17
    11da:	b8 8f       	std	Y+24, r27	; 0x18
	if (__tmp < 1.0)
    11dc:	6d 89       	ldd	r22, Y+21	; 0x15
    11de:	7e 89       	ldd	r23, Y+22	; 0x16
    11e0:	8f 89       	ldd	r24, Y+23	; 0x17
    11e2:	98 8d       	ldd	r25, Y+24	; 0x18
    11e4:	20 e0       	ldi	r18, 0x00	; 0
    11e6:	30 e0       	ldi	r19, 0x00	; 0
    11e8:	40 e8       	ldi	r20, 0x80	; 128
    11ea:	5f e3       	ldi	r21, 0x3F	; 63
    11ec:	0e 94 25 04 	call	0x84a	; 0x84a <__ltsf2>
    11f0:	88 23       	and	r24, r24
    11f2:	2c f4       	brge	.+10     	; 0x11fe <WASH_voidRunCycle+0x160>
		__ticks = 1;
    11f4:	81 e0       	ldi	r24, 0x01	; 1
    11f6:	90 e0       	ldi	r25, 0x00	; 0
    11f8:	9c 8b       	std	Y+20, r25	; 0x14
    11fa:	8b 8b       	std	Y+19, r24	; 0x13
    11fc:	3f c0       	rjmp	.+126    	; 0x127c <WASH_voidRunCycle+0x1de>
	else if (__tmp > 65535)
    11fe:	6d 89       	ldd	r22, Y+21	; 0x15
    1200:	7e 89       	ldd	r23, Y+22	; 0x16
    1202:	8f 89       	ldd	r24, Y+23	; 0x17
    1204:	98 8d       	ldd	r25, Y+24	; 0x18
    1206:	20 e0       	ldi	r18, 0x00	; 0
    1208:	3f ef       	ldi	r19, 0xFF	; 255
    120a:	4f e7       	ldi	r20, 0x7F	; 127
    120c:	57 e4       	ldi	r21, 0x47	; 71
    120e:	0e 94 c5 03 	call	0x78a	; 0x78a <__gtsf2>
    1212:	18 16       	cp	r1, r24
    1214:	4c f5       	brge	.+82     	; 0x1268 <WASH_voidRunCycle+0x1ca>
	{
		//	__ticks = requested delay in 1/10 ms
		__ticks = (uint16_t) (__ms * 10.0);
    1216:	69 8d       	ldd	r22, Y+25	; 0x19
    1218:	7a 8d       	ldd	r23, Y+26	; 0x1a
    121a:	8b 8d       	ldd	r24, Y+27	; 0x1b
    121c:	9c 8d       	ldd	r25, Y+28	; 0x1c
    121e:	20 e0       	ldi	r18, 0x00	; 0
    1220:	30 e0       	ldi	r19, 0x00	; 0
    1222:	40 e2       	ldi	r20, 0x20	; 32
    1224:	51 e4       	ldi	r21, 0x41	; 65
    1226:	0e 94 1f 02 	call	0x43e	; 0x43e <__mulsf3>
    122a:	dc 01       	movw	r26, r24
    122c:	cb 01       	movw	r24, r22
    122e:	bc 01       	movw	r22, r24
    1230:	cd 01       	movw	r24, r26
    1232:	0e 94 49 00 	call	0x92	; 0x92 <__fixunssfsi>
    1236:	dc 01       	movw	r26, r24
    1238:	cb 01       	movw	r24, r22
    123a:	9c 8b       	std	Y+20, r25	; 0x14
    123c:	8b 8b       	std	Y+19, r24	; 0x13
    123e:	0f c0       	rjmp	.+30     	; 0x125e <WASH_voidRunCycle+0x1c0>
    1240:	88 ec       	ldi	r24, 0xC8	; 200
    1242:	90 e0       	ldi	r25, 0x00	; 0
    1244:	9a 8b       	std	Y+18, r25	; 0x12
    1246:	89 8b       	std	Y+17, r24	; 0x11
    1248:	89 89       	ldd	r24, Y+17	; 0x11
    124a:	9a 89       	ldd	r25, Y+18	; 0x12
    124c:	01 97       	sbiw	r24, 0x01	; 1
    124e:	f1 f7       	brne	.-4      	; 0x124c <WASH_voidRunCycle+0x1ae>
    1250:	9a 8b       	std	Y+18, r25	; 0x12
    1252:	89 8b       	std	Y+17, r24	; 0x11
		while(__ticks)
		{
			// wait 1/10 ms
			_delay_loop_2(((F_CPU) / 4e3) / 10);
			__ticks --;
    1254:	8b 89       	ldd	r24, Y+19	; 0x13
    1256:	9c 89       	ldd	r25, Y+20	; 0x14
    1258:	01 97       	sbiw	r24, 0x01	; 1
    125a:	9c 8b       	std	Y+20, r25	; 0x14
    125c:	8b 8b       	std	Y+19, r24	; 0x13
		__ticks = 1;
	else if (__tmp > 65535)
	{
		//	__ticks = requested delay in 1/10 ms
		__ticks = (uint16_t) (__ms * 10.0);
		while(__ticks)
    125e:	8b 89       	ldd	r24, Y+19	; 0x13
    1260:	9c 89       	ldd	r25, Y+20	; 0x14
    1262:	00 97       	sbiw	r24, 0x00	; 0
    1264:	69 f7       	brne	.-38     	; 0x1240 <WASH_voidRunCycle+0x1a2>
    1266:	14 c0       	rjmp	.+40     	; 0x1290 <WASH_voidRunCycle+0x1f2>
			__ticks --;
		}
		return;
	}
	else
		__ticks = (uint16_t)__tmp;
    1268:	6d 89       	ldd	r22, Y+21	; 0x15
    126a:	7e 89       	ldd	r23, Y+22	; 0x16
    126c:	8f 89       	ldd	r24, Y+23	; 0x17
    126e:	98 8d       	ldd	r25, Y+24	; 0x18
    1270:	0e 94 49 00 	call	0x92	; 0x92 <__fixunssfsi>
    1274:	dc 01       	movw	r26, r24
    1276:	cb 01       	movw	r24, r22
    1278:	9c 8b       	std	Y+20, r25	; 0x14
    127a:	8b 8b       	std	Y+19, r24	; 0x13
    127c:	8b 89       	ldd	r24, Y+19	; 0x13
    127e:	9c 89       	ldd	r25, Y+20	; 0x14
    1280:	98 8b       	std	Y+16, r25	; 0x10
    1282:	8f 87       	std	Y+15, r24	; 0x0f
    1284:	8f 85       	ldd	r24, Y+15	; 0x0f
    1286:	98 89       	ldd	r25, Y+16	; 0x10
    1288:	01 97       	sbiw	r24, 0x01	; 1
    128a:	f1 f7       	brne	.-4      	; 0x1288 <WASH_voidRunCycle+0x1ea>
    128c:	98 8b       	std	Y+16, r25	; 0x10
    128e:	8f 87       	std	Y+15, r24	; 0x0f

        /* Hardware PWM handles the motor independently, so we just delay 1 second */
        _delay_ms(1000);

        /* Clock Math */
        if(seconds == 0)
    1290:	8e 8d       	ldd	r24, Y+30	; 0x1e
    1292:	88 23       	and	r24, r24
    1294:	a1 f4       	brne	.+40     	; 0x12be <WASH_voidRunCycle+0x220>
        {
            if(minutes == 0)
    1296:	8f 8d       	ldd	r24, Y+31	; 0x1f
    1298:	88 23       	and	r24, r24
    129a:	59 f4       	brne	.+22     	; 0x12b2 <WASH_voidRunCycle+0x214>
            {
                if(hours > 0)
    129c:	88 a1       	ldd	r24, Y+32	; 0x20
    129e:	88 23       	and	r24, r24
    12a0:	89 f0       	breq	.+34     	; 0x12c4 <WASH_voidRunCycle+0x226>
                {
                    hours--;
    12a2:	88 a1       	ldd	r24, Y+32	; 0x20
    12a4:	81 50       	subi	r24, 0x01	; 1
    12a6:	88 a3       	std	Y+32, r24	; 0x20
                    minutes = 59;
    12a8:	8b e3       	ldi	r24, 0x3B	; 59
    12aa:	8f 8f       	std	Y+31, r24	; 0x1f
                    seconds = 59;
    12ac:	8b e3       	ldi	r24, 0x3B	; 59
    12ae:	8e 8f       	std	Y+30, r24	; 0x1e
    12b0:	09 c0       	rjmp	.+18     	; 0x12c4 <WASH_voidRunCycle+0x226>
                }
            }
            else
            {
                minutes--;
    12b2:	8f 8d       	ldd	r24, Y+31	; 0x1f
    12b4:	81 50       	subi	r24, 0x01	; 1
    12b6:	8f 8f       	std	Y+31, r24	; 0x1f
                seconds = 59;
    12b8:	8b e3       	ldi	r24, 0x3B	; 59
    12ba:	8e 8f       	std	Y+30, r24	; 0x1e
    12bc:	03 c0       	rjmp	.+6      	; 0x12c4 <WASH_voidRunCycle+0x226>
            }
        }
        else
        {
            seconds--;
    12be:	8e 8d       	ldd	r24, Y+30	; 0x1e
    12c0:	81 50       	subi	r24, 0x01	; 1
    12c2:	8e 8f       	std	Y+30, r24	; 0x1e
    /* 5. Start the motor at the selected speed */
    TIM0_voidSetCTCReg(current_motor_speed);

    LCD_voidSendCommand(0x01);

    while(hours > 0 || minutes > 0 || seconds > 0)
    12c4:	88 a1       	ldd	r24, Y+32	; 0x20
    12c6:	88 23       	and	r24, r24
    12c8:	09 f0       	breq	.+2      	; 0x12cc <WASH_voidRunCycle+0x22e>
    12ca:	23 cf       	rjmp	.-442    	; 0x1112 <WASH_voidRunCycle+0x74>
    12cc:	8f 8d       	ldd	r24, Y+31	; 0x1f
    12ce:	88 23       	and	r24, r24
    12d0:	09 f0       	breq	.+2      	; 0x12d4 <WASH_voidRunCycle+0x236>
    12d2:	1f cf       	rjmp	.-450    	; 0x1112 <WASH_voidRunCycle+0x74>
    12d4:	8e 8d       	ldd	r24, Y+30	; 0x1e
    12d6:	88 23       	and	r24, r24
    12d8:	09 f0       	breq	.+2      	; 0x12dc <WASH_voidRunCycle+0x23e>
    12da:	1b cf       	rjmp	.-458    	; 0x1112 <WASH_voidRunCycle+0x74>
            seconds--;
        }
    }

    /* --- CYCLE COMPLETE: STOP THE MOTOR --- */
    TIM0_voidSetCTCReg(0);
    12dc:	80 e0       	ldi	r24, 0x00	; 0
    12de:	0e 94 ce 1a 	call	0x359c	; 0x359c <TIM0_voidSetCTCReg>

    LCD_voidSendCommand(0x01);
    12e2:	81 e0       	ldi	r24, 0x01	; 1
    12e4:	0e 94 84 16 	call	0x2d08	; 0x2d08 <LCD_voidSendCommand>
    LCD_GotoXY(1, 0);
    12e8:	81 e0       	ldi	r24, 0x01	; 1
    12ea:	60 e0       	ldi	r22, 0x00	; 0
    12ec:	0e 94 b1 18 	call	0x3162	; 0x3162 <LCD_GotoXY>
    LCD_voidWriteString("WASHING DONE!");
    12f0:	8d e3       	ldi	r24, 0x3D	; 61
    12f2:	91 e0       	ldi	r25, 0x01	; 1
    12f4:	0e 94 f4 18 	call	0x31e8	; 0x31e8 <LCD_voidWriteString>
    12f8:	80 e0       	ldi	r24, 0x00	; 0
    12fa:	90 e8       	ldi	r25, 0x80	; 128
    12fc:	ab e3       	ldi	r26, 0x3B	; 59
    12fe:	b5 e4       	ldi	r27, 0x45	; 69
    1300:	8b 87       	std	Y+11, r24	; 0x0b
    1302:	9c 87       	std	Y+12, r25	; 0x0c
    1304:	ad 87       	std	Y+13, r26	; 0x0d
    1306:	be 87       	std	Y+14, r27	; 0x0e
 */
void
_delay_ms(double __ms)
{
	uint16_t __ticks;
	double __tmp = ((F_CPU) / 4e3) * __ms;
    1308:	6b 85       	ldd	r22, Y+11	; 0x0b
    130a:	7c 85       	ldd	r23, Y+12	; 0x0c
    130c:	8d 85       	ldd	r24, Y+13	; 0x0d
    130e:	9e 85       	ldd	r25, Y+14	; 0x0e
    1310:	20 e0       	ldi	r18, 0x00	; 0
    1312:	30 e0       	ldi	r19, 0x00	; 0
    1314:	4a ef       	ldi	r20, 0xFA	; 250
    1316:	54 e4       	ldi	r21, 0x44	; 68
    1318:	0e 94 1f 02 	call	0x43e	; 0x43e <__mulsf3>
    131c:	dc 01       	movw	r26, r24
    131e:	cb 01       	movw	r24, r22
    1320:	8f 83       	std	Y+7, r24	; 0x07
    1322:	98 87       	std	Y+8, r25	; 0x08
    1324:	a9 87       	std	Y+9, r26	; 0x09
    1326:	ba 87       	std	Y+10, r27	; 0x0a
	if (__tmp < 1.0)
    1328:	6f 81       	ldd	r22, Y+7	; 0x07
    132a:	78 85       	ldd	r23, Y+8	; 0x08
    132c:	89 85       	ldd	r24, Y+9	; 0x09
    132e:	9a 85       	ldd	r25, Y+10	; 0x0a
    1330:	20 e0       	ldi	r18, 0x00	; 0
    1332:	30 e0       	ldi	r19, 0x00	; 0
    1334:	40 e8       	ldi	r20, 0x80	; 128
    1336:	5f e3       	ldi	r21, 0x3F	; 63
    1338:	0e 94 25 04 	call	0x84a	; 0x84a <__ltsf2>
    133c:	88 23       	and	r24, r24
    133e:	2c f4       	brge	.+10     	; 0x134a <WASH_voidRunCycle+0x2ac>
		__ticks = 1;
    1340:	81 e0       	ldi	r24, 0x01	; 1
    1342:	90 e0       	ldi	r25, 0x00	; 0
    1344:	9e 83       	std	Y+6, r25	; 0x06
    1346:	8d 83       	std	Y+5, r24	; 0x05
    1348:	3f c0       	rjmp	.+126    	; 0x13c8 <WASH_voidRunCycle+0x32a>
	else if (__tmp > 65535)
    134a:	6f 81       	ldd	r22, Y+7	; 0x07
    134c:	78 85       	ldd	r23, Y+8	; 0x08
    134e:	89 85       	ldd	r24, Y+9	; 0x09
    1350:	9a 85       	ldd	r25, Y+10	; 0x0a
    1352:	20 e0       	ldi	r18, 0x00	; 0
    1354:	3f ef       	ldi	r19, 0xFF	; 255
    1356:	4f e7       	ldi	r20, 0x7F	; 127
    1358:	57 e4       	ldi	r21, 0x47	; 71
    135a:	0e 94 c5 03 	call	0x78a	; 0x78a <__gtsf2>
    135e:	18 16       	cp	r1, r24
    1360:	4c f5       	brge	.+82     	; 0x13b4 <WASH_voidRunCycle+0x316>
	{
		//	__ticks = requested delay in 1/10 ms
		__ticks = (uint16_t) (__ms * 10.0);
    1362:	6b 85       	ldd	r22, Y+11	; 0x0b
    1364:	7c 85       	ldd	r23, Y+12	; 0x0c
    1366:	8d 85       	ldd	r24, Y+13	; 0x0d
    1368:	9e 85       	ldd	r25, Y+14	; 0x0e
    136a:	20 e0       	ldi	r18, 0x00	; 0
    136c:	30 e0       	ldi	r19, 0x00	; 0
    136e:	40 e2       	ldi	r20, 0x20	; 32
    1370:	51 e4       	ldi	r21, 0x41	; 65
    1372:	0e 94 1f 02 	call	0x43e	; 0x43e <__mulsf3>
    1376:	dc 01       	movw	r26, r24
    1378:	cb 01       	movw	r24, r22
    137a:	bc 01       	movw	r22, r24
    137c:	cd 01       	movw	r24, r26
    137e:	0e 94 49 00 	call	0x92	; 0x92 <__fixunssfsi>
    1382:	dc 01       	movw	r26, r24
    1384:	cb 01       	movw	r24, r22
    1386:	9e 83       	std	Y+6, r25	; 0x06
    1388:	8d 83       	std	Y+5, r24	; 0x05
    138a:	0f c0       	rjmp	.+30     	; 0x13aa <WASH_voidRunCycle+0x30c>
    138c:	88 ec       	ldi	r24, 0xC8	; 200
    138e:	90 e0       	ldi	r25, 0x00	; 0
    1390:	9c 83       	std	Y+4, r25	; 0x04
    1392:	8b 83       	std	Y+3, r24	; 0x03
    1394:	8b 81       	ldd	r24, Y+3	; 0x03
    1396:	9c 81       	ldd	r25, Y+4	; 0x04
    1398:	01 97       	sbiw	r24, 0x01	; 1
    139a:	f1 f7       	brne	.-4      	; 0x1398 <WASH_voidRunCycle+0x2fa>
    139c:	9c 83       	std	Y+4, r25	; 0x04
    139e:	8b 83       	std	Y+3, r24	; 0x03
		while(__ticks)
		{
			// wait 1/10 ms
			_delay_loop_2(((F_CPU) / 4e3) / 10);
			__ticks --;
    13a0:	8d 81       	ldd	r24, Y+5	; 0x05
    13a2:	9e 81       	ldd	r25, Y+6	; 0x06
    13a4:	01 97       	sbiw	r24, 0x01	; 1
    13a6:	9e 83       	std	Y+6, r25	; 0x06
    13a8:	8d 83       	std	Y+5, r24	; 0x05
		__ticks = 1;
	else if (__tmp > 65535)
	{
		//	__ticks = requested delay in 1/10 ms
		__ticks = (uint16_t) (__ms * 10.0);
		while(__ticks)
    13aa:	8d 81       	ldd	r24, Y+5	; 0x05
    13ac:	9e 81       	ldd	r25, Y+6	; 0x06
    13ae:	00 97       	sbiw	r24, 0x00	; 0
    13b0:	69 f7       	brne	.-38     	; 0x138c <WASH_voidRunCycle+0x2ee>
    13b2:	14 c0       	rjmp	.+40     	; 0x13dc <WASH_voidRunCycle+0x33e>
			__ticks --;
		}
		return;
	}
	else
		__ticks = (uint16_t)__tmp;
    13b4:	6f 81       	ldd	r22, Y+7	; 0x07
    13b6:	78 85       	ldd	r23, Y+8	; 0x08
    13b8:	89 85       	ldd	r24, Y+9	; 0x09
    13ba:	9a 85       	ldd	r25, Y+10	; 0x0a
    13bc:	0e 94 49 00 	call	0x92	; 0x92 <__fixunssfsi>
    13c0:	dc 01       	movw	r26, r24
    13c2:	cb 01       	movw	r24, r22
    13c4:	9e 83       	std	Y+6, r25	; 0x06
    13c6:	8d 83       	std	Y+5, r24	; 0x05
    13c8:	8d 81       	ldd	r24, Y+5	; 0x05
    13ca:	9e 81       	ldd	r25, Y+6	; 0x06
    13cc:	9a 83       	std	Y+2, r25	; 0x02
    13ce:	89 83       	std	Y+1, r24	; 0x01
    13d0:	89 81       	ldd	r24, Y+1	; 0x01
    13d2:	9a 81       	ldd	r25, Y+2	; 0x02
    13d4:	01 97       	sbiw	r24, 0x01	; 1
    13d6:	f1 f7       	brne	.-4      	; 0x13d4 <WASH_voidRunCycle+0x336>
    13d8:	9a 83       	std	Y+2, r25	; 0x02
    13da:	89 83       	std	Y+1, r24	; 0x01
    _delay_ms(3000);
}
    13dc:	a1 96       	adiw	r28, 0x21	; 33
    13de:	0f b6       	in	r0, 0x3f	; 63
    13e0:	f8 94       	cli
    13e2:	de bf       	out	0x3e, r29	; 62
    13e4:	0f be       	out	0x3f, r0	; 63
    13e6:	cd bf       	out	0x3d, r28	; 61
    13e8:	cf 91       	pop	r28
    13ea:	df 91       	pop	r29
    13ec:	08 95       	ret

000013ee <__vector_1>:
/* ------------------------------------------------------------------ */
/* Emergency Door Interrupt (INT0)                                    */
/* ------------------------------------------------------------------ */
void __vector_1(void) __attribute__((signal,used));
void __vector_1(void)
{
    13ee:	1f 92       	push	r1
    13f0:	0f 92       	push	r0
    13f2:	0f b6       	in	r0, 0x3f	; 63
    13f4:	0f 92       	push	r0
    13f6:	11 24       	eor	r1, r1
    13f8:	2f 93       	push	r18
    13fa:	3f 93       	push	r19
    13fc:	4f 93       	push	r20
    13fe:	5f 93       	push	r21
    1400:	6f 93       	push	r22
    1402:	7f 93       	push	r23
    1404:	8f 93       	push	r24
    1406:	9f 93       	push	r25
    1408:	af 93       	push	r26
    140a:	bf 93       	push	r27
    140c:	ef 93       	push	r30
    140e:	ff 93       	push	r31
    1410:	df 93       	push	r29
    1412:	cf 93       	push	r28
    1414:	cd b7       	in	r28, 0x3d	; 61
    1416:	de b7       	in	r29, 0x3e	; 62
    /* Instantly halt the hardware PWM using your driver function */
    TIM0_voidSetCTCReg(0);
    1418:	80 e0       	ldi	r24, 0x00	; 0
    141a:	0e 94 ce 1a 	call	0x359c	; 0x359c <TIM0_voidSetCTCReg>

    LCD_voidSendCommand(0x01);
    141e:	81 e0       	ldi	r24, 0x01	; 1
    1420:	0e 94 84 16 	call	0x2d08	; 0x2d08 <LCD_voidSendCommand>
    LCD_voidWriteString(" PLEASE CLOSE");
    1424:	8b e4       	ldi	r24, 0x4B	; 75
    1426:	91 e0       	ldi	r25, 0x01	; 1
    1428:	0e 94 f4 18 	call	0x31e8	; 0x31e8 <LCD_voidWriteString>
    LCD_GotoXY(0, 1);
    142c:	80 e0       	ldi	r24, 0x00	; 0
    142e:	61 e0       	ldi	r22, 0x01	; 1
    1430:	0e 94 b1 18 	call	0x3162	; 0x3162 <LCD_GotoXY>
    LCD_voidWriteString("   THE DOOR");
    1434:	89 e5       	ldi	r24, 0x59	; 89
    1436:	91 e0       	ldi	r25, 0x01	; 1
    1438:	0e 94 f4 18 	call	0x31e8	; 0x31e8 <LCD_voidWriteString>

    while(DIO_u8GetPinValue(DIO_PORTD, DIO_PIN2) == 1 || DIO_u8GetPinValue(DIO_PORTD, DIO_PIN1) == 1)
    143c:	83 e0       	ldi	r24, 0x03	; 3
    143e:	62 e0       	ldi	r22, 0x02	; 2
    1440:	0e 94 c0 0d 	call	0x1b80	; 0x1b80 <DIO_u8GetPinValue>
    1444:	81 30       	cpi	r24, 0x01	; 1
    1446:	d1 f3       	breq	.-12     	; 0x143c <__vector_1+0x4e>
    1448:	83 e0       	ldi	r24, 0x03	; 3
    144a:	61 e0       	ldi	r22, 0x01	; 1
    144c:	0e 94 c0 0d 	call	0x1b80	; 0x1b80 <DIO_u8GetPinValue>
    1450:	81 30       	cpi	r24, 0x01	; 1
    1452:	a1 f3       	breq	.-24     	; 0x143c <__vector_1+0x4e>
    {
        /* Block execution here until the user closes the doors */
    }

    LCD_voidSendCommand(0x01);
    1454:	81 e0       	ldi	r24, 0x01	; 1
    1456:	0e 94 84 16 	call	0x2d08	; 0x2d08 <LCD_voidSendCommand>

    /* Redraw menus if halted during preferences, or resume motor if in cycle */
    if(WASH_u8ActiveScreen == 1)
    145a:	80 91 6e 01 	lds	r24, 0x016E
    145e:	81 30       	cpi	r24, 0x01	; 1
    1460:	69 f4       	brne	.+26     	; 0x147c <__vector_1+0x8e>
    {
        LCD_voidWriteString(" 1-White 2-Color");
    1462:	85 eb       	ldi	r24, 0xB5	; 181
    1464:	90 e0       	ldi	r25, 0x00	; 0
    1466:	0e 94 f4 18 	call	0x31e8	; 0x31e8 <LCD_voidWriteString>
        LCD_GotoXY(0, 1);
    146a:	80 e0       	ldi	r24, 0x00	; 0
    146c:	61 e0       	ldi	r22, 0x01	; 1
    146e:	0e 94 b1 18 	call	0x3162	; 0x3162 <LCD_GotoXY>
        LCD_voidWriteString("    3-Drying");
    1472:	86 ec       	ldi	r24, 0xC6	; 198
    1474:	90 e0       	ldi	r25, 0x00	; 0
    1476:	0e 94 f4 18 	call	0x31e8	; 0x31e8 <LCD_voidWriteString>
    147a:	15 c0       	rjmp	.+42     	; 0x14a6 <__vector_1+0xb8>
    }
    else if(WASH_u8ActiveScreen == 2)
    147c:	80 91 6e 01 	lds	r24, 0x016E
    1480:	82 30       	cpi	r24, 0x02	; 2
    1482:	69 f4       	brne	.+26     	; 0x149e <__vector_1+0xb0>
    {
        LCD_voidWriteString(" 1-Fast (1 hour)");
    1484:	83 ed       	ldi	r24, 0xD3	; 211
    1486:	90 e0       	ldi	r25, 0x00	; 0
    1488:	0e 94 f4 18 	call	0x31e8	; 0x31e8 <LCD_voidWriteString>
        LCD_GotoXY(0, 1);
    148c:	80 e0       	ldi	r24, 0x00	; 0
    148e:	61 e0       	ldi	r22, 0x01	; 1
    1490:	0e 94 b1 18 	call	0x3162	; 0x3162 <LCD_GotoXY>
        LCD_voidWriteString(" 2-Normal(2 hrs)");
    1494:	84 ee       	ldi	r24, 0xE4	; 228
    1496:	90 e0       	ldi	r25, 0x00	; 0
    1498:	0e 94 f4 18 	call	0x31e8	; 0x31e8 <LCD_voidWriteString>
    149c:	04 c0       	rjmp	.+8      	; 0x14a6 <__vector_1+0xb8>
    }
    else
    {
        /* Resume the saved motor speed using your driver */
        TIM0_voidSetCTCReg(current_motor_speed);
    149e:	80 91 6f 01 	lds	r24, 0x016F
    14a2:	0e 94 ce 1a 	call	0x359c	; 0x359c <TIM0_voidSetCTCReg>
    }
}
    14a6:	cf 91       	pop	r28
    14a8:	df 91       	pop	r29
    14aa:	ff 91       	pop	r31
    14ac:	ef 91       	pop	r30
    14ae:	bf 91       	pop	r27
    14b0:	af 91       	pop	r26
    14b2:	9f 91       	pop	r25
    14b4:	8f 91       	pop	r24
    14b6:	7f 91       	pop	r23
    14b8:	6f 91       	pop	r22
    14ba:	5f 91       	pop	r21
    14bc:	4f 91       	pop	r20
    14be:	3f 91       	pop	r19
    14c0:	2f 91       	pop	r18
    14c2:	0f 90       	pop	r0
    14c4:	0f be       	out	0x3f, r0	; 63
    14c6:	0f 90       	pop	r0
    14c8:	1f 90       	pop	r1
    14ca:	18 95       	reti

000014cc <ADC_voidInit>:

/* Global pointer to hold the callback function address */
pf ADC_CallBack = 0;

void ADC_voidInit(void)
{
    14cc:	df 93       	push	r29
    14ce:	cf 93       	push	r28
    14d0:	cd b7       	in	r28, 0x3d	; 61
    14d2:	de b7       	in	r29, 0x3e	; 62
    /* --- NEW ADDITION: Select AVCC (5V) as the ADC Reference Voltage --- */
    SET_BIT(ADMUX, 6);  /* Set REFS0 */
    14d4:	a7 e2       	ldi	r26, 0x27	; 39
    14d6:	b0 e0       	ldi	r27, 0x00	; 0
    14d8:	e7 e2       	ldi	r30, 0x27	; 39
    14da:	f0 e0       	ldi	r31, 0x00	; 0
    14dc:	80 81       	ld	r24, Z
    14de:	80 64       	ori	r24, 0x40	; 64
    14e0:	8c 93       	st	X, r24
    CLR_BIT(ADMUX, 7);  /* Clear REFS1 */
    14e2:	a7 e2       	ldi	r26, 0x27	; 39
    14e4:	b0 e0       	ldi	r27, 0x00	; 0
    14e6:	e7 e2       	ldi	r30, 0x27	; 39
    14e8:	f0 e0       	ldi	r31, 0x00	; 0
    14ea:	80 81       	ld	r24, Z
    14ec:	8f 77       	andi	r24, 0x7F	; 127
    14ee:	8c 93       	st	X, r24
    /* ------------------------------------------------------------------- */

    /* Select ADC Channel */
    ADMUX &= 0xE0; /* Clear channel bits */
    14f0:	a7 e2       	ldi	r26, 0x27	; 39
    14f2:	b0 e0       	ldi	r27, 0x00	; 0
    14f4:	e7 e2       	ldi	r30, 0x27	; 39
    14f6:	f0 e0       	ldi	r31, 0x00	; 0
    14f8:	80 81       	ld	r24, Z
    14fa:	80 7e       	andi	r24, 0xE0	; 224
    14fc:	8c 93       	st	X, r24
    ADMUX |= ADC_CHANNEL;
    14fe:	a7 e2       	ldi	r26, 0x27	; 39
    1500:	b0 e0       	ldi	r27, 0x00	; 0
    1502:	e7 e2       	ldi	r30, 0x27	; 39
    1504:	f0 e0       	ldi	r31, 0x00	; 0
    1506:	80 81       	ld	r24, Z
    1508:	8c 93       	st	X, r24

    /* Select Left or Right Adjustment */
    #if REG_ADJ == LEFT_ADJUSTMEN
        SET_BIT(ADMUX, 5);  /* Set ADLAR bit for Left Adjustment */
    150a:	a7 e2       	ldi	r26, 0x27	; 39
    150c:	b0 e0       	ldi	r27, 0x00	; 0
    150e:	e7 e2       	ldi	r30, 0x27	; 39
    1510:	f0 e0       	ldi	r31, 0x00	; 0
    1512:	80 81       	ld	r24, Z
    1514:	80 62       	ori	r24, 0x20	; 32
    1516:	8c 93       	st	X, r24
    #elif REG_ADJ == RIGHT_ADJUSTMEN
        CLR_BIT(ADMUX, 5);  /* Clear ADLAR bit for Right Adjustment */
    #endif

    /* Disable ADC */
    CLR_BIT(ADCSRA, 7);
    1518:	a6 e2       	ldi	r26, 0x26	; 38
    151a:	b0 e0       	ldi	r27, 0x00	; 0
    151c:	e6 e2       	ldi	r30, 0x26	; 38
    151e:	f0 e0       	ldi	r31, 0x00	; 0
    1520:	80 81       	ld	r24, Z
    1522:	8f 77       	andi	r24, 0x7F	; 127
    1524:	8c 93       	st	X, r24

    /* Disable Start Conversion */
    CLR_BIT(ADCSRA, 6);
    1526:	a6 e2       	ldi	r26, 0x26	; 38
    1528:	b0 e0       	ldi	r27, 0x00	; 0
    152a:	e6 e2       	ldi	r30, 0x26	; 38
    152c:	f0 e0       	ldi	r31, 0x00	; 0
    152e:	80 81       	ld	r24, Z
    1530:	8f 7b       	andi	r24, 0xBF	; 191
    1532:	8c 93       	st	X, r24

    /* Disable Auto Trigger */
    CLR_BIT(ADCSRA, 5);
    1534:	a6 e2       	ldi	r26, 0x26	; 38
    1536:	b0 e0       	ldi	r27, 0x00	; 0
    1538:	e6 e2       	ldi	r30, 0x26	; 38
    153a:	f0 e0       	ldi	r31, 0x00	; 0
    153c:	80 81       	ld	r24, Z
    153e:	8f 7d       	andi	r24, 0xDF	; 223
    1540:	8c 93       	st	X, r24

    /* Clear Interrupt Flag (Write 1 to clear) */
    SET_BIT(ADCSRA, 4);
    1542:	a6 e2       	ldi	r26, 0x26	; 38
    1544:	b0 e0       	ldi	r27, 0x00	; 0
    1546:	e6 e2       	ldi	r30, 0x26	; 38
    1548:	f0 e0       	ldi	r31, 0x00	; 0
    154a:	80 81       	ld	r24, Z
    154c:	80 61       	ori	r24, 0x10	; 16
    154e:	8c 93       	st	X, r24

    /* Disable ADC Interrupt */
    CLR_BIT(ADCSRA, 3);
    1550:	a6 e2       	ldi	r26, 0x26	; 38
    1552:	b0 e0       	ldi	r27, 0x00	; 0
    1554:	e6 e2       	ldi	r30, 0x26	; 38
    1556:	f0 e0       	ldi	r31, 0x00	; 0
    1558:	80 81       	ld	r24, Z
    155a:	87 7f       	andi	r24, 0xF7	; 247
    155c:	8c 93       	st	X, r24

    /* Select Clock Prescaler (Setting to /64 as a safe default for 8MHz) */
    SET_BIT(ADCSRA, 1);
    155e:	a6 e2       	ldi	r26, 0x26	; 38
    1560:	b0 e0       	ldi	r27, 0x00	; 0
    1562:	e6 e2       	ldi	r30, 0x26	; 38
    1564:	f0 e0       	ldi	r31, 0x00	; 0
    1566:	80 81       	ld	r24, Z
    1568:	82 60       	ori	r24, 0x02	; 2
    156a:	8c 93       	st	X, r24
    SET_BIT(ADCSRA, 2);
    156c:	a6 e2       	ldi	r26, 0x26	; 38
    156e:	b0 e0       	ldi	r27, 0x00	; 0
    1570:	e6 e2       	ldi	r30, 0x26	; 38
    1572:	f0 e0       	ldi	r31, 0x00	; 0
    1574:	80 81       	ld	r24, Z
    1576:	84 60       	ori	r24, 0x04	; 4
    1578:	8c 93       	st	X, r24
}
    157a:	cf 91       	pop	r28
    157c:	df 91       	pop	r29
    157e:	08 95       	ret

00001580 <ADC_voidADCEnable>:

void ADC_voidADCEnable(void)
{
    1580:	df 93       	push	r29
    1582:	cf 93       	push	r28
    1584:	cd b7       	in	r28, 0x3d	; 61
    1586:	de b7       	in	r29, 0x3e	; 62
    SET_BIT(ADCSRA, 7);
    1588:	a6 e2       	ldi	r26, 0x26	; 38
    158a:	b0 e0       	ldi	r27, 0x00	; 0
    158c:	e6 e2       	ldi	r30, 0x26	; 38
    158e:	f0 e0       	ldi	r31, 0x00	; 0
    1590:	80 81       	ld	r24, Z
    1592:	80 68       	ori	r24, 0x80	; 128
    1594:	8c 93       	st	X, r24
}
    1596:	cf 91       	pop	r28
    1598:	df 91       	pop	r29
    159a:	08 95       	ret

0000159c <ADC_voidADCDisable>:

void ADC_voidADCDisable(void)
{
    159c:	df 93       	push	r29
    159e:	cf 93       	push	r28
    15a0:	cd b7       	in	r28, 0x3d	; 61
    15a2:	de b7       	in	r29, 0x3e	; 62
    CLR_BIT(ADCSRA, 7);
    15a4:	a6 e2       	ldi	r26, 0x26	; 38
    15a6:	b0 e0       	ldi	r27, 0x00	; 0
    15a8:	e6 e2       	ldi	r30, 0x26	; 38
    15aa:	f0 e0       	ldi	r31, 0x00	; 0
    15ac:	80 81       	ld	r24, Z
    15ae:	8f 77       	andi	r24, 0x7F	; 127
    15b0:	8c 93       	st	X, r24
}
    15b2:	cf 91       	pop	r28
    15b4:	df 91       	pop	r29
    15b6:	08 95       	ret

000015b8 <ADC_u16Read>:

u16 ADC_u16Read(void)
{
    15b8:	df 93       	push	r29
    15ba:	cf 93       	push	r28
    15bc:	00 d0       	rcall	.+0      	; 0x15be <ADC_u16Read+0x6>
    15be:	cd b7       	in	r28, 0x3d	; 61
    15c0:	de b7       	in	r29, 0x3e	; 62
    u16 Local_u16ReturnValue = 0;
    15c2:	1a 82       	std	Y+2, r1	; 0x02
    15c4:	19 82       	std	Y+1, r1	; 0x01

    #if REG_ADJ == LEFT_ADJUSTMEN
        /* Read ADCH (8-bit resolution when left adjusted) */
        Local_u16ReturnValue = ADCH;
    15c6:	e5 e2       	ldi	r30, 0x25	; 37
    15c8:	f0 e0       	ldi	r31, 0x00	; 0
    15ca:	80 81       	ld	r24, Z
    15cc:	88 2f       	mov	r24, r24
    15ce:	90 e0       	ldi	r25, 0x00	; 0
    15d0:	9a 83       	std	Y+2, r25	; 0x02
    15d2:	89 83       	std	Y+1, r24	; 0x01
        /* Read ADCL first, then ADCH for 10-bit resolution */
        Local_u16ReturnValue = ADCL;
        Local_u16ReturnValue |= (ADCH << 8);
    #endif

    return Local_u16ReturnValue;
    15d4:	89 81       	ldd	r24, Y+1	; 0x01
    15d6:	9a 81       	ldd	r25, Y+2	; 0x02
}
    15d8:	0f 90       	pop	r0
    15da:	0f 90       	pop	r0
    15dc:	cf 91       	pop	r28
    15de:	df 91       	pop	r29
    15e0:	08 95       	ret

000015e2 <ADC_u16GetChannelReading>:
/* ------------------------------------------------------------------ */
/* Synchronous function to read any channel dynamically               */
/* ------------------------------------------------------------------ */
u16 ADC_u16GetChannelReading(u8 Copy_u8Channel)
{
    15e2:	df 93       	push	r29
    15e4:	cf 93       	push	r28
    15e6:	0f 92       	push	r0
    15e8:	cd b7       	in	r28, 0x3d	; 61
    15ea:	de b7       	in	r29, 0x3e	; 62
    15ec:	89 83       	std	Y+1, r24	; 0x01
    /* 1. Clear the MUX bits in ADMUX without altering ADLAR or Reference bits */
    ADMUX &= 0xE0;
    15ee:	a7 e2       	ldi	r26, 0x27	; 39
    15f0:	b0 e0       	ldi	r27, 0x00	; 0
    15f2:	e7 e2       	ldi	r30, 0x27	; 39
    15f4:	f0 e0       	ldi	r31, 0x00	; 0
    15f6:	80 81       	ld	r24, Z
    15f8:	80 7e       	andi	r24, 0xE0	; 224
    15fa:	8c 93       	st	X, r24

    /* 2. Insert the required channel (e.g., 0 for PA0, 1 for PA1) */
    ADMUX |= Copy_u8Channel;
    15fc:	a7 e2       	ldi	r26, 0x27	; 39
    15fe:	b0 e0       	ldi	r27, 0x00	; 0
    1600:	e7 e2       	ldi	r30, 0x27	; 39
    1602:	f0 e0       	ldi	r31, 0x00	; 0
    1604:	90 81       	ld	r25, Z
    1606:	89 81       	ldd	r24, Y+1	; 0x01
    1608:	89 2b       	or	r24, r25
    160a:	8c 93       	st	X, r24

    /* 3. Start Conversion by setting ADSC bit */
    SET_BIT(ADCSRA, 6);
    160c:	a6 e2       	ldi	r26, 0x26	; 38
    160e:	b0 e0       	ldi	r27, 0x00	; 0
    1610:	e6 e2       	ldi	r30, 0x26	; 38
    1612:	f0 e0       	ldi	r31, 0x00	; 0
    1614:	80 81       	ld	r24, Z
    1616:	80 64       	ori	r24, 0x40	; 64
    1618:	8c 93       	st	X, r24

    /* 4. Polling: Wait until the hardware finishes converting (ADIF becomes 1) */
    while(GET_BIT(ADCSRA, 4) == 0)
    161a:	e6 e2       	ldi	r30, 0x26	; 38
    161c:	f0 e0       	ldi	r31, 0x00	; 0
    161e:	80 81       	ld	r24, Z
    1620:	82 95       	swap	r24
    1622:	8f 70       	andi	r24, 0x0F	; 15
    1624:	88 2f       	mov	r24, r24
    1626:	90 e0       	ldi	r25, 0x00	; 0
    1628:	81 70       	andi	r24, 0x01	; 1
    162a:	90 70       	andi	r25, 0x00	; 0
    162c:	00 97       	sbiw	r24, 0x00	; 0
    162e:	a9 f3       	breq	.-22     	; 0x161a <ADC_u16GetChannelReading+0x38>
    {
        /* Wait here */
    }

    /* 5. Clear the ADIF flag so it is ready for the next reading (write 1 to clear) */
    SET_BIT(ADCSRA, 4);
    1630:	a6 e2       	ldi	r26, 0x26	; 38
    1632:	b0 e0       	ldi	r27, 0x00	; 0
    1634:	e6 e2       	ldi	r30, 0x26	; 38
    1636:	f0 e0       	ldi	r31, 0x00	; 0
    1638:	80 81       	ld	r24, Z
    163a:	80 61       	ori	r24, 0x10	; 16
    163c:	8c 93       	st	X, r24

    /* 6. Call your existing read function to handle Left/Right adjustment */
    return ADC_u16Read();
    163e:	0e 94 dc 0a 	call	0x15b8	; 0x15b8 <ADC_u16Read>
}
    1642:	0f 90       	pop	r0
    1644:	cf 91       	pop	r28
    1646:	df 91       	pop	r29
    1648:	08 95       	ret

0000164a <ADC_voidStartConverstion>:
void ADC_voidStartConverstion(void)
{
    164a:	df 93       	push	r29
    164c:	cf 93       	push	r28
    164e:	cd b7       	in	r28, 0x3d	; 61
    1650:	de b7       	in	r29, 0x3e	; 62
    SET_BIT(ADCSRA, 6);
    1652:	a6 e2       	ldi	r26, 0x26	; 38
    1654:	b0 e0       	ldi	r27, 0x00	; 0
    1656:	e6 e2       	ldi	r30, 0x26	; 38
    1658:	f0 e0       	ldi	r31, 0x00	; 0
    165a:	80 81       	ld	r24, Z
    165c:	80 64       	ori	r24, 0x40	; 64
    165e:	8c 93       	st	X, r24
}
    1660:	cf 91       	pop	r28
    1662:	df 91       	pop	r29
    1664:	08 95       	ret

00001666 <ADC_voidAutoTrigger>:

void ADC_voidAutoTrigger(void)
{
    1666:	df 93       	push	r29
    1668:	cf 93       	push	r28
    166a:	cd b7       	in	r28, 0x3d	; 61
    166c:	de b7       	in	r29, 0x3e	; 62
    /* Set Auto Trigger Enable */
    SET_BIT(ADCSRA, 5);
    166e:	a6 e2       	ldi	r26, 0x26	; 38
    1670:	b0 e0       	ldi	r27, 0x00	; 0
    1672:	e6 e2       	ldi	r30, 0x26	; 38
    1674:	f0 e0       	ldi	r31, 0x00	; 0
    1676:	80 81       	ld	r24, Z
    1678:	80 62       	ori	r24, 0x20	; 32
    167a:	8c 93       	st	X, r24

    /* Set the source of Auto Trigger */
    #if TRIGGER_SELECt == FREE_RUNNING
        SFIOR &= 0x1F; /* Clear ADTS bits to select Free Running mode */
    167c:	a0 e5       	ldi	r26, 0x50	; 80
    167e:	b0 e0       	ldi	r27, 0x00	; 0
    1680:	e0 e5       	ldi	r30, 0x50	; 80
    1682:	f0 e0       	ldi	r31, 0x00	; 0
    1684:	80 81       	ld	r24, Z
    1686:	8f 71       	andi	r24, 0x1F	; 31
    1688:	8c 93       	st	X, r24
    #endif
}
    168a:	cf 91       	pop	r28
    168c:	df 91       	pop	r29
    168e:	08 95       	ret

00001690 <ADC_voidInterruptEnable>:

void ADC_voidInterruptEnable(void)
{
    1690:	df 93       	push	r29
    1692:	cf 93       	push	r28
    1694:	cd b7       	in	r28, 0x3d	; 61
    1696:	de b7       	in	r29, 0x3e	; 62
    SET_BIT(ADCSRA, 3);
    1698:	a6 e2       	ldi	r26, 0x26	; 38
    169a:	b0 e0       	ldi	r27, 0x00	; 0
    169c:	e6 e2       	ldi	r30, 0x26	; 38
    169e:	f0 e0       	ldi	r31, 0x00	; 0
    16a0:	80 81       	ld	r24, Z
    16a2:	88 60       	ori	r24, 0x08	; 8
    16a4:	8c 93       	st	X, r24
}
    16a6:	cf 91       	pop	r28
    16a8:	df 91       	pop	r29
    16aa:	08 95       	ret

000016ac <ADC_voidSetCallBack>:

void ADC_voidSetCallBack(pf FunctionAddress)
{
    16ac:	df 93       	push	r29
    16ae:	cf 93       	push	r28
    16b0:	00 d0       	rcall	.+0      	; 0x16b2 <ADC_voidSetCallBack+0x6>
    16b2:	cd b7       	in	r28, 0x3d	; 61
    16b4:	de b7       	in	r29, 0x3e	; 62
    16b6:	9a 83       	std	Y+2, r25	; 0x02
    16b8:	89 83       	std	Y+1, r24	; 0x01
    ADC_CallBack = FunctionAddress;
    16ba:	89 81       	ldd	r24, Y+1	; 0x01
    16bc:	9a 81       	ldd	r25, Y+2	; 0x02
    16be:	90 93 71 01 	sts	0x0171, r25
    16c2:	80 93 70 01 	sts	0x0170, r24
}
    16c6:	0f 90       	pop	r0
    16c8:	0f 90       	pop	r0
    16ca:	cf 91       	pop	r28
    16cc:	df 91       	pop	r29
    16ce:	08 95       	ret

000016d0 <__vector_16>:

/* ADC ISR Vector for ATmega32 */
void __vector_16(void) __attribute__((signal, used));
void __vector_16(void)
{
    16d0:	1f 92       	push	r1
    16d2:	0f 92       	push	r0
    16d4:	0f b6       	in	r0, 0x3f	; 63
    16d6:	0f 92       	push	r0
    16d8:	11 24       	eor	r1, r1
    16da:	2f 93       	push	r18
    16dc:	3f 93       	push	r19
    16de:	4f 93       	push	r20
    16e0:	5f 93       	push	r21
    16e2:	6f 93       	push	r22
    16e4:	7f 93       	push	r23
    16e6:	8f 93       	push	r24
    16e8:	9f 93       	push	r25
    16ea:	af 93       	push	r26
    16ec:	bf 93       	push	r27
    16ee:	ef 93       	push	r30
    16f0:	ff 93       	push	r31
    16f2:	df 93       	push	r29
    16f4:	cf 93       	push	r28
    16f6:	cd b7       	in	r28, 0x3d	; 61
    16f8:	de b7       	in	r29, 0x3e	; 62
    if (ADC_CallBack != 0)
    16fa:	80 91 70 01 	lds	r24, 0x0170
    16fe:	90 91 71 01 	lds	r25, 0x0171
    1702:	00 97       	sbiw	r24, 0x00	; 0
    1704:	29 f0       	breq	.+10     	; 0x1710 <__vector_16+0x40>
    {
        ADC_CallBack();
    1706:	e0 91 70 01 	lds	r30, 0x0170
    170a:	f0 91 71 01 	lds	r31, 0x0171
    170e:	09 95       	icall
    }
}
    1710:	cf 91       	pop	r28
    1712:	df 91       	pop	r29
    1714:	ff 91       	pop	r31
    1716:	ef 91       	pop	r30
    1718:	bf 91       	pop	r27
    171a:	af 91       	pop	r26
    171c:	9f 91       	pop	r25
    171e:	8f 91       	pop	r24
    1720:	7f 91       	pop	r23
    1722:	6f 91       	pop	r22
    1724:	5f 91       	pop	r21
    1726:	4f 91       	pop	r20
    1728:	3f 91       	pop	r19
    172a:	2f 91       	pop	r18
    172c:	0f 90       	pop	r0
    172e:	0f be       	out	0x3f, r0	; 63
    1730:	0f 90       	pop	r0
    1732:	1f 90       	pop	r1
    1734:	18 95       	reti

00001736 <DIO_voidInitialization>:
#include "DIO_int.h"
#include "DIO_private.h"
#include "DIO_config.h"

void DIO_voidInitialization(void)
{
    1736:	df 93       	push	r29
    1738:	cf 93       	push	r28
    173a:	cd b7       	in	r28, 0x3d	; 61
    173c:	de b7       	in	r29, 0x3e	; 62
	DDRA = DIO_PORTA_DIRECTIONS;
    173e:	ea e3       	ldi	r30, 0x3A	; 58
    1740:	f0 e0       	ldi	r31, 0x00	; 0
    1742:	8d e7       	ldi	r24, 0x7D	; 125
    1744:	80 83       	st	Z, r24
	DDRB = DIO_PORTB_DIRECTIONS;
    1746:	e7 e3       	ldi	r30, 0x37	; 55
    1748:	f0 e0       	ldi	r31, 0x00	; 0
    174a:	8d e7       	ldi	r24, 0x7D	; 125
    174c:	80 83       	st	Z, r24
	DDRC = DIO_PORTC_DIRECTIONS;
    174e:	e4 e3       	ldi	r30, 0x34	; 52
    1750:	f0 e0       	ldi	r31, 0x00	; 0
    1752:	10 82       	st	Z, r1
	DDRD = DIO_PORTD_DIRECTIONS;
    1754:	e1 e3       	ldi	r30, 0x31	; 49
    1756:	f0 e0       	ldi	r31, 0x00	; 0
    1758:	10 82       	st	Z, r1
}
    175a:	cf 91       	pop	r28
    175c:	df 91       	pop	r29
    175e:	08 95       	ret

00001760 <DIO_voidSetPinDirection>:

void DIO_voidSetPinDirection(u8 PortID, u8 PinID, u8 Direction)
{
    1760:	df 93       	push	r29
    1762:	cf 93       	push	r28
    1764:	cd b7       	in	r28, 0x3d	; 61
    1766:	de b7       	in	r29, 0x3e	; 62
    1768:	27 97       	sbiw	r28, 0x07	; 7
    176a:	0f b6       	in	r0, 0x3f	; 63
    176c:	f8 94       	cli
    176e:	de bf       	out	0x3e, r29	; 62
    1770:	0f be       	out	0x3f, r0	; 63
    1772:	cd bf       	out	0x3d, r28	; 61
    1774:	89 83       	std	Y+1, r24	; 0x01
    1776:	6a 83       	std	Y+2, r22	; 0x02
    1778:	4b 83       	std	Y+3, r20	; 0x03
	if(PortID < 4 && PinID < 8)
    177a:	89 81       	ldd	r24, Y+1	; 0x01
    177c:	84 30       	cpi	r24, 0x04	; 4
    177e:	08 f0       	brcs	.+2      	; 0x1782 <DIO_voidSetPinDirection+0x22>
    1780:	ee c0       	rjmp	.+476    	; 0x195e <DIO_voidSetPinDirection+0x1fe>
    1782:	8a 81       	ldd	r24, Y+2	; 0x02
    1784:	88 30       	cpi	r24, 0x08	; 8
    1786:	08 f0       	brcs	.+2      	; 0x178a <DIO_voidSetPinDirection+0x2a>
    1788:	ea c0       	rjmp	.+468    	; 0x195e <DIO_voidSetPinDirection+0x1fe>
	{
		if(Direction == OUTPUT)
    178a:	8b 81       	ldd	r24, Y+3	; 0x03
    178c:	81 30       	cpi	r24, 0x01	; 1
    178e:	09 f0       	breq	.+2      	; 0x1792 <DIO_voidSetPinDirection+0x32>
    1790:	6f c0       	rjmp	.+222    	; 0x1870 <DIO_voidSetPinDirection+0x110>
		{
			switch(PortID)
    1792:	89 81       	ldd	r24, Y+1	; 0x01
    1794:	28 2f       	mov	r18, r24
    1796:	30 e0       	ldi	r19, 0x00	; 0
    1798:	3f 83       	std	Y+7, r19	; 0x07
    179a:	2e 83       	std	Y+6, r18	; 0x06
    179c:	8e 81       	ldd	r24, Y+6	; 0x06
    179e:	9f 81       	ldd	r25, Y+7	; 0x07
    17a0:	81 30       	cpi	r24, 0x01	; 1
    17a2:	91 05       	cpc	r25, r1
    17a4:	49 f1       	breq	.+82     	; 0x17f8 <DIO_voidSetPinDirection+0x98>
    17a6:	2e 81       	ldd	r18, Y+6	; 0x06
    17a8:	3f 81       	ldd	r19, Y+7	; 0x07
    17aa:	22 30       	cpi	r18, 0x02	; 2
    17ac:	31 05       	cpc	r19, r1
    17ae:	2c f4       	brge	.+10     	; 0x17ba <DIO_voidSetPinDirection+0x5a>
    17b0:	8e 81       	ldd	r24, Y+6	; 0x06
    17b2:	9f 81       	ldd	r25, Y+7	; 0x07
    17b4:	00 97       	sbiw	r24, 0x00	; 0
    17b6:	61 f0       	breq	.+24     	; 0x17d0 <DIO_voidSetPinDirection+0x70>
    17b8:	d2 c0       	rjmp	.+420    	; 0x195e <DIO_voidSetPinDirection+0x1fe>
    17ba:	2e 81       	ldd	r18, Y+6	; 0x06
    17bc:	3f 81       	ldd	r19, Y+7	; 0x07
    17be:	22 30       	cpi	r18, 0x02	; 2
    17c0:	31 05       	cpc	r19, r1
    17c2:	71 f1       	breq	.+92     	; 0x1820 <DIO_voidSetPinDirection+0xc0>
    17c4:	8e 81       	ldd	r24, Y+6	; 0x06
    17c6:	9f 81       	ldd	r25, Y+7	; 0x07
    17c8:	83 30       	cpi	r24, 0x03	; 3
    17ca:	91 05       	cpc	r25, r1
    17cc:	e9 f1       	breq	.+122    	; 0x1848 <DIO_voidSetPinDirection+0xe8>
    17ce:	c7 c0       	rjmp	.+398    	; 0x195e <DIO_voidSetPinDirection+0x1fe>
			{
				case DIO_PORTA: SET_BIT(DDRA, PinID); break;
    17d0:	aa e3       	ldi	r26, 0x3A	; 58
    17d2:	b0 e0       	ldi	r27, 0x00	; 0
    17d4:	ea e3       	ldi	r30, 0x3A	; 58
    17d6:	f0 e0       	ldi	r31, 0x00	; 0
    17d8:	80 81       	ld	r24, Z
    17da:	48 2f       	mov	r20, r24
    17dc:	8a 81       	ldd	r24, Y+2	; 0x02
    17de:	28 2f       	mov	r18, r24
    17e0:	30 e0       	ldi	r19, 0x00	; 0
    17e2:	81 e0       	ldi	r24, 0x01	; 1
    17e4:	90 e0       	ldi	r25, 0x00	; 0
    17e6:	02 2e       	mov	r0, r18
    17e8:	02 c0       	rjmp	.+4      	; 0x17ee <DIO_voidSetPinDirection+0x8e>
    17ea:	88 0f       	add	r24, r24
    17ec:	99 1f       	adc	r25, r25
    17ee:	0a 94       	dec	r0
    17f0:	e2 f7       	brpl	.-8      	; 0x17ea <DIO_voidSetPinDirection+0x8a>
    17f2:	84 2b       	or	r24, r20
    17f4:	8c 93       	st	X, r24
    17f6:	b3 c0       	rjmp	.+358    	; 0x195e <DIO_voidSetPinDirection+0x1fe>
				case DIO_PORTB: SET_BIT(DDRB, PinID); break;
    17f8:	a7 e3       	ldi	r26, 0x37	; 55
    17fa:	b0 e0       	ldi	r27, 0x00	; 0
    17fc:	e7 e3       	ldi	r30, 0x37	; 55
    17fe:	f0 e0       	ldi	r31, 0x00	; 0
    1800:	80 81       	ld	r24, Z
    1802:	48 2f       	mov	r20, r24
    1804:	8a 81       	ldd	r24, Y+2	; 0x02
    1806:	28 2f       	mov	r18, r24
    1808:	30 e0       	ldi	r19, 0x00	; 0
    180a:	81 e0       	ldi	r24, 0x01	; 1
    180c:	90 e0       	ldi	r25, 0x00	; 0
    180e:	02 2e       	mov	r0, r18
    1810:	02 c0       	rjmp	.+4      	; 0x1816 <DIO_voidSetPinDirection+0xb6>
    1812:	88 0f       	add	r24, r24
    1814:	99 1f       	adc	r25, r25
    1816:	0a 94       	dec	r0
    1818:	e2 f7       	brpl	.-8      	; 0x1812 <DIO_voidSetPinDirection+0xb2>
    181a:	84 2b       	or	r24, r20
    181c:	8c 93       	st	X, r24
    181e:	9f c0       	rjmp	.+318    	; 0x195e <DIO_voidSetPinDirection+0x1fe>
				case DIO_PORTC: SET_BIT(DDRC, PinID); break;
    1820:	a4 e3       	ldi	r26, 0x34	; 52
    1822:	b0 e0       	ldi	r27, 0x00	; 0
    1824:	e4 e3       	ldi	r30, 0x34	; 52
    1826:	f0 e0       	ldi	r31, 0x00	; 0
    1828:	80 81       	ld	r24, Z
    182a:	48 2f       	mov	r20, r24
    182c:	8a 81       	ldd	r24, Y+2	; 0x02
    182e:	28 2f       	mov	r18, r24
    1830:	30 e0       	ldi	r19, 0x00	; 0
    1832:	81 e0       	ldi	r24, 0x01	; 1
    1834:	90 e0       	ldi	r25, 0x00	; 0
    1836:	02 2e       	mov	r0, r18
    1838:	02 c0       	rjmp	.+4      	; 0x183e <DIO_voidSetPinDirection+0xde>
    183a:	88 0f       	add	r24, r24
    183c:	99 1f       	adc	r25, r25
    183e:	0a 94       	dec	r0
    1840:	e2 f7       	brpl	.-8      	; 0x183a <DIO_voidSetPinDirection+0xda>
    1842:	84 2b       	or	r24, r20
    1844:	8c 93       	st	X, r24
    1846:	8b c0       	rjmp	.+278    	; 0x195e <DIO_voidSetPinDirection+0x1fe>
				case DIO_PORTD: SET_BIT(DDRD, PinID); break;
    1848:	a1 e3       	ldi	r26, 0x31	; 49
    184a:	b0 e0       	ldi	r27, 0x00	; 0
    184c:	e1 e3       	ldi	r30, 0x31	; 49
    184e:	f0 e0       	ldi	r31, 0x00	; 0
    1850:	80 81       	ld	r24, Z
    1852:	48 2f       	mov	r20, r24
    1854:	8a 81       	ldd	r24, Y+2	; 0x02
    1856:	28 2f       	mov	r18, r24
    1858:	30 e0       	ldi	r19, 0x00	; 0
    185a:	81 e0       	ldi	r24, 0x01	; 1
    185c:	90 e0       	ldi	r25, 0x00	; 0
    185e:	02 2e       	mov	r0, r18
    1860:	02 c0       	rjmp	.+4      	; 0x1866 <DIO_voidSetPinDirection+0x106>
    1862:	88 0f       	add	r24, r24
    1864:	99 1f       	adc	r25, r25
    1866:	0a 94       	dec	r0
    1868:	e2 f7       	brpl	.-8      	; 0x1862 <DIO_voidSetPinDirection+0x102>
    186a:	84 2b       	or	r24, r20
    186c:	8c 93       	st	X, r24
    186e:	77 c0       	rjmp	.+238    	; 0x195e <DIO_voidSetPinDirection+0x1fe>
			}
		}
		else if(Direction == INPUT)
    1870:	8b 81       	ldd	r24, Y+3	; 0x03
    1872:	88 23       	and	r24, r24
    1874:	09 f0       	breq	.+2      	; 0x1878 <DIO_voidSetPinDirection+0x118>
    1876:	73 c0       	rjmp	.+230    	; 0x195e <DIO_voidSetPinDirection+0x1fe>
		{
			switch(PortID)
    1878:	89 81       	ldd	r24, Y+1	; 0x01
    187a:	28 2f       	mov	r18, r24
    187c:	30 e0       	ldi	r19, 0x00	; 0
    187e:	3d 83       	std	Y+5, r19	; 0x05
    1880:	2c 83       	std	Y+4, r18	; 0x04
    1882:	8c 81       	ldd	r24, Y+4	; 0x04
    1884:	9d 81       	ldd	r25, Y+5	; 0x05
    1886:	81 30       	cpi	r24, 0x01	; 1
    1888:	91 05       	cpc	r25, r1
    188a:	59 f1       	breq	.+86     	; 0x18e2 <DIO_voidSetPinDirection+0x182>
    188c:	2c 81       	ldd	r18, Y+4	; 0x04
    188e:	3d 81       	ldd	r19, Y+5	; 0x05
    1890:	22 30       	cpi	r18, 0x02	; 2
    1892:	31 05       	cpc	r19, r1
    1894:	2c f4       	brge	.+10     	; 0x18a0 <DIO_voidSetPinDirection+0x140>
    1896:	8c 81       	ldd	r24, Y+4	; 0x04
    1898:	9d 81       	ldd	r25, Y+5	; 0x05
    189a:	00 97       	sbiw	r24, 0x00	; 0
    189c:	69 f0       	breq	.+26     	; 0x18b8 <DIO_voidSetPinDirection+0x158>
    189e:	5f c0       	rjmp	.+190    	; 0x195e <DIO_voidSetPinDirection+0x1fe>
    18a0:	2c 81       	ldd	r18, Y+4	; 0x04
    18a2:	3d 81       	ldd	r19, Y+5	; 0x05
    18a4:	22 30       	cpi	r18, 0x02	; 2
    18a6:	31 05       	cpc	r19, r1
    18a8:	89 f1       	breq	.+98     	; 0x190c <DIO_voidSetPinDirection+0x1ac>
    18aa:	8c 81       	ldd	r24, Y+4	; 0x04
    18ac:	9d 81       	ldd	r25, Y+5	; 0x05
    18ae:	83 30       	cpi	r24, 0x03	; 3
    18b0:	91 05       	cpc	r25, r1
    18b2:	09 f4       	brne	.+2      	; 0x18b6 <DIO_voidSetPinDirection+0x156>
    18b4:	40 c0       	rjmp	.+128    	; 0x1936 <DIO_voidSetPinDirection+0x1d6>
    18b6:	53 c0       	rjmp	.+166    	; 0x195e <DIO_voidSetPinDirection+0x1fe>
			{
				case DIO_PORTA: CLR_BIT(DDRA, PinID); break;
    18b8:	aa e3       	ldi	r26, 0x3A	; 58
    18ba:	b0 e0       	ldi	r27, 0x00	; 0
    18bc:	ea e3       	ldi	r30, 0x3A	; 58
    18be:	f0 e0       	ldi	r31, 0x00	; 0
    18c0:	80 81       	ld	r24, Z
    18c2:	48 2f       	mov	r20, r24
    18c4:	8a 81       	ldd	r24, Y+2	; 0x02
    18c6:	28 2f       	mov	r18, r24
    18c8:	30 e0       	ldi	r19, 0x00	; 0
    18ca:	81 e0       	ldi	r24, 0x01	; 1
    18cc:	90 e0       	ldi	r25, 0x00	; 0
    18ce:	02 2e       	mov	r0, r18
    18d0:	02 c0       	rjmp	.+4      	; 0x18d6 <DIO_voidSetPinDirection+0x176>
    18d2:	88 0f       	add	r24, r24
    18d4:	99 1f       	adc	r25, r25
    18d6:	0a 94       	dec	r0
    18d8:	e2 f7       	brpl	.-8      	; 0x18d2 <DIO_voidSetPinDirection+0x172>
    18da:	80 95       	com	r24
    18dc:	84 23       	and	r24, r20
    18de:	8c 93       	st	X, r24
    18e0:	3e c0       	rjmp	.+124    	; 0x195e <DIO_voidSetPinDirection+0x1fe>
				case DIO_PORTB: CLR_BIT(DDRB, PinID); break;
    18e2:	a7 e3       	ldi	r26, 0x37	; 55
    18e4:	b0 e0       	ldi	r27, 0x00	; 0
    18e6:	e7 e3       	ldi	r30, 0x37	; 55
    18e8:	f0 e0       	ldi	r31, 0x00	; 0
    18ea:	80 81       	ld	r24, Z
    18ec:	48 2f       	mov	r20, r24
    18ee:	8a 81       	ldd	r24, Y+2	; 0x02
    18f0:	28 2f       	mov	r18, r24
    18f2:	30 e0       	ldi	r19, 0x00	; 0
    18f4:	81 e0       	ldi	r24, 0x01	; 1
    18f6:	90 e0       	ldi	r25, 0x00	; 0
    18f8:	02 2e       	mov	r0, r18
    18fa:	02 c0       	rjmp	.+4      	; 0x1900 <DIO_voidSetPinDirection+0x1a0>
    18fc:	88 0f       	add	r24, r24
    18fe:	99 1f       	adc	r25, r25
    1900:	0a 94       	dec	r0
    1902:	e2 f7       	brpl	.-8      	; 0x18fc <DIO_voidSetPinDirection+0x19c>
    1904:	80 95       	com	r24
    1906:	84 23       	and	r24, r20
    1908:	8c 93       	st	X, r24
    190a:	29 c0       	rjmp	.+82     	; 0x195e <DIO_voidSetPinDirection+0x1fe>
				case DIO_PORTC: CLR_BIT(DDRC, PinID); break;
    190c:	a4 e3       	ldi	r26, 0x34	; 52
    190e:	b0 e0       	ldi	r27, 0x00	; 0
    1910:	e4 e3       	ldi	r30, 0x34	; 52
    1912:	f0 e0       	ldi	r31, 0x00	; 0
    1914:	80 81       	ld	r24, Z
    1916:	48 2f       	mov	r20, r24
    1918:	8a 81       	ldd	r24, Y+2	; 0x02
    191a:	28 2f       	mov	r18, r24
    191c:	30 e0       	ldi	r19, 0x00	; 0
    191e:	81 e0       	ldi	r24, 0x01	; 1
    1920:	90 e0       	ldi	r25, 0x00	; 0
    1922:	02 2e       	mov	r0, r18
    1924:	02 c0       	rjmp	.+4      	; 0x192a <DIO_voidSetPinDirection+0x1ca>
    1926:	88 0f       	add	r24, r24
    1928:	99 1f       	adc	r25, r25
    192a:	0a 94       	dec	r0
    192c:	e2 f7       	brpl	.-8      	; 0x1926 <DIO_voidSetPinDirection+0x1c6>
    192e:	80 95       	com	r24
    1930:	84 23       	and	r24, r20
    1932:	8c 93       	st	X, r24
    1934:	14 c0       	rjmp	.+40     	; 0x195e <DIO_voidSetPinDirection+0x1fe>
				case DIO_PORTD: CLR_BIT(DDRD, PinID); break;
    1936:	a1 e3       	ldi	r26, 0x31	; 49
    1938:	b0 e0       	ldi	r27, 0x00	; 0
    193a:	e1 e3       	ldi	r30, 0x31	; 49
    193c:	f0 e0       	ldi	r31, 0x00	; 0
    193e:	80 81       	ld	r24, Z
    1940:	48 2f       	mov	r20, r24
    1942:	8a 81       	ldd	r24, Y+2	; 0x02
    1944:	28 2f       	mov	r18, r24
    1946:	30 e0       	ldi	r19, 0x00	; 0
    1948:	81 e0       	ldi	r24, 0x01	; 1
    194a:	90 e0       	ldi	r25, 0x00	; 0
    194c:	02 2e       	mov	r0, r18
    194e:	02 c0       	rjmp	.+4      	; 0x1954 <DIO_voidSetPinDirection+0x1f4>
    1950:	88 0f       	add	r24, r24
    1952:	99 1f       	adc	r25, r25
    1954:	0a 94       	dec	r0
    1956:	e2 f7       	brpl	.-8      	; 0x1950 <DIO_voidSetPinDirection+0x1f0>
    1958:	80 95       	com	r24
    195a:	84 23       	and	r24, r20
    195c:	8c 93       	st	X, r24
			}
		}
	}
}
    195e:	27 96       	adiw	r28, 0x07	; 7
    1960:	0f b6       	in	r0, 0x3f	; 63
    1962:	f8 94       	cli
    1964:	de bf       	out	0x3e, r29	; 62
    1966:	0f be       	out	0x3f, r0	; 63
    1968:	cd bf       	out	0x3d, r28	; 61
    196a:	cf 91       	pop	r28
    196c:	df 91       	pop	r29
    196e:	08 95       	ret

00001970 <DIO_voidSetpinValue>:

/** Output Mode */
void DIO_voidSetpinValue(u8 PortID, u8 PinID, u8 Value)
{
    1970:	df 93       	push	r29
    1972:	cf 93       	push	r28
    1974:	cd b7       	in	r28, 0x3d	; 61
    1976:	de b7       	in	r29, 0x3e	; 62
    1978:	27 97       	sbiw	r28, 0x07	; 7
    197a:	0f b6       	in	r0, 0x3f	; 63
    197c:	f8 94       	cli
    197e:	de bf       	out	0x3e, r29	; 62
    1980:	0f be       	out	0x3f, r0	; 63
    1982:	cd bf       	out	0x3d, r28	; 61
    1984:	89 83       	std	Y+1, r24	; 0x01
    1986:	6a 83       	std	Y+2, r22	; 0x02
    1988:	4b 83       	std	Y+3, r20	; 0x03
	if(PortID < 4 && PinID < 8)
    198a:	89 81       	ldd	r24, Y+1	; 0x01
    198c:	84 30       	cpi	r24, 0x04	; 4
    198e:	08 f0       	brcs	.+2      	; 0x1992 <DIO_voidSetpinValue+0x22>
    1990:	ee c0       	rjmp	.+476    	; 0x1b6e <DIO_voidSetpinValue+0x1fe>
    1992:	8a 81       	ldd	r24, Y+2	; 0x02
    1994:	88 30       	cpi	r24, 0x08	; 8
    1996:	08 f0       	brcs	.+2      	; 0x199a <DIO_voidSetpinValue+0x2a>
    1998:	ea c0       	rjmp	.+468    	; 0x1b6e <DIO_voidSetpinValue+0x1fe>
	{
		if(Value == HIGH)
    199a:	8b 81       	ldd	r24, Y+3	; 0x03
    199c:	81 30       	cpi	r24, 0x01	; 1
    199e:	09 f0       	breq	.+2      	; 0x19a2 <DIO_voidSetpinValue+0x32>
    19a0:	6f c0       	rjmp	.+222    	; 0x1a80 <DIO_voidSetpinValue+0x110>
		{
			switch(PortID)
    19a2:	89 81       	ldd	r24, Y+1	; 0x01
    19a4:	28 2f       	mov	r18, r24
    19a6:	30 e0       	ldi	r19, 0x00	; 0
    19a8:	3f 83       	std	Y+7, r19	; 0x07
    19aa:	2e 83       	std	Y+6, r18	; 0x06
    19ac:	8e 81       	ldd	r24, Y+6	; 0x06
    19ae:	9f 81       	ldd	r25, Y+7	; 0x07
    19b0:	81 30       	cpi	r24, 0x01	; 1
    19b2:	91 05       	cpc	r25, r1
    19b4:	49 f1       	breq	.+82     	; 0x1a08 <DIO_voidSetpinValue+0x98>
    19b6:	2e 81       	ldd	r18, Y+6	; 0x06
    19b8:	3f 81       	ldd	r19, Y+7	; 0x07
    19ba:	22 30       	cpi	r18, 0x02	; 2
    19bc:	31 05       	cpc	r19, r1
    19be:	2c f4       	brge	.+10     	; 0x19ca <DIO_voidSetpinValue+0x5a>
    19c0:	8e 81       	ldd	r24, Y+6	; 0x06
    19c2:	9f 81       	ldd	r25, Y+7	; 0x07
    19c4:	00 97       	sbiw	r24, 0x00	; 0
    19c6:	61 f0       	breq	.+24     	; 0x19e0 <DIO_voidSetpinValue+0x70>
    19c8:	d2 c0       	rjmp	.+420    	; 0x1b6e <DIO_voidSetpinValue+0x1fe>
    19ca:	2e 81       	ldd	r18, Y+6	; 0x06
    19cc:	3f 81       	ldd	r19, Y+7	; 0x07
    19ce:	22 30       	cpi	r18, 0x02	; 2
    19d0:	31 05       	cpc	r19, r1
    19d2:	71 f1       	breq	.+92     	; 0x1a30 <DIO_voidSetpinValue+0xc0>
    19d4:	8e 81       	ldd	r24, Y+6	; 0x06
    19d6:	9f 81       	ldd	r25, Y+7	; 0x07
    19d8:	83 30       	cpi	r24, 0x03	; 3
    19da:	91 05       	cpc	r25, r1
    19dc:	e9 f1       	breq	.+122    	; 0x1a58 <DIO_voidSetpinValue+0xe8>
    19de:	c7 c0       	rjmp	.+398    	; 0x1b6e <DIO_voidSetpinValue+0x1fe>
			{
				case DIO_PORTA: SET_BIT(PORTA, PinID); break;
    19e0:	ab e3       	ldi	r26, 0x3B	; 59
    19e2:	b0 e0       	ldi	r27, 0x00	; 0
    19e4:	eb e3       	ldi	r30, 0x3B	; 59
    19e6:	f0 e0       	ldi	r31, 0x00	; 0
    19e8:	80 81       	ld	r24, Z
    19ea:	48 2f       	mov	r20, r24
    19ec:	8a 81       	ldd	r24, Y+2	; 0x02
    19ee:	28 2f       	mov	r18, r24
    19f0:	30 e0       	ldi	r19, 0x00	; 0
    19f2:	81 e0       	ldi	r24, 0x01	; 1
    19f4:	90 e0       	ldi	r25, 0x00	; 0
    19f6:	02 2e       	mov	r0, r18
    19f8:	02 c0       	rjmp	.+4      	; 0x19fe <DIO_voidSetpinValue+0x8e>
    19fa:	88 0f       	add	r24, r24
    19fc:	99 1f       	adc	r25, r25
    19fe:	0a 94       	dec	r0
    1a00:	e2 f7       	brpl	.-8      	; 0x19fa <DIO_voidSetpinValue+0x8a>
    1a02:	84 2b       	or	r24, r20
    1a04:	8c 93       	st	X, r24
    1a06:	b3 c0       	rjmp	.+358    	; 0x1b6e <DIO_voidSetpinValue+0x1fe>
				case DIO_PORTB: SET_BIT(PORTB, PinID); break;
    1a08:	a8 e3       	ldi	r26, 0x38	; 56
    1a0a:	b0 e0       	ldi	r27, 0x00	; 0
    1a0c:	e8 e3       	ldi	r30, 0x38	; 56
    1a0e:	f0 e0       	ldi	r31, 0x00	; 0
    1a10:	80 81       	ld	r24, Z
    1a12:	48 2f       	mov	r20, r24
    1a14:	8a 81       	ldd	r24, Y+2	; 0x02
    1a16:	28 2f       	mov	r18, r24
    1a18:	30 e0       	ldi	r19, 0x00	; 0
    1a1a:	81 e0       	ldi	r24, 0x01	; 1
    1a1c:	90 e0       	ldi	r25, 0x00	; 0
    1a1e:	02 2e       	mov	r0, r18
    1a20:	02 c0       	rjmp	.+4      	; 0x1a26 <DIO_voidSetpinValue+0xb6>
    1a22:	88 0f       	add	r24, r24
    1a24:	99 1f       	adc	r25, r25
    1a26:	0a 94       	dec	r0
    1a28:	e2 f7       	brpl	.-8      	; 0x1a22 <DIO_voidSetpinValue+0xb2>
    1a2a:	84 2b       	or	r24, r20
    1a2c:	8c 93       	st	X, r24
    1a2e:	9f c0       	rjmp	.+318    	; 0x1b6e <DIO_voidSetpinValue+0x1fe>
				case DIO_PORTC: SET_BIT(PORTC, PinID); break;
    1a30:	a5 e3       	ldi	r26, 0x35	; 53
    1a32:	b0 e0       	ldi	r27, 0x00	; 0
    1a34:	e5 e3       	ldi	r30, 0x35	; 53
    1a36:	f0 e0       	ldi	r31, 0x00	; 0
    1a38:	80 81       	ld	r24, Z
    1a3a:	48 2f       	mov	r20, r24
    1a3c:	8a 81       	ldd	r24, Y+2	; 0x02
    1a3e:	28 2f       	mov	r18, r24
    1a40:	30 e0       	ldi	r19, 0x00	; 0
    1a42:	81 e0       	ldi	r24, 0x01	; 1
    1a44:	90 e0       	ldi	r25, 0x00	; 0
    1a46:	02 2e       	mov	r0, r18
    1a48:	02 c0       	rjmp	.+4      	; 0x1a4e <DIO_voidSetpinValue+0xde>
    1a4a:	88 0f       	add	r24, r24
    1a4c:	99 1f       	adc	r25, r25
    1a4e:	0a 94       	dec	r0
    1a50:	e2 f7       	brpl	.-8      	; 0x1a4a <DIO_voidSetpinValue+0xda>
    1a52:	84 2b       	or	r24, r20
    1a54:	8c 93       	st	X, r24
    1a56:	8b c0       	rjmp	.+278    	; 0x1b6e <DIO_voidSetpinValue+0x1fe>
				case DIO_PORTD: SET_BIT(PORTD, PinID); break;
    1a58:	a2 e3       	ldi	r26, 0x32	; 50
    1a5a:	b0 e0       	ldi	r27, 0x00	; 0
    1a5c:	e2 e3       	ldi	r30, 0x32	; 50
    1a5e:	f0 e0       	ldi	r31, 0x00	; 0
    1a60:	80 81       	ld	r24, Z
    1a62:	48 2f       	mov	r20, r24
    1a64:	8a 81       	ldd	r24, Y+2	; 0x02
    1a66:	28 2f       	mov	r18, r24
    1a68:	30 e0       	ldi	r19, 0x00	; 0
    1a6a:	81 e0       	ldi	r24, 0x01	; 1
    1a6c:	90 e0       	ldi	r25, 0x00	; 0
    1a6e:	02 2e       	mov	r0, r18
    1a70:	02 c0       	rjmp	.+4      	; 0x1a76 <DIO_voidSetpinValue+0x106>
    1a72:	88 0f       	add	r24, r24
    1a74:	99 1f       	adc	r25, r25
    1a76:	0a 94       	dec	r0
    1a78:	e2 f7       	brpl	.-8      	; 0x1a72 <DIO_voidSetpinValue+0x102>
    1a7a:	84 2b       	or	r24, r20
    1a7c:	8c 93       	st	X, r24
    1a7e:	77 c0       	rjmp	.+238    	; 0x1b6e <DIO_voidSetpinValue+0x1fe>
			}
		}
		else if(Value == LOW)
    1a80:	8b 81       	ldd	r24, Y+3	; 0x03
    1a82:	88 23       	and	r24, r24
    1a84:	09 f0       	breq	.+2      	; 0x1a88 <DIO_voidSetpinValue+0x118>
    1a86:	73 c0       	rjmp	.+230    	; 0x1b6e <DIO_voidSetpinValue+0x1fe>
		{
			switch(PortID)
    1a88:	89 81       	ldd	r24, Y+1	; 0x01
    1a8a:	28 2f       	mov	r18, r24
    1a8c:	30 e0       	ldi	r19, 0x00	; 0
    1a8e:	3d 83       	std	Y+5, r19	; 0x05
    1a90:	2c 83       	std	Y+4, r18	; 0x04
    1a92:	8c 81       	ldd	r24, Y+4	; 0x04
    1a94:	9d 81       	ldd	r25, Y+5	; 0x05
    1a96:	81 30       	cpi	r24, 0x01	; 1
    1a98:	91 05       	cpc	r25, r1
    1a9a:	59 f1       	breq	.+86     	; 0x1af2 <DIO_voidSetpinValue+0x182>
    1a9c:	2c 81       	ldd	r18, Y+4	; 0x04
    1a9e:	3d 81       	ldd	r19, Y+5	; 0x05
    1aa0:	22 30       	cpi	r18, 0x02	; 2
    1aa2:	31 05       	cpc	r19, r1
    1aa4:	2c f4       	brge	.+10     	; 0x1ab0 <DIO_voidSetpinValue+0x140>
    1aa6:	8c 81       	ldd	r24, Y+4	; 0x04
    1aa8:	9d 81       	ldd	r25, Y+5	; 0x05
    1aaa:	00 97       	sbiw	r24, 0x00	; 0
    1aac:	69 f0       	breq	.+26     	; 0x1ac8 <DIO_voidSetpinValue+0x158>
    1aae:	5f c0       	rjmp	.+190    	; 0x1b6e <DIO_voidSetpinValue+0x1fe>
    1ab0:	2c 81       	ldd	r18, Y+4	; 0x04
    1ab2:	3d 81       	ldd	r19, Y+5	; 0x05
    1ab4:	22 30       	cpi	r18, 0x02	; 2
    1ab6:	31 05       	cpc	r19, r1
    1ab8:	89 f1       	breq	.+98     	; 0x1b1c <DIO_voidSetpinValue+0x1ac>
    1aba:	8c 81       	ldd	r24, Y+4	; 0x04
    1abc:	9d 81       	ldd	r25, Y+5	; 0x05
    1abe:	83 30       	cpi	r24, 0x03	; 3
    1ac0:	91 05       	cpc	r25, r1
    1ac2:	09 f4       	brne	.+2      	; 0x1ac6 <DIO_voidSetpinValue+0x156>
    1ac4:	40 c0       	rjmp	.+128    	; 0x1b46 <DIO_voidSetpinValue+0x1d6>
    1ac6:	53 c0       	rjmp	.+166    	; 0x1b6e <DIO_voidSetpinValue+0x1fe>
			{
				case DIO_PORTA: CLR_BIT(PORTA, PinID); break;
    1ac8:	ab e3       	ldi	r26, 0x3B	; 59
    1aca:	b0 e0       	ldi	r27, 0x00	; 0
    1acc:	eb e3       	ldi	r30, 0x3B	; 59
    1ace:	f0 e0       	ldi	r31, 0x00	; 0
    1ad0:	80 81       	ld	r24, Z
    1ad2:	48 2f       	mov	r20, r24
    1ad4:	8a 81       	ldd	r24, Y+2	; 0x02
    1ad6:	28 2f       	mov	r18, r24
    1ad8:	30 e0       	ldi	r19, 0x00	; 0
    1ada:	81 e0       	ldi	r24, 0x01	; 1
    1adc:	90 e0       	ldi	r25, 0x00	; 0
    1ade:	02 2e       	mov	r0, r18
    1ae0:	02 c0       	rjmp	.+4      	; 0x1ae6 <DIO_voidSetpinValue+0x176>
    1ae2:	88 0f       	add	r24, r24
    1ae4:	99 1f       	adc	r25, r25
    1ae6:	0a 94       	dec	r0
    1ae8:	e2 f7       	brpl	.-8      	; 0x1ae2 <DIO_voidSetpinValue+0x172>
    1aea:	80 95       	com	r24
    1aec:	84 23       	and	r24, r20
    1aee:	8c 93       	st	X, r24
    1af0:	3e c0       	rjmp	.+124    	; 0x1b6e <DIO_voidSetpinValue+0x1fe>
				case DIO_PORTB: CLR_BIT(PORTB, PinID); break;
    1af2:	a8 e3       	ldi	r26, 0x38	; 56
    1af4:	b0 e0       	ldi	r27, 0x00	; 0
    1af6:	e8 e3       	ldi	r30, 0x38	; 56
    1af8:	f0 e0       	ldi	r31, 0x00	; 0
    1afa:	80 81       	ld	r24, Z
    1afc:	48 2f       	mov	r20, r24
    1afe:	8a 81       	ldd	r24, Y+2	; 0x02
    1b00:	28 2f       	mov	r18, r24
    1b02:	30 e0       	ldi	r19, 0x00	; 0
    1b04:	81 e0       	ldi	r24, 0x01	; 1
    1b06:	90 e0       	ldi	r25, 0x00	; 0
    1b08:	02 2e       	mov	r0, r18
    1b0a:	02 c0       	rjmp	.+4      	; 0x1b10 <DIO_voidSetpinValue+0x1a0>
    1b0c:	88 0f       	add	r24, r24
    1b0e:	99 1f       	adc	r25, r25
    1b10:	0a 94       	dec	r0
    1b12:	e2 f7       	brpl	.-8      	; 0x1b0c <DIO_voidSetpinValue+0x19c>
    1b14:	80 95       	com	r24
    1b16:	84 23       	and	r24, r20
    1b18:	8c 93       	st	X, r24
    1b1a:	29 c0       	rjmp	.+82     	; 0x1b6e <DIO_voidSetpinValue+0x1fe>
				case DIO_PORTC: CLR_BIT(PORTC, PinID); break;
    1b1c:	a5 e3       	ldi	r26, 0x35	; 53
    1b1e:	b0 e0       	ldi	r27, 0x00	; 0
    1b20:	e5 e3       	ldi	r30, 0x35	; 53
    1b22:	f0 e0       	ldi	r31, 0x00	; 0
    1b24:	80 81       	ld	r24, Z
    1b26:	48 2f       	mov	r20, r24
    1b28:	8a 81       	ldd	r24, Y+2	; 0x02
    1b2a:	28 2f       	mov	r18, r24
    1b2c:	30 e0       	ldi	r19, 0x00	; 0
    1b2e:	81 e0       	ldi	r24, 0x01	; 1
    1b30:	90 e0       	ldi	r25, 0x00	; 0
    1b32:	02 2e       	mov	r0, r18
    1b34:	02 c0       	rjmp	.+4      	; 0x1b3a <DIO_voidSetpinValue+0x1ca>
    1b36:	88 0f       	add	r24, r24
    1b38:	99 1f       	adc	r25, r25
    1b3a:	0a 94       	dec	r0
    1b3c:	e2 f7       	brpl	.-8      	; 0x1b36 <DIO_voidSetpinValue+0x1c6>
    1b3e:	80 95       	com	r24
    1b40:	84 23       	and	r24, r20
    1b42:	8c 93       	st	X, r24
    1b44:	14 c0       	rjmp	.+40     	; 0x1b6e <DIO_voidSetpinValue+0x1fe>
				case DIO_PORTD: CLR_BIT(PORTD, PinID); break;
    1b46:	a2 e3       	ldi	r26, 0x32	; 50
    1b48:	b0 e0       	ldi	r27, 0x00	; 0
    1b4a:	e2 e3       	ldi	r30, 0x32	; 50
    1b4c:	f0 e0       	ldi	r31, 0x00	; 0
    1b4e:	80 81       	ld	r24, Z
    1b50:	48 2f       	mov	r20, r24
    1b52:	8a 81       	ldd	r24, Y+2	; 0x02
    1b54:	28 2f       	mov	r18, r24
    1b56:	30 e0       	ldi	r19, 0x00	; 0
    1b58:	81 e0       	ldi	r24, 0x01	; 1
    1b5a:	90 e0       	ldi	r25, 0x00	; 0
    1b5c:	02 2e       	mov	r0, r18
    1b5e:	02 c0       	rjmp	.+4      	; 0x1b64 <DIO_voidSetpinValue+0x1f4>
    1b60:	88 0f       	add	r24, r24
    1b62:	99 1f       	adc	r25, r25
    1b64:	0a 94       	dec	r0
    1b66:	e2 f7       	brpl	.-8      	; 0x1b60 <DIO_voidSetpinValue+0x1f0>
    1b68:	80 95       	com	r24
    1b6a:	84 23       	and	r24, r20
    1b6c:	8c 93       	st	X, r24
			}
		}
	}
}
    1b6e:	27 96       	adiw	r28, 0x07	; 7
    1b70:	0f b6       	in	r0, 0x3f	; 63
    1b72:	f8 94       	cli
    1b74:	de bf       	out	0x3e, r29	; 62
    1b76:	0f be       	out	0x3f, r0	; 63
    1b78:	cd bf       	out	0x3d, r28	; 61
    1b7a:	cf 91       	pop	r28
    1b7c:	df 91       	pop	r29
    1b7e:	08 95       	ret

00001b80 <DIO_u8GetPinValue>:

/** Input Mode */
u8 DIO_u8GetPinValue(u8 PortID, u8 PinID)
{
    1b80:	df 93       	push	r29
    1b82:	cf 93       	push	r28
    1b84:	00 d0       	rcall	.+0      	; 0x1b86 <DIO_u8GetPinValue+0x6>
    1b86:	00 d0       	rcall	.+0      	; 0x1b88 <DIO_u8GetPinValue+0x8>
    1b88:	0f 92       	push	r0
    1b8a:	cd b7       	in	r28, 0x3d	; 61
    1b8c:	de b7       	in	r29, 0x3e	; 62
    1b8e:	8a 83       	std	Y+2, r24	; 0x02
    1b90:	6b 83       	std	Y+3, r22	; 0x03
	u8 Local_u8PinValue = 0;
    1b92:	19 82       	std	Y+1, r1	; 0x01

	if(PortID < 4 && PinID < 8)
    1b94:	8a 81       	ldd	r24, Y+2	; 0x02
    1b96:	84 30       	cpi	r24, 0x04	; 4
    1b98:	08 f0       	brcs	.+2      	; 0x1b9c <DIO_u8GetPinValue+0x1c>
    1b9a:	6b c0       	rjmp	.+214    	; 0x1c72 <DIO_u8GetPinValue+0xf2>
    1b9c:	8b 81       	ldd	r24, Y+3	; 0x03
    1b9e:	88 30       	cpi	r24, 0x08	; 8
    1ba0:	08 f0       	brcs	.+2      	; 0x1ba4 <DIO_u8GetPinValue+0x24>
    1ba2:	67 c0       	rjmp	.+206    	; 0x1c72 <DIO_u8GetPinValue+0xf2>
	{
		switch(PortID)
    1ba4:	8a 81       	ldd	r24, Y+2	; 0x02
    1ba6:	28 2f       	mov	r18, r24
    1ba8:	30 e0       	ldi	r19, 0x00	; 0
    1baa:	3d 83       	std	Y+5, r19	; 0x05
    1bac:	2c 83       	std	Y+4, r18	; 0x04
    1bae:	4c 81       	ldd	r20, Y+4	; 0x04
    1bb0:	5d 81       	ldd	r21, Y+5	; 0x05
    1bb2:	41 30       	cpi	r20, 0x01	; 1
    1bb4:	51 05       	cpc	r21, r1
    1bb6:	41 f1       	breq	.+80     	; 0x1c08 <DIO_u8GetPinValue+0x88>
    1bb8:	8c 81       	ldd	r24, Y+4	; 0x04
    1bba:	9d 81       	ldd	r25, Y+5	; 0x05
    1bbc:	82 30       	cpi	r24, 0x02	; 2
    1bbe:	91 05       	cpc	r25, r1
    1bc0:	34 f4       	brge	.+12     	; 0x1bce <DIO_u8GetPinValue+0x4e>
    1bc2:	2c 81       	ldd	r18, Y+4	; 0x04
    1bc4:	3d 81       	ldd	r19, Y+5	; 0x05
    1bc6:	21 15       	cp	r18, r1
    1bc8:	31 05       	cpc	r19, r1
    1bca:	61 f0       	breq	.+24     	; 0x1be4 <DIO_u8GetPinValue+0x64>
    1bcc:	52 c0       	rjmp	.+164    	; 0x1c72 <DIO_u8GetPinValue+0xf2>
    1bce:	4c 81       	ldd	r20, Y+4	; 0x04
    1bd0:	5d 81       	ldd	r21, Y+5	; 0x05
    1bd2:	42 30       	cpi	r20, 0x02	; 2
    1bd4:	51 05       	cpc	r21, r1
    1bd6:	51 f1       	breq	.+84     	; 0x1c2c <DIO_u8GetPinValue+0xac>
    1bd8:	8c 81       	ldd	r24, Y+4	; 0x04
    1bda:	9d 81       	ldd	r25, Y+5	; 0x05
    1bdc:	83 30       	cpi	r24, 0x03	; 3
    1bde:	91 05       	cpc	r25, r1
    1be0:	b9 f1       	breq	.+110    	; 0x1c50 <DIO_u8GetPinValue+0xd0>
    1be2:	47 c0       	rjmp	.+142    	; 0x1c72 <DIO_u8GetPinValue+0xf2>
		{
			case DIO_PORTA: Local_u8PinValue = GET_BIT(PINA, PinID); break;
    1be4:	e9 e3       	ldi	r30, 0x39	; 57
    1be6:	f0 e0       	ldi	r31, 0x00	; 0
    1be8:	80 81       	ld	r24, Z
    1bea:	28 2f       	mov	r18, r24
    1bec:	30 e0       	ldi	r19, 0x00	; 0
    1bee:	8b 81       	ldd	r24, Y+3	; 0x03
    1bf0:	88 2f       	mov	r24, r24
    1bf2:	90 e0       	ldi	r25, 0x00	; 0
    1bf4:	a9 01       	movw	r20, r18
    1bf6:	02 c0       	rjmp	.+4      	; 0x1bfc <DIO_u8GetPinValue+0x7c>
    1bf8:	55 95       	asr	r21
    1bfa:	47 95       	ror	r20
    1bfc:	8a 95       	dec	r24
    1bfe:	e2 f7       	brpl	.-8      	; 0x1bf8 <DIO_u8GetPinValue+0x78>
    1c00:	ca 01       	movw	r24, r20
    1c02:	81 70       	andi	r24, 0x01	; 1
    1c04:	89 83       	std	Y+1, r24	; 0x01
    1c06:	35 c0       	rjmp	.+106    	; 0x1c72 <DIO_u8GetPinValue+0xf2>
			case DIO_PORTB: Local_u8PinValue = GET_BIT(PINB, PinID); break;
    1c08:	e6 e3       	ldi	r30, 0x36	; 54
    1c0a:	f0 e0       	ldi	r31, 0x00	; 0
    1c0c:	80 81       	ld	r24, Z
    1c0e:	28 2f       	mov	r18, r24
    1c10:	30 e0       	ldi	r19, 0x00	; 0
    1c12:	8b 81       	ldd	r24, Y+3	; 0x03
    1c14:	88 2f       	mov	r24, r24
    1c16:	90 e0       	ldi	r25, 0x00	; 0
    1c18:	a9 01       	movw	r20, r18
    1c1a:	02 c0       	rjmp	.+4      	; 0x1c20 <DIO_u8GetPinValue+0xa0>
    1c1c:	55 95       	asr	r21
    1c1e:	47 95       	ror	r20
    1c20:	8a 95       	dec	r24
    1c22:	e2 f7       	brpl	.-8      	; 0x1c1c <DIO_u8GetPinValue+0x9c>
    1c24:	ca 01       	movw	r24, r20
    1c26:	81 70       	andi	r24, 0x01	; 1
    1c28:	89 83       	std	Y+1, r24	; 0x01
    1c2a:	23 c0       	rjmp	.+70     	; 0x1c72 <DIO_u8GetPinValue+0xf2>
			case DIO_PORTC: Local_u8PinValue = GET_BIT(PINC, PinID); break;
    1c2c:	e3 e3       	ldi	r30, 0x33	; 51
    1c2e:	f0 e0       	ldi	r31, 0x00	; 0
    1c30:	80 81       	ld	r24, Z
    1c32:	28 2f       	mov	r18, r24
    1c34:	30 e0       	ldi	r19, 0x00	; 0
    1c36:	8b 81       	ldd	r24, Y+3	; 0x03
    1c38:	88 2f       	mov	r24, r24
    1c3a:	90 e0       	ldi	r25, 0x00	; 0
    1c3c:	a9 01       	movw	r20, r18
    1c3e:	02 c0       	rjmp	.+4      	; 0x1c44 <DIO_u8GetPinValue+0xc4>
    1c40:	55 95       	asr	r21
    1c42:	47 95       	ror	r20
    1c44:	8a 95       	dec	r24
    1c46:	e2 f7       	brpl	.-8      	; 0x1c40 <DIO_u8GetPinValue+0xc0>
    1c48:	ca 01       	movw	r24, r20
    1c4a:	81 70       	andi	r24, 0x01	; 1
    1c4c:	89 83       	std	Y+1, r24	; 0x01
    1c4e:	11 c0       	rjmp	.+34     	; 0x1c72 <DIO_u8GetPinValue+0xf2>
			case DIO_PORTD: Local_u8PinValue = GET_BIT(PIND, PinID); break;
    1c50:	e0 e3       	ldi	r30, 0x30	; 48
    1c52:	f0 e0       	ldi	r31, 0x00	; 0
    1c54:	80 81       	ld	r24, Z
    1c56:	28 2f       	mov	r18, r24
    1c58:	30 e0       	ldi	r19, 0x00	; 0
    1c5a:	8b 81       	ldd	r24, Y+3	; 0x03
    1c5c:	88 2f       	mov	r24, r24
    1c5e:	90 e0       	ldi	r25, 0x00	; 0
    1c60:	a9 01       	movw	r20, r18
    1c62:	02 c0       	rjmp	.+4      	; 0x1c68 <DIO_u8GetPinValue+0xe8>
    1c64:	55 95       	asr	r21
    1c66:	47 95       	ror	r20
    1c68:	8a 95       	dec	r24
    1c6a:	e2 f7       	brpl	.-8      	; 0x1c64 <DIO_u8GetPinValue+0xe4>
    1c6c:	ca 01       	movw	r24, r20
    1c6e:	81 70       	andi	r24, 0x01	; 1
    1c70:	89 83       	std	Y+1, r24	; 0x01
		}
	}

	return Local_u8PinValue;
    1c72:	89 81       	ldd	r24, Y+1	; 0x01
}
    1c74:	0f 90       	pop	r0
    1c76:	0f 90       	pop	r0
    1c78:	0f 90       	pop	r0
    1c7a:	0f 90       	pop	r0
    1c7c:	0f 90       	pop	r0
    1c7e:	cf 91       	pop	r28
    1c80:	df 91       	pop	r29
    1c82:	08 95       	ret

00001c84 <DIO_voidTogglePin>:

/** Toggle Pin */
void DIO_voidTogglePin(u8 PortID, u8 PinID)
{
    1c84:	df 93       	push	r29
    1c86:	cf 93       	push	r28
    1c88:	00 d0       	rcall	.+0      	; 0x1c8a <DIO_voidTogglePin+0x6>
    1c8a:	00 d0       	rcall	.+0      	; 0x1c8c <DIO_voidTogglePin+0x8>
    1c8c:	cd b7       	in	r28, 0x3d	; 61
    1c8e:	de b7       	in	r29, 0x3e	; 62
    1c90:	89 83       	std	Y+1, r24	; 0x01
    1c92:	6a 83       	std	Y+2, r22	; 0x02
	if(PortID < 4 && PinID < 8)
    1c94:	89 81       	ldd	r24, Y+1	; 0x01
    1c96:	84 30       	cpi	r24, 0x04	; 4
    1c98:	08 f0       	brcs	.+2      	; 0x1c9c <DIO_voidTogglePin+0x18>
    1c9a:	72 c0       	rjmp	.+228    	; 0x1d80 <DIO_voidTogglePin+0xfc>
    1c9c:	8a 81       	ldd	r24, Y+2	; 0x02
    1c9e:	88 30       	cpi	r24, 0x08	; 8
    1ca0:	08 f0       	brcs	.+2      	; 0x1ca4 <DIO_voidTogglePin+0x20>
    1ca2:	6e c0       	rjmp	.+220    	; 0x1d80 <DIO_voidTogglePin+0xfc>
	{
		switch(PortID)
    1ca4:	89 81       	ldd	r24, Y+1	; 0x01
    1ca6:	28 2f       	mov	r18, r24
    1ca8:	30 e0       	ldi	r19, 0x00	; 0
    1caa:	3c 83       	std	Y+4, r19	; 0x04
    1cac:	2b 83       	std	Y+3, r18	; 0x03
    1cae:	8b 81       	ldd	r24, Y+3	; 0x03
    1cb0:	9c 81       	ldd	r25, Y+4	; 0x04
    1cb2:	81 30       	cpi	r24, 0x01	; 1
    1cb4:	91 05       	cpc	r25, r1
    1cb6:	49 f1       	breq	.+82     	; 0x1d0a <DIO_voidTogglePin+0x86>
    1cb8:	2b 81       	ldd	r18, Y+3	; 0x03
    1cba:	3c 81       	ldd	r19, Y+4	; 0x04
    1cbc:	22 30       	cpi	r18, 0x02	; 2
    1cbe:	31 05       	cpc	r19, r1
    1cc0:	2c f4       	brge	.+10     	; 0x1ccc <DIO_voidTogglePin+0x48>
    1cc2:	8b 81       	ldd	r24, Y+3	; 0x03
    1cc4:	9c 81       	ldd	r25, Y+4	; 0x04
    1cc6:	00 97       	sbiw	r24, 0x00	; 0
    1cc8:	61 f0       	breq	.+24     	; 0x1ce2 <DIO_voidTogglePin+0x5e>
    1cca:	5a c0       	rjmp	.+180    	; 0x1d80 <DIO_voidTogglePin+0xfc>
    1ccc:	2b 81       	ldd	r18, Y+3	; 0x03
    1cce:	3c 81       	ldd	r19, Y+4	; 0x04
    1cd0:	22 30       	cpi	r18, 0x02	; 2
    1cd2:	31 05       	cpc	r19, r1
    1cd4:	71 f1       	breq	.+92     	; 0x1d32 <DIO_voidTogglePin+0xae>
    1cd6:	8b 81       	ldd	r24, Y+3	; 0x03
    1cd8:	9c 81       	ldd	r25, Y+4	; 0x04
    1cda:	83 30       	cpi	r24, 0x03	; 3
    1cdc:	91 05       	cpc	r25, r1
    1cde:	e9 f1       	breq	.+122    	; 0x1d5a <DIO_voidTogglePin+0xd6>
    1ce0:	4f c0       	rjmp	.+158    	; 0x1d80 <DIO_voidTogglePin+0xfc>
		{
			case DIO_PORTA: TOG_BIT(PORTA, PinID); break;
    1ce2:	ab e3       	ldi	r26, 0x3B	; 59
    1ce4:	b0 e0       	ldi	r27, 0x00	; 0
    1ce6:	eb e3       	ldi	r30, 0x3B	; 59
    1ce8:	f0 e0       	ldi	r31, 0x00	; 0
    1cea:	80 81       	ld	r24, Z
    1cec:	48 2f       	mov	r20, r24
    1cee:	8a 81       	ldd	r24, Y+2	; 0x02
    1cf0:	28 2f       	mov	r18, r24
    1cf2:	30 e0       	ldi	r19, 0x00	; 0
    1cf4:	81 e0       	ldi	r24, 0x01	; 1
    1cf6:	90 e0       	ldi	r25, 0x00	; 0
    1cf8:	02 2e       	mov	r0, r18
    1cfa:	02 c0       	rjmp	.+4      	; 0x1d00 <DIO_voidTogglePin+0x7c>
    1cfc:	88 0f       	add	r24, r24
    1cfe:	99 1f       	adc	r25, r25
    1d00:	0a 94       	dec	r0
    1d02:	e2 f7       	brpl	.-8      	; 0x1cfc <DIO_voidTogglePin+0x78>
    1d04:	84 27       	eor	r24, r20
    1d06:	8c 93       	st	X, r24
    1d08:	3b c0       	rjmp	.+118    	; 0x1d80 <DIO_voidTogglePin+0xfc>
			case DIO_PORTB: TOG_BIT(PORTB, PinID); break;
    1d0a:	a8 e3       	ldi	r26, 0x38	; 56
    1d0c:	b0 e0       	ldi	r27, 0x00	; 0
    1d0e:	e8 e3       	ldi	r30, 0x38	; 56
    1d10:	f0 e0       	ldi	r31, 0x00	; 0
    1d12:	80 81       	ld	r24, Z
    1d14:	48 2f       	mov	r20, r24
    1d16:	8a 81       	ldd	r24, Y+2	; 0x02
    1d18:	28 2f       	mov	r18, r24
    1d1a:	30 e0       	ldi	r19, 0x00	; 0
    1d1c:	81 e0       	ldi	r24, 0x01	; 1
    1d1e:	90 e0       	ldi	r25, 0x00	; 0
    1d20:	02 2e       	mov	r0, r18
    1d22:	02 c0       	rjmp	.+4      	; 0x1d28 <DIO_voidTogglePin+0xa4>
    1d24:	88 0f       	add	r24, r24
    1d26:	99 1f       	adc	r25, r25
    1d28:	0a 94       	dec	r0
    1d2a:	e2 f7       	brpl	.-8      	; 0x1d24 <DIO_voidTogglePin+0xa0>
    1d2c:	84 27       	eor	r24, r20
    1d2e:	8c 93       	st	X, r24
    1d30:	27 c0       	rjmp	.+78     	; 0x1d80 <DIO_voidTogglePin+0xfc>
			case DIO_PORTC: TOG_BIT(PORTC, PinID); break;
    1d32:	a5 e3       	ldi	r26, 0x35	; 53
    1d34:	b0 e0       	ldi	r27, 0x00	; 0
    1d36:	e5 e3       	ldi	r30, 0x35	; 53
    1d38:	f0 e0       	ldi	r31, 0x00	; 0
    1d3a:	80 81       	ld	r24, Z
    1d3c:	48 2f       	mov	r20, r24
    1d3e:	8a 81       	ldd	r24, Y+2	; 0x02
    1d40:	28 2f       	mov	r18, r24
    1d42:	30 e0       	ldi	r19, 0x00	; 0
    1d44:	81 e0       	ldi	r24, 0x01	; 1
    1d46:	90 e0       	ldi	r25, 0x00	; 0
    1d48:	02 2e       	mov	r0, r18
    1d4a:	02 c0       	rjmp	.+4      	; 0x1d50 <DIO_voidTogglePin+0xcc>
    1d4c:	88 0f       	add	r24, r24
    1d4e:	99 1f       	adc	r25, r25
    1d50:	0a 94       	dec	r0
    1d52:	e2 f7       	brpl	.-8      	; 0x1d4c <DIO_voidTogglePin+0xc8>
    1d54:	84 27       	eor	r24, r20
    1d56:	8c 93       	st	X, r24
    1d58:	13 c0       	rjmp	.+38     	; 0x1d80 <DIO_voidTogglePin+0xfc>
			case DIO_PORTD: TOG_BIT(PORTD, PinID); break;
    1d5a:	a2 e3       	ldi	r26, 0x32	; 50
    1d5c:	b0 e0       	ldi	r27, 0x00	; 0
    1d5e:	e2 e3       	ldi	r30, 0x32	; 50
    1d60:	f0 e0       	ldi	r31, 0x00	; 0
    1d62:	80 81       	ld	r24, Z
    1d64:	48 2f       	mov	r20, r24
    1d66:	8a 81       	ldd	r24, Y+2	; 0x02
    1d68:	28 2f       	mov	r18, r24
    1d6a:	30 e0       	ldi	r19, 0x00	; 0
    1d6c:	81 e0       	ldi	r24, 0x01	; 1
    1d6e:	90 e0       	ldi	r25, 0x00	; 0
    1d70:	02 2e       	mov	r0, r18
    1d72:	02 c0       	rjmp	.+4      	; 0x1d78 <DIO_voidTogglePin+0xf4>
    1d74:	88 0f       	add	r24, r24
    1d76:	99 1f       	adc	r25, r25
    1d78:	0a 94       	dec	r0
    1d7a:	e2 f7       	brpl	.-8      	; 0x1d74 <DIO_voidTogglePin+0xf0>
    1d7c:	84 27       	eor	r24, r20
    1d7e:	8c 93       	st	X, r24
		}
	}
}
    1d80:	0f 90       	pop	r0
    1d82:	0f 90       	pop	r0
    1d84:	0f 90       	pop	r0
    1d86:	0f 90       	pop	r0
    1d88:	cf 91       	pop	r28
    1d8a:	df 91       	pop	r29
    1d8c:	08 95       	ret

00001d8e <DIO_voidSetPortDirection>:

/** Set Port Direction */
void DIO_voidSetPortDirection(u8 PortID, u8 Direction)
{
    1d8e:	df 93       	push	r29
    1d90:	cf 93       	push	r28
    1d92:	00 d0       	rcall	.+0      	; 0x1d94 <DIO_voidSetPortDirection+0x6>
    1d94:	00 d0       	rcall	.+0      	; 0x1d96 <DIO_voidSetPortDirection+0x8>
    1d96:	cd b7       	in	r28, 0x3d	; 61
    1d98:	de b7       	in	r29, 0x3e	; 62
    1d9a:	89 83       	std	Y+1, r24	; 0x01
    1d9c:	6a 83       	std	Y+2, r22	; 0x02
	if(PortID < 4)
    1d9e:	89 81       	ldd	r24, Y+1	; 0x01
    1da0:	84 30       	cpi	r24, 0x04	; 4
    1da2:	90 f5       	brcc	.+100    	; 0x1e08 <DIO_voidSetPortDirection+0x7a>
	{
		switch(PortID)
    1da4:	89 81       	ldd	r24, Y+1	; 0x01
    1da6:	28 2f       	mov	r18, r24
    1da8:	30 e0       	ldi	r19, 0x00	; 0
    1daa:	3c 83       	std	Y+4, r19	; 0x04
    1dac:	2b 83       	std	Y+3, r18	; 0x03
    1dae:	8b 81       	ldd	r24, Y+3	; 0x03
    1db0:	9c 81       	ldd	r25, Y+4	; 0x04
    1db2:	81 30       	cpi	r24, 0x01	; 1
    1db4:	91 05       	cpc	r25, r1
    1db6:	d1 f0       	breq	.+52     	; 0x1dec <DIO_voidSetPortDirection+0x5e>
    1db8:	2b 81       	ldd	r18, Y+3	; 0x03
    1dba:	3c 81       	ldd	r19, Y+4	; 0x04
    1dbc:	22 30       	cpi	r18, 0x02	; 2
    1dbe:	31 05       	cpc	r19, r1
    1dc0:	2c f4       	brge	.+10     	; 0x1dcc <DIO_voidSetPortDirection+0x3e>
    1dc2:	8b 81       	ldd	r24, Y+3	; 0x03
    1dc4:	9c 81       	ldd	r25, Y+4	; 0x04
    1dc6:	00 97       	sbiw	r24, 0x00	; 0
    1dc8:	61 f0       	breq	.+24     	; 0x1de2 <DIO_voidSetPortDirection+0x54>
    1dca:	1e c0       	rjmp	.+60     	; 0x1e08 <DIO_voidSetPortDirection+0x7a>
    1dcc:	2b 81       	ldd	r18, Y+3	; 0x03
    1dce:	3c 81       	ldd	r19, Y+4	; 0x04
    1dd0:	22 30       	cpi	r18, 0x02	; 2
    1dd2:	31 05       	cpc	r19, r1
    1dd4:	81 f0       	breq	.+32     	; 0x1df6 <DIO_voidSetPortDirection+0x68>
    1dd6:	8b 81       	ldd	r24, Y+3	; 0x03
    1dd8:	9c 81       	ldd	r25, Y+4	; 0x04
    1dda:	83 30       	cpi	r24, 0x03	; 3
    1ddc:	91 05       	cpc	r25, r1
    1dde:	81 f0       	breq	.+32     	; 0x1e00 <DIO_voidSetPortDirection+0x72>
    1de0:	13 c0       	rjmp	.+38     	; 0x1e08 <DIO_voidSetPortDirection+0x7a>
		{
			case DIO_PORTA: DDRA = Direction; break;
    1de2:	ea e3       	ldi	r30, 0x3A	; 58
    1de4:	f0 e0       	ldi	r31, 0x00	; 0
    1de6:	8a 81       	ldd	r24, Y+2	; 0x02
    1de8:	80 83       	st	Z, r24
    1dea:	0e c0       	rjmp	.+28     	; 0x1e08 <DIO_voidSetPortDirection+0x7a>
			case DIO_PORTB: DDRB = Direction; break;
    1dec:	e7 e3       	ldi	r30, 0x37	; 55
    1dee:	f0 e0       	ldi	r31, 0x00	; 0
    1df0:	8a 81       	ldd	r24, Y+2	; 0x02
    1df2:	80 83       	st	Z, r24
    1df4:	09 c0       	rjmp	.+18     	; 0x1e08 <DIO_voidSetPortDirection+0x7a>
			case DIO_PORTC: DDRC = Direction; break;
    1df6:	e4 e3       	ldi	r30, 0x34	; 52
    1df8:	f0 e0       	ldi	r31, 0x00	; 0
    1dfa:	8a 81       	ldd	r24, Y+2	; 0x02
    1dfc:	80 83       	st	Z, r24
    1dfe:	04 c0       	rjmp	.+8      	; 0x1e08 <DIO_voidSetPortDirection+0x7a>
			case DIO_PORTD: DDRD = Direction; break;
    1e00:	e1 e3       	ldi	r30, 0x31	; 49
    1e02:	f0 e0       	ldi	r31, 0x00	; 0
    1e04:	8a 81       	ldd	r24, Y+2	; 0x02
    1e06:	80 83       	st	Z, r24
		}
	}
}
    1e08:	0f 90       	pop	r0
    1e0a:	0f 90       	pop	r0
    1e0c:	0f 90       	pop	r0
    1e0e:	0f 90       	pop	r0
    1e10:	cf 91       	pop	r28
    1e12:	df 91       	pop	r29
    1e14:	08 95       	ret

00001e16 <DIO_voidSetPortValue>:

/** Set Port Value */
void DIO_voidSetPortValue(u8 PortID, u8 Value)
{
    1e16:	df 93       	push	r29
    1e18:	cf 93       	push	r28
    1e1a:	00 d0       	rcall	.+0      	; 0x1e1c <DIO_voidSetPortValue+0x6>
    1e1c:	00 d0       	rcall	.+0      	; 0x1e1e <DIO_voidSetPortValue+0x8>
    1e1e:	cd b7       	in	r28, 0x3d	; 61
    1e20:	de b7       	in	r29, 0x3e	; 62
    1e22:	89 83       	std	Y+1, r24	; 0x01
    1e24:	6a 83       	std	Y+2, r22	; 0x02
	if(PortID < 4)
    1e26:	89 81       	ldd	r24, Y+1	; 0x01
    1e28:	84 30       	cpi	r24, 0x04	; 4
    1e2a:	90 f5       	brcc	.+100    	; 0x1e90 <DIO_voidSetPortValue+0x7a>
	{
		switch(PortID)
    1e2c:	89 81       	ldd	r24, Y+1	; 0x01
    1e2e:	28 2f       	mov	r18, r24
    1e30:	30 e0       	ldi	r19, 0x00	; 0
    1e32:	3c 83       	std	Y+4, r19	; 0x04
    1e34:	2b 83       	std	Y+3, r18	; 0x03
    1e36:	8b 81       	ldd	r24, Y+3	; 0x03
    1e38:	9c 81       	ldd	r25, Y+4	; 0x04
    1e3a:	81 30       	cpi	r24, 0x01	; 1
    1e3c:	91 05       	cpc	r25, r1
    1e3e:	d1 f0       	breq	.+52     	; 0x1e74 <DIO_voidSetPortValue+0x5e>
    1e40:	2b 81       	ldd	r18, Y+3	; 0x03
    1e42:	3c 81       	ldd	r19, Y+4	; 0x04
    1e44:	22 30       	cpi	r18, 0x02	; 2
    1e46:	31 05       	cpc	r19, r1
    1e48:	2c f4       	brge	.+10     	; 0x1e54 <DIO_voidSetPortValue+0x3e>
    1e4a:	8b 81       	ldd	r24, Y+3	; 0x03
    1e4c:	9c 81       	ldd	r25, Y+4	; 0x04
    1e4e:	00 97       	sbiw	r24, 0x00	; 0
    1e50:	61 f0       	breq	.+24     	; 0x1e6a <DIO_voidSetPortValue+0x54>
    1e52:	1e c0       	rjmp	.+60     	; 0x1e90 <DIO_voidSetPortValue+0x7a>
    1e54:	2b 81       	ldd	r18, Y+3	; 0x03
    1e56:	3c 81       	ldd	r19, Y+4	; 0x04
    1e58:	22 30       	cpi	r18, 0x02	; 2
    1e5a:	31 05       	cpc	r19, r1
    1e5c:	81 f0       	breq	.+32     	; 0x1e7e <DIO_voidSetPortValue+0x68>
    1e5e:	8b 81       	ldd	r24, Y+3	; 0x03
    1e60:	9c 81       	ldd	r25, Y+4	; 0x04
    1e62:	83 30       	cpi	r24, 0x03	; 3
    1e64:	91 05       	cpc	r25, r1
    1e66:	81 f0       	breq	.+32     	; 0x1e88 <DIO_voidSetPortValue+0x72>
    1e68:	13 c0       	rjmp	.+38     	; 0x1e90 <DIO_voidSetPortValue+0x7a>
		{
			case DIO_PORTA: PORTA = Value; break;
    1e6a:	eb e3       	ldi	r30, 0x3B	; 59
    1e6c:	f0 e0       	ldi	r31, 0x00	; 0
    1e6e:	8a 81       	ldd	r24, Y+2	; 0x02
    1e70:	80 83       	st	Z, r24
    1e72:	0e c0       	rjmp	.+28     	; 0x1e90 <DIO_voidSetPortValue+0x7a>
			case DIO_PORTB: PORTB = Value; break;
    1e74:	e8 e3       	ldi	r30, 0x38	; 56
    1e76:	f0 e0       	ldi	r31, 0x00	; 0
    1e78:	8a 81       	ldd	r24, Y+2	; 0x02
    1e7a:	80 83       	st	Z, r24
    1e7c:	09 c0       	rjmp	.+18     	; 0x1e90 <DIO_voidSetPortValue+0x7a>
			case DIO_PORTC: PORTC = Value; break;
    1e7e:	e5 e3       	ldi	r30, 0x35	; 53
    1e80:	f0 e0       	ldi	r31, 0x00	; 0
    1e82:	8a 81       	ldd	r24, Y+2	; 0x02
    1e84:	80 83       	st	Z, r24
    1e86:	04 c0       	rjmp	.+8      	; 0x1e90 <DIO_voidSetPortValue+0x7a>
			case DIO_PORTD: PORTD = Value; break;
    1e88:	e2 e3       	ldi	r30, 0x32	; 50
    1e8a:	f0 e0       	ldi	r31, 0x00	; 0
    1e8c:	8a 81       	ldd	r24, Y+2	; 0x02
    1e8e:	80 83       	st	Z, r24
		}
	}
}
    1e90:	0f 90       	pop	r0
    1e92:	0f 90       	pop	r0
    1e94:	0f 90       	pop	r0
    1e96:	0f 90       	pop	r0
    1e98:	cf 91       	pop	r28
    1e9a:	df 91       	pop	r29
    1e9c:	08 95       	ret

00001e9e <EXTI_voidInit>:
#include "EXTI_int.h"
#include "EXTI_private.h"
#include "EXTI_config.h"

void EXTI_voidInit(void)
{
    1e9e:	df 93       	push	r29
    1ea0:	cf 93       	push	r28
    1ea2:	cd b7       	in	r28, 0x3d	; 61
    1ea4:	de b7       	in	r29, 0x3e	; 62
        SET_BIT(MCUCR, 0);
        CLR_BIT(MCUCR, 1);
    }
    else if (EXTI_INT0_SENSE == FALLING_EDGE)
    {
        CLR_BIT(MCUCR, 0);
    1ea6:	a5 e5       	ldi	r26, 0x55	; 85
    1ea8:	b0 e0       	ldi	r27, 0x00	; 0
    1eaa:	e5 e5       	ldi	r30, 0x55	; 85
    1eac:	f0 e0       	ldi	r31, 0x00	; 0
    1eae:	80 81       	ld	r24, Z
    1eb0:	8e 7f       	andi	r24, 0xFE	; 254
    1eb2:	8c 93       	st	X, r24
        SET_BIT(MCUCR, 1);
    1eb4:	a5 e5       	ldi	r26, 0x55	; 85
    1eb6:	b0 e0       	ldi	r27, 0x00	; 0
    1eb8:	e5 e5       	ldi	r30, 0x55	; 85
    1eba:	f0 e0       	ldi	r31, 0x00	; 0
    1ebc:	80 81       	ld	r24, Z
    1ebe:	82 60       	ori	r24, 0x02	; 2
    1ec0:	8c 93       	st	X, r24
        SET_BIT(MCUCR, 2);
        CLR_BIT(MCUCR, 3);
    }
    else if (EXTI_INT1_SENSE == FALLING_EDGE)
    {
        CLR_BIT(MCUCR, 2);
    1ec2:	a5 e5       	ldi	r26, 0x55	; 85
    1ec4:	b0 e0       	ldi	r27, 0x00	; 0
    1ec6:	e5 e5       	ldi	r30, 0x55	; 85
    1ec8:	f0 e0       	ldi	r31, 0x00	; 0
    1eca:	80 81       	ld	r24, Z
    1ecc:	8b 7f       	andi	r24, 0xFB	; 251
    1ece:	8c 93       	st	X, r24
        SET_BIT(MCUCR, 3);
    1ed0:	a5 e5       	ldi	r26, 0x55	; 85
    1ed2:	b0 e0       	ldi	r27, 0x00	; 0
    1ed4:	e5 e5       	ldi	r30, 0x55	; 85
    1ed6:	f0 e0       	ldi	r31, 0x00	; 0
    1ed8:	80 81       	ld	r24, Z
    1eda:	88 60       	ori	r24, 0x08	; 8
    1edc:	8c 93       	st	X, r24
    }

    /* ---------- INT2 Configuration ---------- */
    if (EXTI_INT2_SENSE == FALLING_EDGE)
    {
        CLR_BIT(MCUCSR, 6);
    1ede:	a4 e5       	ldi	r26, 0x54	; 84
    1ee0:	b0 e0       	ldi	r27, 0x00	; 0
    1ee2:	e4 e5       	ldi	r30, 0x54	; 84
    1ee4:	f0 e0       	ldi	r31, 0x00	; 0
    1ee6:	80 81       	ld	r24, Z
    1ee8:	8f 7b       	andi	r24, 0xBF	; 191
    1eea:	8c 93       	st	X, r24
    }
    else if (EXTI_INT2_SENSE == RISING_EDGE)
    {
        SET_BIT(MCUCSR, 6);
    }
}
    1eec:	cf 91       	pop	r28
    1eee:	df 91       	pop	r29
    1ef0:	08 95       	ret

00001ef2 <EXTI_voidSetSenseControl>:
void EXTI_voidSetSenseControl(u8 Int_ID, u8 Sense_Control)
{
    1ef2:	df 93       	push	r29
    1ef4:	cf 93       	push	r28
    1ef6:	cd b7       	in	r28, 0x3d	; 61
    1ef8:	de b7       	in	r29, 0x3e	; 62
    1efa:	2a 97       	sbiw	r28, 0x0a	; 10
    1efc:	0f b6       	in	r0, 0x3f	; 63
    1efe:	f8 94       	cli
    1f00:	de bf       	out	0x3e, r29	; 62
    1f02:	0f be       	out	0x3f, r0	; 63
    1f04:	cd bf       	out	0x3d, r28	; 61
    1f06:	89 83       	std	Y+1, r24	; 0x01
    1f08:	6a 83       	std	Y+2, r22	; 0x02
    switch(Int_ID)
    1f0a:	89 81       	ldd	r24, Y+1	; 0x01
    1f0c:	28 2f       	mov	r18, r24
    1f0e:	30 e0       	ldi	r19, 0x00	; 0
    1f10:	3a 87       	std	Y+10, r19	; 0x0a
    1f12:	29 87       	std	Y+9, r18	; 0x09
    1f14:	89 85       	ldd	r24, Y+9	; 0x09
    1f16:	9a 85       	ldd	r25, Y+10	; 0x0a
    1f18:	81 30       	cpi	r24, 0x01	; 1
    1f1a:	91 05       	cpc	r25, r1
    1f1c:	09 f4       	brne	.+2      	; 0x1f20 <EXTI_voidSetSenseControl+0x2e>
    1f1e:	67 c0       	rjmp	.+206    	; 0x1fee <EXTI_voidSetSenseControl+0xfc>
    1f20:	29 85       	ldd	r18, Y+9	; 0x09
    1f22:	3a 85       	ldd	r19, Y+10	; 0x0a
    1f24:	22 30       	cpi	r18, 0x02	; 2
    1f26:	31 05       	cpc	r19, r1
    1f28:	09 f4       	brne	.+2      	; 0x1f2c <EXTI_voidSetSenseControl+0x3a>
    1f2a:	bd c0       	rjmp	.+378    	; 0x20a6 <EXTI_voidSetSenseControl+0x1b4>
    1f2c:	89 85       	ldd	r24, Y+9	; 0x09
    1f2e:	9a 85       	ldd	r25, Y+10	; 0x0a
    1f30:	00 97       	sbiw	r24, 0x00	; 0
    1f32:	09 f0       	breq	.+2      	; 0x1f36 <EXTI_voidSetSenseControl+0x44>
    1f34:	d7 c0       	rjmp	.+430    	; 0x20e4 <EXTI_voidSetSenseControl+0x1f2>
    {
        case EXTI_INT0:
            switch(Sense_Control)
    1f36:	8a 81       	ldd	r24, Y+2	; 0x02
    1f38:	28 2f       	mov	r18, r24
    1f3a:	30 e0       	ldi	r19, 0x00	; 0
    1f3c:	38 87       	std	Y+8, r19	; 0x08
    1f3e:	2f 83       	std	Y+7, r18	; 0x07
    1f40:	8f 81       	ldd	r24, Y+7	; 0x07
    1f42:	98 85       	ldd	r25, Y+8	; 0x08
    1f44:	82 30       	cpi	r24, 0x02	; 2
    1f46:	91 05       	cpc	r25, r1
    1f48:	29 f1       	breq	.+74     	; 0x1f94 <EXTI_voidSetSenseControl+0xa2>
    1f4a:	2f 81       	ldd	r18, Y+7	; 0x07
    1f4c:	38 85       	ldd	r19, Y+8	; 0x08
    1f4e:	23 30       	cpi	r18, 0x03	; 3
    1f50:	31 05       	cpc	r19, r1
    1f52:	34 f4       	brge	.+12     	; 0x1f60 <EXTI_voidSetSenseControl+0x6e>
    1f54:	8f 81       	ldd	r24, Y+7	; 0x07
    1f56:	98 85       	ldd	r25, Y+8	; 0x08
    1f58:	81 30       	cpi	r24, 0x01	; 1
    1f5a:	91 05       	cpc	r25, r1
    1f5c:	61 f0       	breq	.+24     	; 0x1f76 <EXTI_voidSetSenseControl+0x84>
    1f5e:	c2 c0       	rjmp	.+388    	; 0x20e4 <EXTI_voidSetSenseControl+0x1f2>
    1f60:	2f 81       	ldd	r18, Y+7	; 0x07
    1f62:	38 85       	ldd	r19, Y+8	; 0x08
    1f64:	23 30       	cpi	r18, 0x03	; 3
    1f66:	31 05       	cpc	r19, r1
    1f68:	21 f1       	breq	.+72     	; 0x1fb2 <EXTI_voidSetSenseControl+0xc0>
    1f6a:	8f 81       	ldd	r24, Y+7	; 0x07
    1f6c:	98 85       	ldd	r25, Y+8	; 0x08
    1f6e:	84 30       	cpi	r24, 0x04	; 4
    1f70:	91 05       	cpc	r25, r1
    1f72:	71 f1       	breq	.+92     	; 0x1fd0 <EXTI_voidSetSenseControl+0xde>
    1f74:	b7 c0       	rjmp	.+366    	; 0x20e4 <EXTI_voidSetSenseControl+0x1f2>
            {
                case LOW_LEVEL:    CLR_BIT(MCUCR, 0); CLR_BIT(MCUCR, 1); break;
    1f76:	a5 e5       	ldi	r26, 0x55	; 85
    1f78:	b0 e0       	ldi	r27, 0x00	; 0
    1f7a:	e5 e5       	ldi	r30, 0x55	; 85
    1f7c:	f0 e0       	ldi	r31, 0x00	; 0
    1f7e:	80 81       	ld	r24, Z
    1f80:	8e 7f       	andi	r24, 0xFE	; 254
    1f82:	8c 93       	st	X, r24
    1f84:	a5 e5       	ldi	r26, 0x55	; 85
    1f86:	b0 e0       	ldi	r27, 0x00	; 0
    1f88:	e5 e5       	ldi	r30, 0x55	; 85
    1f8a:	f0 e0       	ldi	r31, 0x00	; 0
    1f8c:	80 81       	ld	r24, Z
    1f8e:	8d 7f       	andi	r24, 0xFD	; 253
    1f90:	8c 93       	st	X, r24
    1f92:	a8 c0       	rjmp	.+336    	; 0x20e4 <EXTI_voidSetSenseControl+0x1f2>
                case ON_CHANGE:    SET_BIT(MCUCR, 0); CLR_BIT(MCUCR, 1); break;
    1f94:	a5 e5       	ldi	r26, 0x55	; 85
    1f96:	b0 e0       	ldi	r27, 0x00	; 0
    1f98:	e5 e5       	ldi	r30, 0x55	; 85
    1f9a:	f0 e0       	ldi	r31, 0x00	; 0
    1f9c:	80 81       	ld	r24, Z
    1f9e:	81 60       	ori	r24, 0x01	; 1
    1fa0:	8c 93       	st	X, r24
    1fa2:	a5 e5       	ldi	r26, 0x55	; 85
    1fa4:	b0 e0       	ldi	r27, 0x00	; 0
    1fa6:	e5 e5       	ldi	r30, 0x55	; 85
    1fa8:	f0 e0       	ldi	r31, 0x00	; 0
    1faa:	80 81       	ld	r24, Z
    1fac:	8d 7f       	andi	r24, 0xFD	; 253
    1fae:	8c 93       	st	X, r24
    1fb0:	99 c0       	rjmp	.+306    	; 0x20e4 <EXTI_voidSetSenseControl+0x1f2>
                case FALLING_EDGE: CLR_BIT(MCUCR, 0); SET_BIT(MCUCR, 1); break;
    1fb2:	a5 e5       	ldi	r26, 0x55	; 85
    1fb4:	b0 e0       	ldi	r27, 0x00	; 0
    1fb6:	e5 e5       	ldi	r30, 0x55	; 85
    1fb8:	f0 e0       	ldi	r31, 0x00	; 0
    1fba:	80 81       	ld	r24, Z
    1fbc:	8e 7f       	andi	r24, 0xFE	; 254
    1fbe:	8c 93       	st	X, r24
    1fc0:	a5 e5       	ldi	r26, 0x55	; 85
    1fc2:	b0 e0       	ldi	r27, 0x00	; 0
    1fc4:	e5 e5       	ldi	r30, 0x55	; 85
    1fc6:	f0 e0       	ldi	r31, 0x00	; 0
    1fc8:	80 81       	ld	r24, Z
    1fca:	82 60       	ori	r24, 0x02	; 2
    1fcc:	8c 93       	st	X, r24
    1fce:	8a c0       	rjmp	.+276    	; 0x20e4 <EXTI_voidSetSenseControl+0x1f2>
                case RISING_EDGE:  SET_BIT(MCUCR, 0); SET_BIT(MCUCR, 1); break;
    1fd0:	a5 e5       	ldi	r26, 0x55	; 85
    1fd2:	b0 e0       	ldi	r27, 0x00	; 0
    1fd4:	e5 e5       	ldi	r30, 0x55	; 85
    1fd6:	f0 e0       	ldi	r31, 0x00	; 0
    1fd8:	80 81       	ld	r24, Z
    1fda:	81 60       	ori	r24, 0x01	; 1
    1fdc:	8c 93       	st	X, r24
    1fde:	a5 e5       	ldi	r26, 0x55	; 85
    1fe0:	b0 e0       	ldi	r27, 0x00	; 0
    1fe2:	e5 e5       	ldi	r30, 0x55	; 85
    1fe4:	f0 e0       	ldi	r31, 0x00	; 0
    1fe6:	80 81       	ld	r24, Z
    1fe8:	82 60       	ori	r24, 0x02	; 2
    1fea:	8c 93       	st	X, r24
    1fec:	7b c0       	rjmp	.+246    	; 0x20e4 <EXTI_voidSetSenseControl+0x1f2>
            }
            break;

        case EXTI_INT1:
            switch(Sense_Control)
    1fee:	8a 81       	ldd	r24, Y+2	; 0x02
    1ff0:	28 2f       	mov	r18, r24
    1ff2:	30 e0       	ldi	r19, 0x00	; 0
    1ff4:	3e 83       	std	Y+6, r19	; 0x06
    1ff6:	2d 83       	std	Y+5, r18	; 0x05
    1ff8:	8d 81       	ldd	r24, Y+5	; 0x05
    1ffa:	9e 81       	ldd	r25, Y+6	; 0x06
    1ffc:	82 30       	cpi	r24, 0x02	; 2
    1ffe:	91 05       	cpc	r25, r1
    2000:	29 f1       	breq	.+74     	; 0x204c <EXTI_voidSetSenseControl+0x15a>
    2002:	2d 81       	ldd	r18, Y+5	; 0x05
    2004:	3e 81       	ldd	r19, Y+6	; 0x06
    2006:	23 30       	cpi	r18, 0x03	; 3
    2008:	31 05       	cpc	r19, r1
    200a:	34 f4       	brge	.+12     	; 0x2018 <EXTI_voidSetSenseControl+0x126>
    200c:	8d 81       	ldd	r24, Y+5	; 0x05
    200e:	9e 81       	ldd	r25, Y+6	; 0x06
    2010:	81 30       	cpi	r24, 0x01	; 1
    2012:	91 05       	cpc	r25, r1
    2014:	61 f0       	breq	.+24     	; 0x202e <EXTI_voidSetSenseControl+0x13c>
    2016:	66 c0       	rjmp	.+204    	; 0x20e4 <EXTI_voidSetSenseControl+0x1f2>
    2018:	2d 81       	ldd	r18, Y+5	; 0x05
    201a:	3e 81       	ldd	r19, Y+6	; 0x06
    201c:	23 30       	cpi	r18, 0x03	; 3
    201e:	31 05       	cpc	r19, r1
    2020:	21 f1       	breq	.+72     	; 0x206a <EXTI_voidSetSenseControl+0x178>
    2022:	8d 81       	ldd	r24, Y+5	; 0x05
    2024:	9e 81       	ldd	r25, Y+6	; 0x06
    2026:	84 30       	cpi	r24, 0x04	; 4
    2028:	91 05       	cpc	r25, r1
    202a:	71 f1       	breq	.+92     	; 0x2088 <EXTI_voidSetSenseControl+0x196>
    202c:	5b c0       	rjmp	.+182    	; 0x20e4 <EXTI_voidSetSenseControl+0x1f2>
            {
                case LOW_LEVEL:    CLR_BIT(MCUCR, 2); CLR_BIT(MCUCR, 3); break;
    202e:	a5 e5       	ldi	r26, 0x55	; 85
    2030:	b0 e0       	ldi	r27, 0x00	; 0
    2032:	e5 e5       	ldi	r30, 0x55	; 85
    2034:	f0 e0       	ldi	r31, 0x00	; 0
    2036:	80 81       	ld	r24, Z
    2038:	8b 7f       	andi	r24, 0xFB	; 251
    203a:	8c 93       	st	X, r24
    203c:	a5 e5       	ldi	r26, 0x55	; 85
    203e:	b0 e0       	ldi	r27, 0x00	; 0
    2040:	e5 e5       	ldi	r30, 0x55	; 85
    2042:	f0 e0       	ldi	r31, 0x00	; 0
    2044:	80 81       	ld	r24, Z
    2046:	87 7f       	andi	r24, 0xF7	; 247
    2048:	8c 93       	st	X, r24
    204a:	4c c0       	rjmp	.+152    	; 0x20e4 <EXTI_voidSetSenseControl+0x1f2>
                case ON_CHANGE:    SET_BIT(MCUCR, 2); CLR_BIT(MCUCR, 3); break;
    204c:	a5 e5       	ldi	r26, 0x55	; 85
    204e:	b0 e0       	ldi	r27, 0x00	; 0
    2050:	e5 e5       	ldi	r30, 0x55	; 85
    2052:	f0 e0       	ldi	r31, 0x00	; 0
    2054:	80 81       	ld	r24, Z
    2056:	84 60       	ori	r24, 0x04	; 4
    2058:	8c 93       	st	X, r24
    205a:	a5 e5       	ldi	r26, 0x55	; 85
    205c:	b0 e0       	ldi	r27, 0x00	; 0
    205e:	e5 e5       	ldi	r30, 0x55	; 85
    2060:	f0 e0       	ldi	r31, 0x00	; 0
    2062:	80 81       	ld	r24, Z
    2064:	87 7f       	andi	r24, 0xF7	; 247
    2066:	8c 93       	st	X, r24
    2068:	3d c0       	rjmp	.+122    	; 0x20e4 <EXTI_voidSetSenseControl+0x1f2>
                case FALLING_EDGE: CLR_BIT(MCUCR, 2); SET_BIT(MCUCR, 3); break;
    206a:	a5 e5       	ldi	r26, 0x55	; 85
    206c:	b0 e0       	ldi	r27, 0x00	; 0
    206e:	e5 e5       	ldi	r30, 0x55	; 85
    2070:	f0 e0       	ldi	r31, 0x00	; 0
    2072:	80 81       	ld	r24, Z
    2074:	8b 7f       	andi	r24, 0xFB	; 251
    2076:	8c 93       	st	X, r24
    2078:	a5 e5       	ldi	r26, 0x55	; 85
    207a:	b0 e0       	ldi	r27, 0x00	; 0
    207c:	e5 e5       	ldi	r30, 0x55	; 85
    207e:	f0 e0       	ldi	r31, 0x00	; 0
    2080:	80 81       	ld	r24, Z
    2082:	88 60       	ori	r24, 0x08	; 8
    2084:	8c 93       	st	X, r24
    2086:	2e c0       	rjmp	.+92     	; 0x20e4 <EXTI_voidSetSenseControl+0x1f2>
                case RISING_EDGE:  SET_BIT(MCUCR, 2); SET_BIT(MCUCR, 3); break;
    2088:	a5 e5       	ldi	r26, 0x55	; 85
    208a:	b0 e0       	ldi	r27, 0x00	; 0
    208c:	e5 e5       	ldi	r30, 0x55	; 85
    208e:	f0 e0       	ldi	r31, 0x00	; 0
    2090:	80 81       	ld	r24, Z
    2092:	84 60       	ori	r24, 0x04	; 4
    2094:	8c 93       	st	X, r24
    2096:	a5 e5       	ldi	r26, 0x55	; 85
    2098:	b0 e0       	ldi	r27, 0x00	; 0
    209a:	e5 e5       	ldi	r30, 0x55	; 85
    209c:	f0 e0       	ldi	r31, 0x00	; 0
    209e:	80 81       	ld	r24, Z
    20a0:	88 60       	ori	r24, 0x08	; 8
    20a2:	8c 93       	st	X, r24
    20a4:	1f c0       	rjmp	.+62     	; 0x20e4 <EXTI_voidSetSenseControl+0x1f2>
            }
            break;

        case EXTI_INT2:
            /* Note: INT2 on ATmega32 only supports Edge triggers, not Levels */
            switch(Sense_Control)
    20a6:	8a 81       	ldd	r24, Y+2	; 0x02
    20a8:	28 2f       	mov	r18, r24
    20aa:	30 e0       	ldi	r19, 0x00	; 0
    20ac:	3c 83       	std	Y+4, r19	; 0x04
    20ae:	2b 83       	std	Y+3, r18	; 0x03
    20b0:	8b 81       	ldd	r24, Y+3	; 0x03
    20b2:	9c 81       	ldd	r25, Y+4	; 0x04
    20b4:	83 30       	cpi	r24, 0x03	; 3
    20b6:	91 05       	cpc	r25, r1
    20b8:	31 f0       	breq	.+12     	; 0x20c6 <EXTI_voidSetSenseControl+0x1d4>
    20ba:	2b 81       	ldd	r18, Y+3	; 0x03
    20bc:	3c 81       	ldd	r19, Y+4	; 0x04
    20be:	24 30       	cpi	r18, 0x04	; 4
    20c0:	31 05       	cpc	r19, r1
    20c2:	49 f0       	breq	.+18     	; 0x20d6 <EXTI_voidSetSenseControl+0x1e4>
    20c4:	0f c0       	rjmp	.+30     	; 0x20e4 <EXTI_voidSetSenseControl+0x1f2>
            {
                case FALLING_EDGE: CLR_BIT(MCUCSR, 6); break;
    20c6:	a4 e5       	ldi	r26, 0x54	; 84
    20c8:	b0 e0       	ldi	r27, 0x00	; 0
    20ca:	e4 e5       	ldi	r30, 0x54	; 84
    20cc:	f0 e0       	ldi	r31, 0x00	; 0
    20ce:	80 81       	ld	r24, Z
    20d0:	8f 7b       	andi	r24, 0xBF	; 191
    20d2:	8c 93       	st	X, r24
    20d4:	07 c0       	rjmp	.+14     	; 0x20e4 <EXTI_voidSetSenseControl+0x1f2>
                case RISING_EDGE:  SET_BIT(MCUCSR, 6); break;
    20d6:	a4 e5       	ldi	r26, 0x54	; 84
    20d8:	b0 e0       	ldi	r27, 0x00	; 0
    20da:	e4 e5       	ldi	r30, 0x54	; 84
    20dc:	f0 e0       	ldi	r31, 0x00	; 0
    20de:	80 81       	ld	r24, Z
    20e0:	80 64       	ori	r24, 0x40	; 64
    20e2:	8c 93       	st	X, r24
            }
            break;
    }
}
    20e4:	2a 96       	adiw	r28, 0x0a	; 10
    20e6:	0f b6       	in	r0, 0x3f	; 63
    20e8:	f8 94       	cli
    20ea:	de bf       	out	0x3e, r29	; 62
    20ec:	0f be       	out	0x3f, r0	; 63
    20ee:	cd bf       	out	0x3d, r28	; 61
    20f0:	cf 91       	pop	r28
    20f2:	df 91       	pop	r29
    20f4:	08 95       	ret

000020f6 <EXTI_voidEnable>:

void EXTI_voidEnable(u8 Int_ID)
{
    20f6:	df 93       	push	r29
    20f8:	cf 93       	push	r28
    20fa:	00 d0       	rcall	.+0      	; 0x20fc <EXTI_voidEnable+0x6>
    20fc:	0f 92       	push	r0
    20fe:	cd b7       	in	r28, 0x3d	; 61
    2100:	de b7       	in	r29, 0x3e	; 62
    2102:	89 83       	std	Y+1, r24	; 0x01
    switch(Int_ID)
    2104:	89 81       	ldd	r24, Y+1	; 0x01
    2106:	28 2f       	mov	r18, r24
    2108:	30 e0       	ldi	r19, 0x00	; 0
    210a:	3b 83       	std	Y+3, r19	; 0x03
    210c:	2a 83       	std	Y+2, r18	; 0x02
    210e:	8a 81       	ldd	r24, Y+2	; 0x02
    2110:	9b 81       	ldd	r25, Y+3	; 0x03
    2112:	81 30       	cpi	r24, 0x01	; 1
    2114:	91 05       	cpc	r25, r1
    2116:	89 f0       	breq	.+34     	; 0x213a <EXTI_voidEnable+0x44>
    2118:	2a 81       	ldd	r18, Y+2	; 0x02
    211a:	3b 81       	ldd	r19, Y+3	; 0x03
    211c:	22 30       	cpi	r18, 0x02	; 2
    211e:	31 05       	cpc	r19, r1
    2120:	a1 f0       	breq	.+40     	; 0x214a <EXTI_voidEnable+0x54>
    2122:	8a 81       	ldd	r24, Y+2	; 0x02
    2124:	9b 81       	ldd	r25, Y+3	; 0x03
    2126:	00 97       	sbiw	r24, 0x00	; 0
    2128:	b9 f4       	brne	.+46     	; 0x2158 <EXTI_voidEnable+0x62>
    {
        case EXTI_INT0: SET_BIT(GICR, 6); break;
    212a:	ab e5       	ldi	r26, 0x5B	; 91
    212c:	b0 e0       	ldi	r27, 0x00	; 0
    212e:	eb e5       	ldi	r30, 0x5B	; 91
    2130:	f0 e0       	ldi	r31, 0x00	; 0
    2132:	80 81       	ld	r24, Z
    2134:	80 64       	ori	r24, 0x40	; 64
    2136:	8c 93       	st	X, r24
    2138:	0f c0       	rjmp	.+30     	; 0x2158 <EXTI_voidEnable+0x62>
        case EXTI_INT1: SET_BIT(GICR, 7); break;
    213a:	ab e5       	ldi	r26, 0x5B	; 91
    213c:	b0 e0       	ldi	r27, 0x00	; 0
    213e:	eb e5       	ldi	r30, 0x5B	; 91
    2140:	f0 e0       	ldi	r31, 0x00	; 0
    2142:	80 81       	ld	r24, Z
    2144:	80 68       	ori	r24, 0x80	; 128
    2146:	8c 93       	st	X, r24
    2148:	07 c0       	rjmp	.+14     	; 0x2158 <EXTI_voidEnable+0x62>
        case EXTI_INT2: SET_BIT(GICR, 5); break;
    214a:	ab e5       	ldi	r26, 0x5B	; 91
    214c:	b0 e0       	ldi	r27, 0x00	; 0
    214e:	eb e5       	ldi	r30, 0x5B	; 91
    2150:	f0 e0       	ldi	r31, 0x00	; 0
    2152:	80 81       	ld	r24, Z
    2154:	80 62       	ori	r24, 0x20	; 32
    2156:	8c 93       	st	X, r24
    }
}
    2158:	0f 90       	pop	r0
    215a:	0f 90       	pop	r0
    215c:	0f 90       	pop	r0
    215e:	cf 91       	pop	r28
    2160:	df 91       	pop	r29
    2162:	08 95       	ret

00002164 <EXTI_voidDisable>:

void EXTI_voidDisable(u8 Int_ID)
{
    2164:	df 93       	push	r29
    2166:	cf 93       	push	r28
    2168:	00 d0       	rcall	.+0      	; 0x216a <EXTI_voidDisable+0x6>
    216a:	0f 92       	push	r0
    216c:	cd b7       	in	r28, 0x3d	; 61
    216e:	de b7       	in	r29, 0x3e	; 62
    2170:	89 83       	std	Y+1, r24	; 0x01
    switch(Int_ID)
    2172:	89 81       	ldd	r24, Y+1	; 0x01
    2174:	28 2f       	mov	r18, r24
    2176:	30 e0       	ldi	r19, 0x00	; 0
    2178:	3b 83       	std	Y+3, r19	; 0x03
    217a:	2a 83       	std	Y+2, r18	; 0x02
    217c:	8a 81       	ldd	r24, Y+2	; 0x02
    217e:	9b 81       	ldd	r25, Y+3	; 0x03
    2180:	81 30       	cpi	r24, 0x01	; 1
    2182:	91 05       	cpc	r25, r1
    2184:	89 f0       	breq	.+34     	; 0x21a8 <EXTI_voidDisable+0x44>
    2186:	2a 81       	ldd	r18, Y+2	; 0x02
    2188:	3b 81       	ldd	r19, Y+3	; 0x03
    218a:	22 30       	cpi	r18, 0x02	; 2
    218c:	31 05       	cpc	r19, r1
    218e:	a1 f0       	breq	.+40     	; 0x21b8 <EXTI_voidDisable+0x54>
    2190:	8a 81       	ldd	r24, Y+2	; 0x02
    2192:	9b 81       	ldd	r25, Y+3	; 0x03
    2194:	00 97       	sbiw	r24, 0x00	; 0
    2196:	b9 f4       	brne	.+46     	; 0x21c6 <EXTI_voidDisable+0x62>
    {
        case EXTI_INT0: CLR_BIT(GICR, 6); break;
    2198:	ab e5       	ldi	r26, 0x5B	; 91
    219a:	b0 e0       	ldi	r27, 0x00	; 0
    219c:	eb e5       	ldi	r30, 0x5B	; 91
    219e:	f0 e0       	ldi	r31, 0x00	; 0
    21a0:	80 81       	ld	r24, Z
    21a2:	8f 7b       	andi	r24, 0xBF	; 191
    21a4:	8c 93       	st	X, r24
    21a6:	0f c0       	rjmp	.+30     	; 0x21c6 <EXTI_voidDisable+0x62>
        case EXTI_INT1: CLR_BIT(GICR, 7); break;
    21a8:	ab e5       	ldi	r26, 0x5B	; 91
    21aa:	b0 e0       	ldi	r27, 0x00	; 0
    21ac:	eb e5       	ldi	r30, 0x5B	; 91
    21ae:	f0 e0       	ldi	r31, 0x00	; 0
    21b0:	80 81       	ld	r24, Z
    21b2:	8f 77       	andi	r24, 0x7F	; 127
    21b4:	8c 93       	st	X, r24
    21b6:	07 c0       	rjmp	.+14     	; 0x21c6 <EXTI_voidDisable+0x62>
        case EXTI_INT2: CLR_BIT(GICR, 5); break;
    21b8:	ab e5       	ldi	r26, 0x5B	; 91
    21ba:	b0 e0       	ldi	r27, 0x00	; 0
    21bc:	eb e5       	ldi	r30, 0x5B	; 91
    21be:	f0 e0       	ldi	r31, 0x00	; 0
    21c0:	80 81       	ld	r24, Z
    21c2:	8f 7d       	andi	r24, 0xDF	; 223
    21c4:	8c 93       	st	X, r24
    }
}
    21c6:	0f 90       	pop	r0
    21c8:	0f 90       	pop	r0
    21ca:	0f 90       	pop	r0
    21cc:	cf 91       	pop	r28
    21ce:	df 91       	pop	r29
    21d0:	08 95       	ret

000021d2 <GIE_voidEnable>:
#include "GIE_int.h"
#include "GIE_private.h"
#include "GIE_config.h"

void GIE_voidEnable(void)
{
    21d2:	df 93       	push	r29
    21d4:	cf 93       	push	r28
    21d6:	cd b7       	in	r28, 0x3d	; 61
    21d8:	de b7       	in	r29, 0x3e	; 62
    /* Enable the GLOBAL Interrupt Enable Bit --> SREG */ /*[cite: 17] */
    SET_BIT(SREG, 7);
    21da:	af e5       	ldi	r26, 0x5F	; 95
    21dc:	b0 e0       	ldi	r27, 0x00	; 0
    21de:	ef e5       	ldi	r30, 0x5F	; 95
    21e0:	f0 e0       	ldi	r31, 0x00	; 0
    21e2:	80 81       	ld	r24, Z
    21e4:	80 68       	ori	r24, 0x80	; 128
    21e6:	8c 93       	st	X, r24
}
    21e8:	cf 91       	pop	r28
    21ea:	df 91       	pop	r29
    21ec:	08 95       	ret

000021ee <GIE_voidDisable>:

void GIE_voidDisable(void)
{
    21ee:	df 93       	push	r29
    21f0:	cf 93       	push	r28
    21f2:	cd b7       	in	r28, 0x3d	; 61
    21f4:	de b7       	in	r29, 0x3e	; 62
    /* Disable the GLOBAL Interrupt Enable Bit --> SREG */ /*[cite: 17] */
    CLR_BIT(SREG, 7);
    21f6:	af e5       	ldi	r26, 0x5F	; 95
    21f8:	b0 e0       	ldi	r27, 0x00	; 0
    21fa:	ef e5       	ldi	r30, 0x5F	; 95
    21fc:	f0 e0       	ldi	r31, 0x00	; 0
    21fe:	80 81       	ld	r24, Z
    2200:	8f 77       	andi	r24, 0x7F	; 127
    2202:	8c 93       	st	X, r24
}
    2204:	cf 91       	pop	r28
    2206:	df 91       	pop	r29
    2208:	08 95       	ret

0000220a <KEY_PADINTI>:
#include"KEYBAD_config.h"
#include"KEYBAD_private.h"
#include"KEYBAD_int.h"

void KEY_PADINTI(void)
{
    220a:	df 93       	push	r29
    220c:	cf 93       	push	r28
    220e:	cd b7       	in	r28, 0x3d	; 61
    2210:	de b7       	in	r29, 0x3e	; 62
    DIO_voidSetPinDirection(KEYPAD_ROW0);
    2212:	82 e0       	ldi	r24, 0x02	; 2
    2214:	60 e0       	ldi	r22, 0x00	; 0
    2216:	40 e0       	ldi	r20, 0x00	; 0
    2218:	0e 94 b0 0b 	call	0x1760	; 0x1760 <DIO_voidSetPinDirection>
    DIO_voidSetPinDirection(KEYPAD_ROW1);
    221c:	82 e0       	ldi	r24, 0x02	; 2
    221e:	61 e0       	ldi	r22, 0x01	; 1
    2220:	40 e0       	ldi	r20, 0x00	; 0
    2222:	0e 94 b0 0b 	call	0x1760	; 0x1760 <DIO_voidSetPinDirection>
    DIO_voidSetPinDirection(KEYPAD_ROW2);
    2226:	82 e0       	ldi	r24, 0x02	; 2
    2228:	62 e0       	ldi	r22, 0x02	; 2
    222a:	40 e0       	ldi	r20, 0x00	; 0
    222c:	0e 94 b0 0b 	call	0x1760	; 0x1760 <DIO_voidSetPinDirection>
    DIO_voidSetPinDirection(KEYPAD_ROW3);
    2230:	82 e0       	ldi	r24, 0x02	; 2
    2232:	63 e0       	ldi	r22, 0x03	; 3
    2234:	40 e0       	ldi	r20, 0x00	; 0
    2236:	0e 94 b0 0b 	call	0x1760	; 0x1760 <DIO_voidSetPinDirection>

    DIO_voidSetPinDirection(KEYPAD_COL0);
    223a:	82 e0       	ldi	r24, 0x02	; 2
    223c:	64 e0       	ldi	r22, 0x04	; 4
    223e:	41 e0       	ldi	r20, 0x01	; 1
    2240:	0e 94 b0 0b 	call	0x1760	; 0x1760 <DIO_voidSetPinDirection>
    DIO_voidSetPinDirection(KEYPAD_COL1);
    2244:	82 e0       	ldi	r24, 0x02	; 2
    2246:	65 e0       	ldi	r22, 0x05	; 5
    2248:	41 e0       	ldi	r20, 0x01	; 1
    224a:	0e 94 b0 0b 	call	0x1760	; 0x1760 <DIO_voidSetPinDirection>
    DIO_voidSetPinDirection(KEYPAD_COL2);
    224e:	82 e0       	ldi	r24, 0x02	; 2
    2250:	66 e0       	ldi	r22, 0x06	; 6
    2252:	41 e0       	ldi	r20, 0x01	; 1
    2254:	0e 94 b0 0b 	call	0x1760	; 0x1760 <DIO_voidSetPinDirection>
    DIO_voidSetPinDirection(KEYPAD_COL3);
    2258:	82 e0       	ldi	r24, 0x02	; 2
    225a:	67 e0       	ldi	r22, 0x07	; 7
    225c:	41 e0       	ldi	r20, 0x01	; 1
    225e:	0e 94 b0 0b 	call	0x1760	; 0x1760 <DIO_voidSetPinDirection>

    DIO_voidSetpinValue(KEYPAD_ROW0_H,HIGH);
    2262:	82 e0       	ldi	r24, 0x02	; 2
    2264:	60 e0       	ldi	r22, 0x00	; 0
    2266:	41 e0       	ldi	r20, 0x01	; 1
    2268:	0e 94 b8 0c 	call	0x1970	; 0x1970 <DIO_voidSetpinValue>
    DIO_voidSetpinValue(KEYPAD_ROW1_H,HIGH);
    226c:	82 e0       	ldi	r24, 0x02	; 2
    226e:	61 e0       	ldi	r22, 0x01	; 1
    2270:	41 e0       	ldi	r20, 0x01	; 1
    2272:	0e 94 b8 0c 	call	0x1970	; 0x1970 <DIO_voidSetpinValue>
    DIO_voidSetpinValue(KEYPAD_ROW2_H,HIGH);
    2276:	82 e0       	ldi	r24, 0x02	; 2
    2278:	62 e0       	ldi	r22, 0x02	; 2
    227a:	41 e0       	ldi	r20, 0x01	; 1
    227c:	0e 94 b8 0c 	call	0x1970	; 0x1970 <DIO_voidSetpinValue>
    DIO_voidSetpinValue(KEYPAD_ROW3_H,HIGH);
    2280:	82 e0       	ldi	r24, 0x02	; 2
    2282:	63 e0       	ldi	r22, 0x03	; 3
    2284:	41 e0       	ldi	r20, 0x01	; 1
    2286:	0e 94 b8 0c 	call	0x1970	; 0x1970 <DIO_voidSetpinValue>

    DIO_voidSetpinValue(KEYPAD_COL0_H,HIGH);
    228a:	82 e0       	ldi	r24, 0x02	; 2
    228c:	64 e0       	ldi	r22, 0x04	; 4
    228e:	41 e0       	ldi	r20, 0x01	; 1
    2290:	0e 94 b8 0c 	call	0x1970	; 0x1970 <DIO_voidSetpinValue>
    DIO_voidSetpinValue(KEYPAD_COL1_H,HIGH);
    2294:	82 e0       	ldi	r24, 0x02	; 2
    2296:	65 e0       	ldi	r22, 0x05	; 5
    2298:	41 e0       	ldi	r20, 0x01	; 1
    229a:	0e 94 b8 0c 	call	0x1970	; 0x1970 <DIO_voidSetpinValue>
    DIO_voidSetpinValue(KEYPAD_COL2_H,HIGH);
    229e:	82 e0       	ldi	r24, 0x02	; 2
    22a0:	66 e0       	ldi	r22, 0x06	; 6
    22a2:	41 e0       	ldi	r20, 0x01	; 1
    22a4:	0e 94 b8 0c 	call	0x1970	; 0x1970 <DIO_voidSetpinValue>
    DIO_voidSetpinValue(KEYPAD_COL3_H,HIGH);
    22a8:	82 e0       	ldi	r24, 0x02	; 2
    22aa:	67 e0       	ldi	r22, 0x07	; 7
    22ac:	41 e0       	ldi	r20, 0x01	; 1
    22ae:	0e 94 b8 0c 	call	0x1970	; 0x1970 <DIO_voidSetpinValue>
}
    22b2:	cf 91       	pop	r28
    22b4:	df 91       	pop	r29
    22b6:	08 95       	ret

000022b8 <GET_u8PRESSEDKEY>:

u8 GET_u8PRESSEDKEY(void)
{
    22b8:	df 93       	push	r29
    22ba:	cf 93       	push	r28
    22bc:	cd b7       	in	r28, 0x3d	; 61
    22be:	de b7       	in	r29, 0x3e	; 62
    22c0:	2a 97       	sbiw	r28, 0x0a	; 10
    22c2:	0f b6       	in	r0, 0x3f	; 63
    22c4:	f8 94       	cli
    22c6:	de bf       	out	0x3e, r29	; 62
    22c8:	0f be       	out	0x3f, r0	; 63
    22ca:	cd bf       	out	0x3d, r28	; 61
    u8 key_pressed;
    u8 key_value=0;
    22cc:	19 82       	std	Y+1, r1	; 0x01
    DIO_voidSetpinValue(KEYPAD_COL0_H,LOW);
    22ce:	82 e0       	ldi	r24, 0x02	; 2
    22d0:	64 e0       	ldi	r22, 0x04	; 4
    22d2:	40 e0       	ldi	r20, 0x00	; 0
    22d4:	0e 94 b8 0c 	call	0x1970	; 0x1970 <DIO_voidSetpinValue>
    DIO_voidSetpinValue(KEYPAD_COL1_H,HIGH);
    22d8:	82 e0       	ldi	r24, 0x02	; 2
    22da:	65 e0       	ldi	r22, 0x05	; 5
    22dc:	41 e0       	ldi	r20, 0x01	; 1
    22de:	0e 94 b8 0c 	call	0x1970	; 0x1970 <DIO_voidSetpinValue>
    DIO_voidSetpinValue(KEYPAD_COL2_H,HIGH);
    22e2:	82 e0       	ldi	r24, 0x02	; 2
    22e4:	66 e0       	ldi	r22, 0x06	; 6
    22e6:	41 e0       	ldi	r20, 0x01	; 1
    22e8:	0e 94 b8 0c 	call	0x1970	; 0x1970 <DIO_voidSetpinValue>
    DIO_voidSetpinValue(KEYPAD_COL3_H,HIGH);
    22ec:	82 e0       	ldi	r24, 0x02	; 2
    22ee:	67 e0       	ldi	r22, 0x07	; 7
    22f0:	41 e0       	ldi	r20, 0x01	; 1
    22f2:	0e 94 b8 0c 	call	0x1970	; 0x1970 <DIO_voidSetpinValue>

    key_pressed  = DIO_u8GetPinValue(KEYPAD_ROW0_H);
    22f6:	82 e0       	ldi	r24, 0x02	; 2
    22f8:	60 e0       	ldi	r22, 0x00	; 0
    22fa:	0e 94 c0 0d 	call	0x1b80	; 0x1b80 <DIO_u8GetPinValue>
    22fe:	8a 83       	std	Y+2, r24	; 0x02
    key_pressed |= DIO_u8GetPinValue(KEYPAD_ROW1_H) << 1;
    2300:	82 e0       	ldi	r24, 0x02	; 2
    2302:	61 e0       	ldi	r22, 0x01	; 1
    2304:	0e 94 c0 0d 	call	0x1b80	; 0x1b80 <DIO_u8GetPinValue>
    2308:	88 2f       	mov	r24, r24
    230a:	90 e0       	ldi	r25, 0x00	; 0
    230c:	88 0f       	add	r24, r24
    230e:	99 1f       	adc	r25, r25
    2310:	98 2f       	mov	r25, r24
    2312:	8a 81       	ldd	r24, Y+2	; 0x02
    2314:	89 2b       	or	r24, r25
    2316:	8a 83       	std	Y+2, r24	; 0x02
    key_pressed |= DIO_u8GetPinValue(KEYPAD_ROW2_H) << 2;
    2318:	82 e0       	ldi	r24, 0x02	; 2
    231a:	62 e0       	ldi	r22, 0x02	; 2
    231c:	0e 94 c0 0d 	call	0x1b80	; 0x1b80 <DIO_u8GetPinValue>
    2320:	88 2f       	mov	r24, r24
    2322:	90 e0       	ldi	r25, 0x00	; 0
    2324:	88 0f       	add	r24, r24
    2326:	99 1f       	adc	r25, r25
    2328:	88 0f       	add	r24, r24
    232a:	99 1f       	adc	r25, r25
    232c:	98 2f       	mov	r25, r24
    232e:	8a 81       	ldd	r24, Y+2	; 0x02
    2330:	89 2b       	or	r24, r25
    2332:	8a 83       	std	Y+2, r24	; 0x02
    key_pressed |= DIO_u8GetPinValue(KEYPAD_ROW3_H) << 3;
    2334:	82 e0       	ldi	r24, 0x02	; 2
    2336:	63 e0       	ldi	r22, 0x03	; 3
    2338:	0e 94 c0 0d 	call	0x1b80	; 0x1b80 <DIO_u8GetPinValue>
    233c:	88 2f       	mov	r24, r24
    233e:	90 e0       	ldi	r25, 0x00	; 0
    2340:	88 0f       	add	r24, r24
    2342:	99 1f       	adc	r25, r25
    2344:	88 0f       	add	r24, r24
    2346:	99 1f       	adc	r25, r25
    2348:	88 0f       	add	r24, r24
    234a:	99 1f       	adc	r25, r25
    234c:	98 2f       	mov	r25, r24
    234e:	8a 81       	ldd	r24, Y+2	; 0x02
    2350:	89 2b       	or	r24, r25
    2352:	8a 83       	std	Y+2, r24	; 0x02

   switch(key_pressed)
    2354:	8a 81       	ldd	r24, Y+2	; 0x02
    2356:	28 2f       	mov	r18, r24
    2358:	30 e0       	ldi	r19, 0x00	; 0
    235a:	3a 87       	std	Y+10, r19	; 0x0a
    235c:	29 87       	std	Y+9, r18	; 0x09
    235e:	89 85       	ldd	r24, Y+9	; 0x09
    2360:	9a 85       	ldd	r25, Y+10	; 0x0a
    2362:	8b 30       	cpi	r24, 0x0B	; 11
    2364:	91 05       	cpc	r25, r1
    2366:	d9 f0       	breq	.+54     	; 0x239e <GET_u8PRESSEDKEY+0xe6>
    2368:	29 85       	ldd	r18, Y+9	; 0x09
    236a:	3a 85       	ldd	r19, Y+10	; 0x0a
    236c:	2c 30       	cpi	r18, 0x0C	; 12
    236e:	31 05       	cpc	r19, r1
    2370:	34 f4       	brge	.+12     	; 0x237e <GET_u8PRESSEDKEY+0xc6>
    2372:	89 85       	ldd	r24, Y+9	; 0x09
    2374:	9a 85       	ldd	r25, Y+10	; 0x0a
    2376:	87 30       	cpi	r24, 0x07	; 7
    2378:	91 05       	cpc	r25, r1
    237a:	a1 f0       	breq	.+40     	; 0x23a4 <GET_u8PRESSEDKEY+0xec>
    237c:	15 c0       	rjmp	.+42     	; 0x23a8 <GET_u8PRESSEDKEY+0xf0>
    237e:	29 85       	ldd	r18, Y+9	; 0x09
    2380:	3a 85       	ldd	r19, Y+10	; 0x0a
    2382:	2d 30       	cpi	r18, 0x0D	; 13
    2384:	31 05       	cpc	r19, r1
    2386:	41 f0       	breq	.+16     	; 0x2398 <GET_u8PRESSEDKEY+0xe0>
    2388:	89 85       	ldd	r24, Y+9	; 0x09
    238a:	9a 85       	ldd	r25, Y+10	; 0x0a
    238c:	8e 30       	cpi	r24, 0x0E	; 14
    238e:	91 05       	cpc	r25, r1
    2390:	59 f4       	brne	.+22     	; 0x23a8 <GET_u8PRESSEDKEY+0xf0>
   {
    case 0b00001110: key_value = '7'; break;
    2392:	87 e3       	ldi	r24, 0x37	; 55
    2394:	89 83       	std	Y+1, r24	; 0x01
    2396:	08 c0       	rjmp	.+16     	; 0x23a8 <GET_u8PRESSEDKEY+0xf0>
    case 0b00001101: key_value = '4'; break;
    2398:	84 e3       	ldi	r24, 0x34	; 52
    239a:	89 83       	std	Y+1, r24	; 0x01
    239c:	05 c0       	rjmp	.+10     	; 0x23a8 <GET_u8PRESSEDKEY+0xf0>
    case 0b00001011: key_value = '1'; break;
    239e:	81 e3       	ldi	r24, 0x31	; 49
    23a0:	89 83       	std	Y+1, r24	; 0x01
    23a2:	02 c0       	rjmp	.+4      	; 0x23a8 <GET_u8PRESSEDKEY+0xf0>
    case 0b00000111: key_value = '#'; break;
    23a4:	83 e2       	ldi	r24, 0x23	; 35
    23a6:	89 83       	std	Y+1, r24	; 0x01
   }

    DIO_voidSetpinValue(KEYPAD_COL0_H,HIGH);
    23a8:	82 e0       	ldi	r24, 0x02	; 2
    23aa:	64 e0       	ldi	r22, 0x04	; 4
    23ac:	41 e0       	ldi	r20, 0x01	; 1
    23ae:	0e 94 b8 0c 	call	0x1970	; 0x1970 <DIO_voidSetpinValue>
    DIO_voidSetpinValue(KEYPAD_COL1_H,LOW);
    23b2:	82 e0       	ldi	r24, 0x02	; 2
    23b4:	65 e0       	ldi	r22, 0x05	; 5
    23b6:	40 e0       	ldi	r20, 0x00	; 0
    23b8:	0e 94 b8 0c 	call	0x1970	; 0x1970 <DIO_voidSetpinValue>
    DIO_voidSetpinValue(KEYPAD_COL2_H,HIGH);
    23bc:	82 e0       	ldi	r24, 0x02	; 2
    23be:	66 e0       	ldi	r22, 0x06	; 6
    23c0:	41 e0       	ldi	r20, 0x01	; 1
    23c2:	0e 94 b8 0c 	call	0x1970	; 0x1970 <DIO_voidSetpinValue>
    DIO_voidSetpinValue(KEYPAD_COL3_H,HIGH);
    23c6:	82 e0       	ldi	r24, 0x02	; 2
    23c8:	67 e0       	ldi	r22, 0x07	; 7
    23ca:	41 e0       	ldi	r20, 0x01	; 1
    23cc:	0e 94 b8 0c 	call	0x1970	; 0x1970 <DIO_voidSetpinValue>

    key_pressed  = DIO_u8GetPinValue(KEYPAD_ROW0_H);
    23d0:	82 e0       	ldi	r24, 0x02	; 2
    23d2:	60 e0       	ldi	r22, 0x00	; 0
    23d4:	0e 94 c0 0d 	call	0x1b80	; 0x1b80 <DIO_u8GetPinValue>
    23d8:	8a 83       	std	Y+2, r24	; 0x02
    key_pressed |= DIO_u8GetPinValue(KEYPAD_ROW1_H) << 1;
    23da:	82 e0       	ldi	r24, 0x02	; 2
    23dc:	61 e0       	ldi	r22, 0x01	; 1
    23de:	0e 94 c0 0d 	call	0x1b80	; 0x1b80 <DIO_u8GetPinValue>
    23e2:	88 2f       	mov	r24, r24
    23e4:	90 e0       	ldi	r25, 0x00	; 0
    23e6:	88 0f       	add	r24, r24
    23e8:	99 1f       	adc	r25, r25
    23ea:	98 2f       	mov	r25, r24
    23ec:	8a 81       	ldd	r24, Y+2	; 0x02
    23ee:	89 2b       	or	r24, r25
    23f0:	8a 83       	std	Y+2, r24	; 0x02
    key_pressed |= DIO_u8GetPinValue(KEYPAD_ROW2_H) << 2;
    23f2:	82 e0       	ldi	r24, 0x02	; 2
    23f4:	62 e0       	ldi	r22, 0x02	; 2
    23f6:	0e 94 c0 0d 	call	0x1b80	; 0x1b80 <DIO_u8GetPinValue>
    23fa:	88 2f       	mov	r24, r24
    23fc:	90 e0       	ldi	r25, 0x00	; 0
    23fe:	88 0f       	add	r24, r24
    2400:	99 1f       	adc	r25, r25
    2402:	88 0f       	add	r24, r24
    2404:	99 1f       	adc	r25, r25
    2406:	98 2f       	mov	r25, r24
    2408:	8a 81       	ldd	r24, Y+2	; 0x02
    240a:	89 2b       	or	r24, r25
    240c:	8a 83       	std	Y+2, r24	; 0x02
    key_pressed |= DIO_u8GetPinValue(KEYPAD_ROW3_H) << 3;
    240e:	82 e0       	ldi	r24, 0x02	; 2
    2410:	63 e0       	ldi	r22, 0x03	; 3
    2412:	0e 94 c0 0d 	call	0x1b80	; 0x1b80 <DIO_u8GetPinValue>
    2416:	88 2f       	mov	r24, r24
    2418:	90 e0       	ldi	r25, 0x00	; 0
    241a:	88 0f       	add	r24, r24
    241c:	99 1f       	adc	r25, r25
    241e:	88 0f       	add	r24, r24
    2420:	99 1f       	adc	r25, r25
    2422:	88 0f       	add	r24, r24
    2424:	99 1f       	adc	r25, r25
    2426:	98 2f       	mov	r25, r24
    2428:	8a 81       	ldd	r24, Y+2	; 0x02
    242a:	89 2b       	or	r24, r25
    242c:	8a 83       	std	Y+2, r24	; 0x02

   switch(key_pressed)
    242e:	8a 81       	ldd	r24, Y+2	; 0x02
    2430:	28 2f       	mov	r18, r24
    2432:	30 e0       	ldi	r19, 0x00	; 0
    2434:	38 87       	std	Y+8, r19	; 0x08
    2436:	2f 83       	std	Y+7, r18	; 0x07
    2438:	8f 81       	ldd	r24, Y+7	; 0x07
    243a:	98 85       	ldd	r25, Y+8	; 0x08
    243c:	8b 30       	cpi	r24, 0x0B	; 11
    243e:	91 05       	cpc	r25, r1
    2440:	d9 f0       	breq	.+54     	; 0x2478 <GET_u8PRESSEDKEY+0x1c0>
    2442:	2f 81       	ldd	r18, Y+7	; 0x07
    2444:	38 85       	ldd	r19, Y+8	; 0x08
    2446:	2c 30       	cpi	r18, 0x0C	; 12
    2448:	31 05       	cpc	r19, r1
    244a:	34 f4       	brge	.+12     	; 0x2458 <GET_u8PRESSEDKEY+0x1a0>
    244c:	8f 81       	ldd	r24, Y+7	; 0x07
    244e:	98 85       	ldd	r25, Y+8	; 0x08
    2450:	87 30       	cpi	r24, 0x07	; 7
    2452:	91 05       	cpc	r25, r1
    2454:	a1 f0       	breq	.+40     	; 0x247e <GET_u8PRESSEDKEY+0x1c6>
    2456:	15 c0       	rjmp	.+42     	; 0x2482 <GET_u8PRESSEDKEY+0x1ca>
    2458:	2f 81       	ldd	r18, Y+7	; 0x07
    245a:	38 85       	ldd	r19, Y+8	; 0x08
    245c:	2d 30       	cpi	r18, 0x0D	; 13
    245e:	31 05       	cpc	r19, r1
    2460:	41 f0       	breq	.+16     	; 0x2472 <GET_u8PRESSEDKEY+0x1ba>
    2462:	8f 81       	ldd	r24, Y+7	; 0x07
    2464:	98 85       	ldd	r25, Y+8	; 0x08
    2466:	8e 30       	cpi	r24, 0x0E	; 14
    2468:	91 05       	cpc	r25, r1
    246a:	59 f4       	brne	.+22     	; 0x2482 <GET_u8PRESSEDKEY+0x1ca>
   {
    case 0b00001110: key_value = '8'; break;
    246c:	88 e3       	ldi	r24, 0x38	; 56
    246e:	89 83       	std	Y+1, r24	; 0x01
    2470:	08 c0       	rjmp	.+16     	; 0x2482 <GET_u8PRESSEDKEY+0x1ca>
    case 0b00001101: key_value = '5'; break;
    2472:	85 e3       	ldi	r24, 0x35	; 53
    2474:	89 83       	std	Y+1, r24	; 0x01
    2476:	05 c0       	rjmp	.+10     	; 0x2482 <GET_u8PRESSEDKEY+0x1ca>
    case 0b00001011: key_value = '2'; break;
    2478:	82 e3       	ldi	r24, 0x32	; 50
    247a:	89 83       	std	Y+1, r24	; 0x01
    247c:	02 c0       	rjmp	.+4      	; 0x2482 <GET_u8PRESSEDKEY+0x1ca>
    case 0b00000111: key_value = '0'; break;
    247e:	80 e3       	ldi	r24, 0x30	; 48
    2480:	89 83       	std	Y+1, r24	; 0x01
   }

    DIO_voidSetpinValue(KEYPAD_COL0_H,HIGH);
    2482:	82 e0       	ldi	r24, 0x02	; 2
    2484:	64 e0       	ldi	r22, 0x04	; 4
    2486:	41 e0       	ldi	r20, 0x01	; 1
    2488:	0e 94 b8 0c 	call	0x1970	; 0x1970 <DIO_voidSetpinValue>
    DIO_voidSetpinValue(KEYPAD_COL1_H,HIGH);
    248c:	82 e0       	ldi	r24, 0x02	; 2
    248e:	65 e0       	ldi	r22, 0x05	; 5
    2490:	41 e0       	ldi	r20, 0x01	; 1
    2492:	0e 94 b8 0c 	call	0x1970	; 0x1970 <DIO_voidSetpinValue>
    DIO_voidSetpinValue(KEYPAD_COL2_H,LOW);
    2496:	82 e0       	ldi	r24, 0x02	; 2
    2498:	66 e0       	ldi	r22, 0x06	; 6
    249a:	40 e0       	ldi	r20, 0x00	; 0
    249c:	0e 94 b8 0c 	call	0x1970	; 0x1970 <DIO_voidSetpinValue>
    DIO_voidSetpinValue(KEYPAD_COL3_H,HIGH);
    24a0:	82 e0       	ldi	r24, 0x02	; 2
    24a2:	67 e0       	ldi	r22, 0x07	; 7
    24a4:	41 e0       	ldi	r20, 0x01	; 1
    24a6:	0e 94 b8 0c 	call	0x1970	; 0x1970 <DIO_voidSetpinValue>

    key_pressed  = DIO_u8GetPinValue(KEYPAD_ROW0_H);
    24aa:	82 e0       	ldi	r24, 0x02	; 2
    24ac:	60 e0       	ldi	r22, 0x00	; 0
    24ae:	0e 94 c0 0d 	call	0x1b80	; 0x1b80 <DIO_u8GetPinValue>
    24b2:	8a 83       	std	Y+2, r24	; 0x02
    key_pressed |= DIO_u8GetPinValue(KEYPAD_ROW1_H) << 1;
    24b4:	82 e0       	ldi	r24, 0x02	; 2
    24b6:	61 e0       	ldi	r22, 0x01	; 1
    24b8:	0e 94 c0 0d 	call	0x1b80	; 0x1b80 <DIO_u8GetPinValue>
    24bc:	88 2f       	mov	r24, r24
    24be:	90 e0       	ldi	r25, 0x00	; 0
    24c0:	88 0f       	add	r24, r24
    24c2:	99 1f       	adc	r25, r25
    24c4:	98 2f       	mov	r25, r24
    24c6:	8a 81       	ldd	r24, Y+2	; 0x02
    24c8:	89 2b       	or	r24, r25
    24ca:	8a 83       	std	Y+2, r24	; 0x02
    key_pressed |= DIO_u8GetPinValue(KEYPAD_ROW2_H) << 2;
    24cc:	82 e0       	ldi	r24, 0x02	; 2
    24ce:	62 e0       	ldi	r22, 0x02	; 2
    24d0:	0e 94 c0 0d 	call	0x1b80	; 0x1b80 <DIO_u8GetPinValue>
    24d4:	88 2f       	mov	r24, r24
    24d6:	90 e0       	ldi	r25, 0x00	; 0
    24d8:	88 0f       	add	r24, r24
    24da:	99 1f       	adc	r25, r25
    24dc:	88 0f       	add	r24, r24
    24de:	99 1f       	adc	r25, r25
    24e0:	98 2f       	mov	r25, r24
    24e2:	8a 81       	ldd	r24, Y+2	; 0x02
    24e4:	89 2b       	or	r24, r25
    24e6:	8a 83       	std	Y+2, r24	; 0x02
    key_pressed |= DIO_u8GetPinValue(KEYPAD_ROW3_H) << 3;
    24e8:	82 e0       	ldi	r24, 0x02	; 2
    24ea:	63 e0       	ldi	r22, 0x03	; 3
    24ec:	0e 94 c0 0d 	call	0x1b80	; 0x1b80 <DIO_u8GetPinValue>
    24f0:	88 2f       	mov	r24, r24
    24f2:	90 e0       	ldi	r25, 0x00	; 0
    24f4:	88 0f       	add	r24, r24
    24f6:	99 1f       	adc	r25, r25
    24f8:	88 0f       	add	r24, r24
    24fa:	99 1f       	adc	r25, r25
    24fc:	88 0f       	add	r24, r24
    24fe:	99 1f       	adc	r25, r25
    2500:	98 2f       	mov	r25, r24
    2502:	8a 81       	ldd	r24, Y+2	; 0x02
    2504:	89 2b       	or	r24, r25
    2506:	8a 83       	std	Y+2, r24	; 0x02

   switch(key_pressed)
    2508:	8a 81       	ldd	r24, Y+2	; 0x02
    250a:	28 2f       	mov	r18, r24
    250c:	30 e0       	ldi	r19, 0x00	; 0
    250e:	3e 83       	std	Y+6, r19	; 0x06
    2510:	2d 83       	std	Y+5, r18	; 0x05
    2512:	8d 81       	ldd	r24, Y+5	; 0x05
    2514:	9e 81       	ldd	r25, Y+6	; 0x06
    2516:	8b 30       	cpi	r24, 0x0B	; 11
    2518:	91 05       	cpc	r25, r1
    251a:	d9 f0       	breq	.+54     	; 0x2552 <GET_u8PRESSEDKEY+0x29a>
    251c:	2d 81       	ldd	r18, Y+5	; 0x05
    251e:	3e 81       	ldd	r19, Y+6	; 0x06
    2520:	2c 30       	cpi	r18, 0x0C	; 12
    2522:	31 05       	cpc	r19, r1
    2524:	34 f4       	brge	.+12     	; 0x2532 <GET_u8PRESSEDKEY+0x27a>
    2526:	8d 81       	ldd	r24, Y+5	; 0x05
    2528:	9e 81       	ldd	r25, Y+6	; 0x06
    252a:	87 30       	cpi	r24, 0x07	; 7
    252c:	91 05       	cpc	r25, r1
    252e:	a1 f0       	breq	.+40     	; 0x2558 <GET_u8PRESSEDKEY+0x2a0>
    2530:	15 c0       	rjmp	.+42     	; 0x255c <GET_u8PRESSEDKEY+0x2a4>
    2532:	2d 81       	ldd	r18, Y+5	; 0x05
    2534:	3e 81       	ldd	r19, Y+6	; 0x06
    2536:	2d 30       	cpi	r18, 0x0D	; 13
    2538:	31 05       	cpc	r19, r1
    253a:	41 f0       	breq	.+16     	; 0x254c <GET_u8PRESSEDKEY+0x294>
    253c:	8d 81       	ldd	r24, Y+5	; 0x05
    253e:	9e 81       	ldd	r25, Y+6	; 0x06
    2540:	8e 30       	cpi	r24, 0x0E	; 14
    2542:	91 05       	cpc	r25, r1
    2544:	59 f4       	brne	.+22     	; 0x255c <GET_u8PRESSEDKEY+0x2a4>
   {
    case 0b00001110: key_value = '9'; break;
    2546:	89 e3       	ldi	r24, 0x39	; 57
    2548:	89 83       	std	Y+1, r24	; 0x01
    254a:	08 c0       	rjmp	.+16     	; 0x255c <GET_u8PRESSEDKEY+0x2a4>
    case 0b00001101: key_value = '6'; break;
    254c:	86 e3       	ldi	r24, 0x36	; 54
    254e:	89 83       	std	Y+1, r24	; 0x01
    2550:	05 c0       	rjmp	.+10     	; 0x255c <GET_u8PRESSEDKEY+0x2a4>
    case 0b00001011: key_value = '3'; break;
    2552:	83 e3       	ldi	r24, 0x33	; 51
    2554:	89 83       	std	Y+1, r24	; 0x01
    2556:	02 c0       	rjmp	.+4      	; 0x255c <GET_u8PRESSEDKEY+0x2a4>
    case 0b00000111: key_value = '='; break;
    2558:	8d e3       	ldi	r24, 0x3D	; 61
    255a:	89 83       	std	Y+1, r24	; 0x01
   }

    DIO_voidSetpinValue(KEYPAD_COL0_H,HIGH);
    255c:	82 e0       	ldi	r24, 0x02	; 2
    255e:	64 e0       	ldi	r22, 0x04	; 4
    2560:	41 e0       	ldi	r20, 0x01	; 1
    2562:	0e 94 b8 0c 	call	0x1970	; 0x1970 <DIO_voidSetpinValue>
    DIO_voidSetpinValue(KEYPAD_COL1_H,HIGH);
    2566:	82 e0       	ldi	r24, 0x02	; 2
    2568:	65 e0       	ldi	r22, 0x05	; 5
    256a:	41 e0       	ldi	r20, 0x01	; 1
    256c:	0e 94 b8 0c 	call	0x1970	; 0x1970 <DIO_voidSetpinValue>
    DIO_voidSetpinValue(KEYPAD_COL2_H,HIGH);
    2570:	82 e0       	ldi	r24, 0x02	; 2
    2572:	66 e0       	ldi	r22, 0x06	; 6
    2574:	41 e0       	ldi	r20, 0x01	; 1
    2576:	0e 94 b8 0c 	call	0x1970	; 0x1970 <DIO_voidSetpinValue>
    DIO_voidSetpinValue(KEYPAD_COL3_H,LOW);
    257a:	82 e0       	ldi	r24, 0x02	; 2
    257c:	67 e0       	ldi	r22, 0x07	; 7
    257e:	40 e0       	ldi	r20, 0x00	; 0
    2580:	0e 94 b8 0c 	call	0x1970	; 0x1970 <DIO_voidSetpinValue>

    key_pressed  = DIO_u8GetPinValue(KEYPAD_ROW0_H);
    2584:	82 e0       	ldi	r24, 0x02	; 2
    2586:	60 e0       	ldi	r22, 0x00	; 0
    2588:	0e 94 c0 0d 	call	0x1b80	; 0x1b80 <DIO_u8GetPinValue>
    258c:	8a 83       	std	Y+2, r24	; 0x02
    key_pressed |= DIO_u8GetPinValue(KEYPAD_ROW1_H) << 1;
    258e:	82 e0       	ldi	r24, 0x02	; 2
    2590:	61 e0       	ldi	r22, 0x01	; 1
    2592:	0e 94 c0 0d 	call	0x1b80	; 0x1b80 <DIO_u8GetPinValue>
    2596:	88 2f       	mov	r24, r24
    2598:	90 e0       	ldi	r25, 0x00	; 0
    259a:	88 0f       	add	r24, r24
    259c:	99 1f       	adc	r25, r25
    259e:	98 2f       	mov	r25, r24
    25a0:	8a 81       	ldd	r24, Y+2	; 0x02
    25a2:	89 2b       	or	r24, r25
    25a4:	8a 83       	std	Y+2, r24	; 0x02
    key_pressed |= DIO_u8GetPinValue(KEYPAD_ROW2_H) << 2;
    25a6:	82 e0       	ldi	r24, 0x02	; 2
    25a8:	62 e0       	ldi	r22, 0x02	; 2
    25aa:	0e 94 c0 0d 	call	0x1b80	; 0x1b80 <DIO_u8GetPinValue>
    25ae:	88 2f       	mov	r24, r24
    25b0:	90 e0       	ldi	r25, 0x00	; 0
    25b2:	88 0f       	add	r24, r24
    25b4:	99 1f       	adc	r25, r25
    25b6:	88 0f       	add	r24, r24
    25b8:	99 1f       	adc	r25, r25
    25ba:	98 2f       	mov	r25, r24
    25bc:	8a 81       	ldd	r24, Y+2	; 0x02
    25be:	89 2b       	or	r24, r25
    25c0:	8a 83       	std	Y+2, r24	; 0x02
    key_pressed |= DIO_u8GetPinValue(KEYPAD_ROW3_H) << 3;
    25c2:	82 e0       	ldi	r24, 0x02	; 2
    25c4:	63 e0       	ldi	r22, 0x03	; 3
    25c6:	0e 94 c0 0d 	call	0x1b80	; 0x1b80 <DIO_u8GetPinValue>
    25ca:	88 2f       	mov	r24, r24
    25cc:	90 e0       	ldi	r25, 0x00	; 0
    25ce:	88 0f       	add	r24, r24
    25d0:	99 1f       	adc	r25, r25
    25d2:	88 0f       	add	r24, r24
    25d4:	99 1f       	adc	r25, r25
    25d6:	88 0f       	add	r24, r24
    25d8:	99 1f       	adc	r25, r25
    25da:	98 2f       	mov	r25, r24
    25dc:	8a 81       	ldd	r24, Y+2	; 0x02
    25de:	89 2b       	or	r24, r25
    25e0:	8a 83       	std	Y+2, r24	; 0x02

   switch(key_pressed)
    25e2:	8a 81       	ldd	r24, Y+2	; 0x02
    25e4:	28 2f       	mov	r18, r24
    25e6:	30 e0       	ldi	r19, 0x00	; 0
    25e8:	3c 83       	std	Y+4, r19	; 0x04
    25ea:	2b 83       	std	Y+3, r18	; 0x03
    25ec:	8b 81       	ldd	r24, Y+3	; 0x03
    25ee:	9c 81       	ldd	r25, Y+4	; 0x04
    25f0:	8b 30       	cpi	r24, 0x0B	; 11
    25f2:	91 05       	cpc	r25, r1
    25f4:	d9 f0       	breq	.+54     	; 0x262c <GET_u8PRESSEDKEY+0x374>
    25f6:	2b 81       	ldd	r18, Y+3	; 0x03
    25f8:	3c 81       	ldd	r19, Y+4	; 0x04
    25fa:	2c 30       	cpi	r18, 0x0C	; 12
    25fc:	31 05       	cpc	r19, r1
    25fe:	34 f4       	brge	.+12     	; 0x260c <GET_u8PRESSEDKEY+0x354>
    2600:	8b 81       	ldd	r24, Y+3	; 0x03
    2602:	9c 81       	ldd	r25, Y+4	; 0x04
    2604:	87 30       	cpi	r24, 0x07	; 7
    2606:	91 05       	cpc	r25, r1
    2608:	a1 f0       	breq	.+40     	; 0x2632 <GET_u8PRESSEDKEY+0x37a>
    260a:	15 c0       	rjmp	.+42     	; 0x2636 <GET_u8PRESSEDKEY+0x37e>
    260c:	2b 81       	ldd	r18, Y+3	; 0x03
    260e:	3c 81       	ldd	r19, Y+4	; 0x04
    2610:	2d 30       	cpi	r18, 0x0D	; 13
    2612:	31 05       	cpc	r19, r1
    2614:	41 f0       	breq	.+16     	; 0x2626 <GET_u8PRESSEDKEY+0x36e>
    2616:	8b 81       	ldd	r24, Y+3	; 0x03
    2618:	9c 81       	ldd	r25, Y+4	; 0x04
    261a:	8e 30       	cpi	r24, 0x0E	; 14
    261c:	91 05       	cpc	r25, r1
    261e:	59 f4       	brne	.+22     	; 0x2636 <GET_u8PRESSEDKEY+0x37e>
   {
    case 0b00001110: key_value = '/'; break;
    2620:	8f e2       	ldi	r24, 0x2F	; 47
    2622:	89 83       	std	Y+1, r24	; 0x01
    2624:	08 c0       	rjmp	.+16     	; 0x2636 <GET_u8PRESSEDKEY+0x37e>
    case 0b00001101: key_value = '*'; break;
    2626:	8a e2       	ldi	r24, 0x2A	; 42
    2628:	89 83       	std	Y+1, r24	; 0x01
    262a:	05 c0       	rjmp	.+10     	; 0x2636 <GET_u8PRESSEDKEY+0x37e>
    case 0b00001011: key_value = '-'; break;
    262c:	8d e2       	ldi	r24, 0x2D	; 45
    262e:	89 83       	std	Y+1, r24	; 0x01
    2630:	02 c0       	rjmp	.+4      	; 0x2636 <GET_u8PRESSEDKEY+0x37e>
    case 0b00000111: key_value = '+'; break;
    2632:	8b e2       	ldi	r24, 0x2B	; 43
    2634:	89 83       	std	Y+1, r24	; 0x01
   }


 return key_value;
    2636:	89 81       	ldd	r24, Y+1	; 0x01

}
    2638:	2a 96       	adiw	r28, 0x0a	; 10
    263a:	0f b6       	in	r0, 0x3f	; 63
    263c:	f8 94       	cli
    263e:	de bf       	out	0x3e, r29	; 62
    2640:	0f be       	out	0x3f, r0	; 63
    2642:	cd bf       	out	0x3d, r28	; 61
    2644:	cf 91       	pop	r28
    2646:	df 91       	pop	r29
    2648:	08 95       	ret

0000264a <LCD_voidLCDInit>:
#include "LCD_config.h"
#include "LCD_private.h"
#include "LCD_int.h"

void LCD_voidLCDInit(void)
{
    264a:	0f 93       	push	r16
    264c:	1f 93       	push	r17
    264e:	df 93       	push	r29
    2650:	cf 93       	push	r28
    2652:	cd b7       	in	r28, 0x3d	; 61
    2654:	de b7       	in	r29, 0x3e	; 62
    2656:	c4 55       	subi	r28, 0x54	; 84
    2658:	d0 40       	sbci	r29, 0x00	; 0
    265a:	0f b6       	in	r0, 0x3f	; 63
    265c:	f8 94       	cli
    265e:	de bf       	out	0x3e, r29	; 62
    2660:	0f be       	out	0x3f, r0	; 63
    2662:	cd bf       	out	0x3d, r28	; 61
	 5- Send Display Clear Command wait 1ms
	 6- Send Enty Mode Command, wait 1ms
	*/

	/* Configure Control Pins (RS, RW, EN) as Output */
	DIO_voidSetPinDirection(LCD_RS, OUTPUT);
    2664:	81 e0       	ldi	r24, 0x01	; 1
    2666:	65 e0       	ldi	r22, 0x05	; 5
    2668:	41 e0       	ldi	r20, 0x01	; 1
    266a:	0e 94 b0 0b 	call	0x1760	; 0x1760 <DIO_voidSetPinDirection>
	DIO_voidSetPinDirection(LCD_RW, OUTPUT);
    266e:	81 e0       	ldi	r24, 0x01	; 1
    2670:	67 e0       	ldi	r22, 0x07	; 7
    2672:	41 e0       	ldi	r20, 0x01	; 1
    2674:	0e 94 b0 0b 	call	0x1760	; 0x1760 <DIO_voidSetPinDirection>
	DIO_voidSetPinDirection(LCD_EN, OUTPUT);
    2678:	81 e0       	ldi	r24, 0x01	; 1
    267a:	66 e0       	ldi	r22, 0x06	; 6
    267c:	41 e0       	ldi	r20, 0x01	; 1
    267e:	0e 94 b0 0b 	call	0x1760	; 0x1760 <DIO_voidSetPinDirection>

	/* Configure Data Bus Pins (D0-D7) as Output */
	DIO_voidSetPinDirection(LCD_D0, OUTPUT);
    2682:	80 e0       	ldi	r24, 0x00	; 0
    2684:	63 e0       	ldi	r22, 0x03	; 3
    2686:	41 e0       	ldi	r20, 0x01	; 1
    2688:	0e 94 b0 0b 	call	0x1760	; 0x1760 <DIO_voidSetPinDirection>
	DIO_voidSetPinDirection(LCD_D1, OUTPUT);
    268c:	80 e0       	ldi	r24, 0x00	; 0
    268e:	64 e0       	ldi	r22, 0x04	; 4
    2690:	41 e0       	ldi	r20, 0x01	; 1
    2692:	0e 94 b0 0b 	call	0x1760	; 0x1760 <DIO_voidSetPinDirection>
	DIO_voidSetPinDirection(LCD_D2, OUTPUT);
    2696:	80 e0       	ldi	r24, 0x00	; 0
    2698:	65 e0       	ldi	r22, 0x05	; 5
    269a:	41 e0       	ldi	r20, 0x01	; 1
    269c:	0e 94 b0 0b 	call	0x1760	; 0x1760 <DIO_voidSetPinDirection>
	DIO_voidSetPinDirection(LCD_D3, OUTPUT);
    26a0:	80 e0       	ldi	r24, 0x00	; 0
    26a2:	66 e0       	ldi	r22, 0x06	; 6
    26a4:	41 e0       	ldi	r20, 0x01	; 1
    26a6:	0e 94 b0 0b 	call	0x1760	; 0x1760 <DIO_voidSetPinDirection>
	DIO_voidSetPinDirection(LCD_D4, OUTPUT);
    26aa:	80 e0       	ldi	r24, 0x00	; 0
    26ac:	67 e0       	ldi	r22, 0x07	; 7
    26ae:	41 e0       	ldi	r20, 0x01	; 1
    26b0:	0e 94 b0 0b 	call	0x1760	; 0x1760 <DIO_voidSetPinDirection>
	DIO_voidSetPinDirection(LCD_D5, OUTPUT);
    26b4:	83 e0       	ldi	r24, 0x03	; 3
    26b6:	64 e0       	ldi	r22, 0x04	; 4
    26b8:	41 e0       	ldi	r20, 0x01	; 1
    26ba:	0e 94 b0 0b 	call	0x1760	; 0x1760 <DIO_voidSetPinDirection>
	DIO_voidSetPinDirection(LCD_D6, OUTPUT);
    26be:	83 e0       	ldi	r24, 0x03	; 3
    26c0:	65 e0       	ldi	r22, 0x05	; 5
    26c2:	41 e0       	ldi	r20, 0x01	; 1
    26c4:	0e 94 b0 0b 	call	0x1760	; 0x1760 <DIO_voidSetPinDirection>
	DIO_voidSetPinDirection(LCD_D7, OUTPUT);
    26c8:	81 e0       	ldi	r24, 0x01	; 1
    26ca:	64 e0       	ldi	r22, 0x04	; 4
    26cc:	41 e0       	ldi	r20, 0x01	; 1
    26ce:	0e 94 b0 0b 	call	0x1760	; 0x1760 <DIO_voidSetPinDirection>
    26d2:	fe 01       	movw	r30, r28
    26d4:	ef 5a       	subi	r30, 0xAF	; 175
    26d6:	ff 4f       	sbci	r31, 0xFF	; 255
    26d8:	80 e0       	ldi	r24, 0x00	; 0
    26da:	90 e0       	ldi	r25, 0x00	; 0
    26dc:	a0 ef       	ldi	r26, 0xF0	; 240
    26de:	b1 e4       	ldi	r27, 0x41	; 65
    26e0:	80 83       	st	Z, r24
    26e2:	91 83       	std	Z+1, r25	; 0x01
    26e4:	a2 83       	std	Z+2, r26	; 0x02
    26e6:	b3 83       	std	Z+3, r27	; 0x03
 */
void
_delay_ms(double __ms)
{
	uint16_t __ticks;
	double __tmp = ((F_CPU) / 4e3) * __ms;
    26e8:	8e 01       	movw	r16, r28
    26ea:	03 5b       	subi	r16, 0xB3	; 179
    26ec:	1f 4f       	sbci	r17, 0xFF	; 255
    26ee:	fe 01       	movw	r30, r28
    26f0:	ef 5a       	subi	r30, 0xAF	; 175
    26f2:	ff 4f       	sbci	r31, 0xFF	; 255
    26f4:	60 81       	ld	r22, Z
    26f6:	71 81       	ldd	r23, Z+1	; 0x01
    26f8:	82 81       	ldd	r24, Z+2	; 0x02
    26fa:	93 81       	ldd	r25, Z+3	; 0x03
    26fc:	20 e0       	ldi	r18, 0x00	; 0
    26fe:	30 e0       	ldi	r19, 0x00	; 0
    2700:	4a ef       	ldi	r20, 0xFA	; 250
    2702:	54 e4       	ldi	r21, 0x44	; 68
    2704:	0e 94 1f 02 	call	0x43e	; 0x43e <__mulsf3>
    2708:	dc 01       	movw	r26, r24
    270a:	cb 01       	movw	r24, r22
    270c:	f8 01       	movw	r30, r16
    270e:	80 83       	st	Z, r24
    2710:	91 83       	std	Z+1, r25	; 0x01
    2712:	a2 83       	std	Z+2, r26	; 0x02
    2714:	b3 83       	std	Z+3, r27	; 0x03
	if (__tmp < 1.0)
    2716:	fe 01       	movw	r30, r28
    2718:	e3 5b       	subi	r30, 0xB3	; 179
    271a:	ff 4f       	sbci	r31, 0xFF	; 255
    271c:	60 81       	ld	r22, Z
    271e:	71 81       	ldd	r23, Z+1	; 0x01
    2720:	82 81       	ldd	r24, Z+2	; 0x02
    2722:	93 81       	ldd	r25, Z+3	; 0x03
    2724:	20 e0       	ldi	r18, 0x00	; 0
    2726:	30 e0       	ldi	r19, 0x00	; 0
    2728:	40 e8       	ldi	r20, 0x80	; 128
    272a:	5f e3       	ldi	r21, 0x3F	; 63
    272c:	0e 94 25 04 	call	0x84a	; 0x84a <__ltsf2>
    2730:	88 23       	and	r24, r24
    2732:	44 f4       	brge	.+16     	; 0x2744 <LCD_voidLCDInit+0xfa>
		__ticks = 1;
    2734:	fe 01       	movw	r30, r28
    2736:	e5 5b       	subi	r30, 0xB5	; 181
    2738:	ff 4f       	sbci	r31, 0xFF	; 255
    273a:	81 e0       	ldi	r24, 0x01	; 1
    273c:	90 e0       	ldi	r25, 0x00	; 0
    273e:	91 83       	std	Z+1, r25	; 0x01
    2740:	80 83       	st	Z, r24
    2742:	64 c0       	rjmp	.+200    	; 0x280c <LCD_voidLCDInit+0x1c2>
	else if (__tmp > 65535)
    2744:	fe 01       	movw	r30, r28
    2746:	e3 5b       	subi	r30, 0xB3	; 179
    2748:	ff 4f       	sbci	r31, 0xFF	; 255
    274a:	60 81       	ld	r22, Z
    274c:	71 81       	ldd	r23, Z+1	; 0x01
    274e:	82 81       	ldd	r24, Z+2	; 0x02
    2750:	93 81       	ldd	r25, Z+3	; 0x03
    2752:	20 e0       	ldi	r18, 0x00	; 0
    2754:	3f ef       	ldi	r19, 0xFF	; 255
    2756:	4f e7       	ldi	r20, 0x7F	; 127
    2758:	57 e4       	ldi	r21, 0x47	; 71
    275a:	0e 94 c5 03 	call	0x78a	; 0x78a <__gtsf2>
    275e:	18 16       	cp	r1, r24
    2760:	0c f0       	brlt	.+2      	; 0x2764 <LCD_voidLCDInit+0x11a>
    2762:	43 c0       	rjmp	.+134    	; 0x27ea <LCD_voidLCDInit+0x1a0>
	{
		//	__ticks = requested delay in 1/10 ms
		__ticks = (uint16_t) (__ms * 10.0);
    2764:	fe 01       	movw	r30, r28
    2766:	ef 5a       	subi	r30, 0xAF	; 175
    2768:	ff 4f       	sbci	r31, 0xFF	; 255
    276a:	60 81       	ld	r22, Z
    276c:	71 81       	ldd	r23, Z+1	; 0x01
    276e:	82 81       	ldd	r24, Z+2	; 0x02
    2770:	93 81       	ldd	r25, Z+3	; 0x03
    2772:	20 e0       	ldi	r18, 0x00	; 0
    2774:	30 e0       	ldi	r19, 0x00	; 0
    2776:	40 e2       	ldi	r20, 0x20	; 32
    2778:	51 e4       	ldi	r21, 0x41	; 65
    277a:	0e 94 1f 02 	call	0x43e	; 0x43e <__mulsf3>
    277e:	dc 01       	movw	r26, r24
    2780:	cb 01       	movw	r24, r22
    2782:	8e 01       	movw	r16, r28
    2784:	05 5b       	subi	r16, 0xB5	; 181
    2786:	1f 4f       	sbci	r17, 0xFF	; 255
    2788:	bc 01       	movw	r22, r24
    278a:	cd 01       	movw	r24, r26
    278c:	0e 94 49 00 	call	0x92	; 0x92 <__fixunssfsi>
    2790:	dc 01       	movw	r26, r24
    2792:	cb 01       	movw	r24, r22
    2794:	f8 01       	movw	r30, r16
    2796:	91 83       	std	Z+1, r25	; 0x01
    2798:	80 83       	st	Z, r24
    279a:	1f c0       	rjmp	.+62     	; 0x27da <LCD_voidLCDInit+0x190>
    279c:	fe 01       	movw	r30, r28
    279e:	e7 5b       	subi	r30, 0xB7	; 183
    27a0:	ff 4f       	sbci	r31, 0xFF	; 255
    27a2:	88 ec       	ldi	r24, 0xC8	; 200
    27a4:	90 e0       	ldi	r25, 0x00	; 0
    27a6:	91 83       	std	Z+1, r25	; 0x01
    27a8:	80 83       	st	Z, r24
    27aa:	fe 01       	movw	r30, r28
    27ac:	e7 5b       	subi	r30, 0xB7	; 183
    27ae:	ff 4f       	sbci	r31, 0xFF	; 255
    27b0:	80 81       	ld	r24, Z
    27b2:	91 81       	ldd	r25, Z+1	; 0x01
    27b4:	01 97       	sbiw	r24, 0x01	; 1
    27b6:	f1 f7       	brne	.-4      	; 0x27b4 <LCD_voidLCDInit+0x16a>
    27b8:	fe 01       	movw	r30, r28
    27ba:	e7 5b       	subi	r30, 0xB7	; 183
    27bc:	ff 4f       	sbci	r31, 0xFF	; 255
    27be:	91 83       	std	Z+1, r25	; 0x01
    27c0:	80 83       	st	Z, r24
		while(__ticks)
		{
			// wait 1/10 ms
			_delay_loop_2(((F_CPU) / 4e3) / 10);
			__ticks --;
    27c2:	de 01       	movw	r26, r28
    27c4:	a5 5b       	subi	r26, 0xB5	; 181
    27c6:	bf 4f       	sbci	r27, 0xFF	; 255
    27c8:	fe 01       	movw	r30, r28
    27ca:	e5 5b       	subi	r30, 0xB5	; 181
    27cc:	ff 4f       	sbci	r31, 0xFF	; 255
    27ce:	80 81       	ld	r24, Z
    27d0:	91 81       	ldd	r25, Z+1	; 0x01
    27d2:	01 97       	sbiw	r24, 0x01	; 1
    27d4:	11 96       	adiw	r26, 0x01	; 1
    27d6:	9c 93       	st	X, r25
    27d8:	8e 93       	st	-X, r24
		__ticks = 1;
	else if (__tmp > 65535)
	{
		//	__ticks = requested delay in 1/10 ms
		__ticks = (uint16_t) (__ms * 10.0);
		while(__ticks)
    27da:	fe 01       	movw	r30, r28
    27dc:	e5 5b       	subi	r30, 0xB5	; 181
    27de:	ff 4f       	sbci	r31, 0xFF	; 255
    27e0:	80 81       	ld	r24, Z
    27e2:	91 81       	ldd	r25, Z+1	; 0x01
    27e4:	00 97       	sbiw	r24, 0x00	; 0
    27e6:	d1 f6       	brne	.-76     	; 0x279c <LCD_voidLCDInit+0x152>
    27e8:	27 c0       	rjmp	.+78     	; 0x2838 <LCD_voidLCDInit+0x1ee>
			__ticks --;
		}
		return;
	}
	else
		__ticks = (uint16_t)__tmp;
    27ea:	8e 01       	movw	r16, r28
    27ec:	05 5b       	subi	r16, 0xB5	; 181
    27ee:	1f 4f       	sbci	r17, 0xFF	; 255
    27f0:	fe 01       	movw	r30, r28
    27f2:	e3 5b       	subi	r30, 0xB3	; 179
    27f4:	ff 4f       	sbci	r31, 0xFF	; 255
    27f6:	60 81       	ld	r22, Z
    27f8:	71 81       	ldd	r23, Z+1	; 0x01
    27fa:	82 81       	ldd	r24, Z+2	; 0x02
    27fc:	93 81       	ldd	r25, Z+3	; 0x03
    27fe:	0e 94 49 00 	call	0x92	; 0x92 <__fixunssfsi>
    2802:	dc 01       	movw	r26, r24
    2804:	cb 01       	movw	r24, r22
    2806:	f8 01       	movw	r30, r16
    2808:	91 83       	std	Z+1, r25	; 0x01
    280a:	80 83       	st	Z, r24
    280c:	de 01       	movw	r26, r28
    280e:	a9 5b       	subi	r26, 0xB9	; 185
    2810:	bf 4f       	sbci	r27, 0xFF	; 255
    2812:	fe 01       	movw	r30, r28
    2814:	e5 5b       	subi	r30, 0xB5	; 181
    2816:	ff 4f       	sbci	r31, 0xFF	; 255
    2818:	80 81       	ld	r24, Z
    281a:	91 81       	ldd	r25, Z+1	; 0x01
    281c:	8d 93       	st	X+, r24
    281e:	9c 93       	st	X, r25
    2820:	fe 01       	movw	r30, r28
    2822:	e9 5b       	subi	r30, 0xB9	; 185
    2824:	ff 4f       	sbci	r31, 0xFF	; 255
    2826:	80 81       	ld	r24, Z
    2828:	91 81       	ldd	r25, Z+1	; 0x01
    282a:	01 97       	sbiw	r24, 0x01	; 1
    282c:	f1 f7       	brne	.-4      	; 0x282a <LCD_voidLCDInit+0x1e0>
    282e:	fe 01       	movw	r30, r28
    2830:	e9 5b       	subi	r30, 0xB9	; 185
    2832:	ff 4f       	sbci	r31, 0xFF	; 255
    2834:	91 83       	std	Z+1, r25	; 0x01
    2836:	80 83       	st	Z, r24

	/* 1- Wait 30ms for LCD Power-Up */
	_delay_ms(30);

	/* 2- Send Home Command, wait 1ms */
	LCD_voidSendCommand(LCD_HOME);
    2838:	82 e0       	ldi	r24, 0x02	; 2
    283a:	0e 94 84 16 	call	0x2d08	; 0x2d08 <LCD_voidSendCommand>
    283e:	fe 01       	movw	r30, r28
    2840:	ed 5b       	subi	r30, 0xBD	; 189
    2842:	ff 4f       	sbci	r31, 0xFF	; 255
    2844:	80 e0       	ldi	r24, 0x00	; 0
    2846:	90 e0       	ldi	r25, 0x00	; 0
    2848:	a0 e8       	ldi	r26, 0x80	; 128
    284a:	bf e3       	ldi	r27, 0x3F	; 63
    284c:	80 83       	st	Z, r24
    284e:	91 83       	std	Z+1, r25	; 0x01
    2850:	a2 83       	std	Z+2, r26	; 0x02
    2852:	b3 83       	std	Z+3, r27	; 0x03
 */
void
_delay_ms(double __ms)
{
	uint16_t __ticks;
	double __tmp = ((F_CPU) / 4e3) * __ms;
    2854:	8e 01       	movw	r16, r28
    2856:	01 5c       	subi	r16, 0xC1	; 193
    2858:	1f 4f       	sbci	r17, 0xFF	; 255
    285a:	fe 01       	movw	r30, r28
    285c:	ed 5b       	subi	r30, 0xBD	; 189
    285e:	ff 4f       	sbci	r31, 0xFF	; 255
    2860:	60 81       	ld	r22, Z
    2862:	71 81       	ldd	r23, Z+1	; 0x01
    2864:	82 81       	ldd	r24, Z+2	; 0x02
    2866:	93 81       	ldd	r25, Z+3	; 0x03
    2868:	20 e0       	ldi	r18, 0x00	; 0
    286a:	30 e0       	ldi	r19, 0x00	; 0
    286c:	4a ef       	ldi	r20, 0xFA	; 250
    286e:	54 e4       	ldi	r21, 0x44	; 68
    2870:	0e 94 1f 02 	call	0x43e	; 0x43e <__mulsf3>
    2874:	dc 01       	movw	r26, r24
    2876:	cb 01       	movw	r24, r22
    2878:	f8 01       	movw	r30, r16
    287a:	80 83       	st	Z, r24
    287c:	91 83       	std	Z+1, r25	; 0x01
    287e:	a2 83       	std	Z+2, r26	; 0x02
    2880:	b3 83       	std	Z+3, r27	; 0x03
	if (__tmp < 1.0)
    2882:	fe 01       	movw	r30, r28
    2884:	ff 96       	adiw	r30, 0x3f	; 63
    2886:	60 81       	ld	r22, Z
    2888:	71 81       	ldd	r23, Z+1	; 0x01
    288a:	82 81       	ldd	r24, Z+2	; 0x02
    288c:	93 81       	ldd	r25, Z+3	; 0x03
    288e:	20 e0       	ldi	r18, 0x00	; 0
    2890:	30 e0       	ldi	r19, 0x00	; 0
    2892:	40 e8       	ldi	r20, 0x80	; 128
    2894:	5f e3       	ldi	r21, 0x3F	; 63
    2896:	0e 94 25 04 	call	0x84a	; 0x84a <__ltsf2>
    289a:	88 23       	and	r24, r24
    289c:	2c f4       	brge	.+10     	; 0x28a8 <LCD_voidLCDInit+0x25e>
		__ticks = 1;
    289e:	81 e0       	ldi	r24, 0x01	; 1
    28a0:	90 e0       	ldi	r25, 0x00	; 0
    28a2:	9e af       	std	Y+62, r25	; 0x3e
    28a4:	8d af       	std	Y+61, r24	; 0x3d
    28a6:	46 c0       	rjmp	.+140    	; 0x2934 <LCD_voidLCDInit+0x2ea>
	else if (__tmp > 65535)
    28a8:	fe 01       	movw	r30, r28
    28aa:	ff 96       	adiw	r30, 0x3f	; 63
    28ac:	60 81       	ld	r22, Z
    28ae:	71 81       	ldd	r23, Z+1	; 0x01
    28b0:	82 81       	ldd	r24, Z+2	; 0x02
    28b2:	93 81       	ldd	r25, Z+3	; 0x03
    28b4:	20 e0       	ldi	r18, 0x00	; 0
    28b6:	3f ef       	ldi	r19, 0xFF	; 255
    28b8:	4f e7       	ldi	r20, 0x7F	; 127
    28ba:	57 e4       	ldi	r21, 0x47	; 71
    28bc:	0e 94 c5 03 	call	0x78a	; 0x78a <__gtsf2>
    28c0:	18 16       	cp	r1, r24
    28c2:	64 f5       	brge	.+88     	; 0x291c <LCD_voidLCDInit+0x2d2>
	{
		//	__ticks = requested delay in 1/10 ms
		__ticks = (uint16_t) (__ms * 10.0);
    28c4:	fe 01       	movw	r30, r28
    28c6:	ed 5b       	subi	r30, 0xBD	; 189
    28c8:	ff 4f       	sbci	r31, 0xFF	; 255
    28ca:	60 81       	ld	r22, Z
    28cc:	71 81       	ldd	r23, Z+1	; 0x01
    28ce:	82 81       	ldd	r24, Z+2	; 0x02
    28d0:	93 81       	ldd	r25, Z+3	; 0x03
    28d2:	20 e0       	ldi	r18, 0x00	; 0
    28d4:	30 e0       	ldi	r19, 0x00	; 0
    28d6:	40 e2       	ldi	r20, 0x20	; 32
    28d8:	51 e4       	ldi	r21, 0x41	; 65
    28da:	0e 94 1f 02 	call	0x43e	; 0x43e <__mulsf3>
    28de:	dc 01       	movw	r26, r24
    28e0:	cb 01       	movw	r24, r22
    28e2:	bc 01       	movw	r22, r24
    28e4:	cd 01       	movw	r24, r26
    28e6:	0e 94 49 00 	call	0x92	; 0x92 <__fixunssfsi>
    28ea:	dc 01       	movw	r26, r24
    28ec:	cb 01       	movw	r24, r22
    28ee:	9e af       	std	Y+62, r25	; 0x3e
    28f0:	8d af       	std	Y+61, r24	; 0x3d
    28f2:	0f c0       	rjmp	.+30     	; 0x2912 <LCD_voidLCDInit+0x2c8>
    28f4:	88 ec       	ldi	r24, 0xC8	; 200
    28f6:	90 e0       	ldi	r25, 0x00	; 0
    28f8:	9c af       	std	Y+60, r25	; 0x3c
    28fa:	8b af       	std	Y+59, r24	; 0x3b
    28fc:	8b ad       	ldd	r24, Y+59	; 0x3b
    28fe:	9c ad       	ldd	r25, Y+60	; 0x3c
    2900:	01 97       	sbiw	r24, 0x01	; 1
    2902:	f1 f7       	brne	.-4      	; 0x2900 <LCD_voidLCDInit+0x2b6>
    2904:	9c af       	std	Y+60, r25	; 0x3c
    2906:	8b af       	std	Y+59, r24	; 0x3b
		while(__ticks)
		{
			// wait 1/10 ms
			_delay_loop_2(((F_CPU) / 4e3) / 10);
			__ticks --;
    2908:	8d ad       	ldd	r24, Y+61	; 0x3d
    290a:	9e ad       	ldd	r25, Y+62	; 0x3e
    290c:	01 97       	sbiw	r24, 0x01	; 1
    290e:	9e af       	std	Y+62, r25	; 0x3e
    2910:	8d af       	std	Y+61, r24	; 0x3d
		__ticks = 1;
	else if (__tmp > 65535)
	{
		//	__ticks = requested delay in 1/10 ms
		__ticks = (uint16_t) (__ms * 10.0);
		while(__ticks)
    2912:	8d ad       	ldd	r24, Y+61	; 0x3d
    2914:	9e ad       	ldd	r25, Y+62	; 0x3e
    2916:	00 97       	sbiw	r24, 0x00	; 0
    2918:	69 f7       	brne	.-38     	; 0x28f4 <LCD_voidLCDInit+0x2aa>
    291a:	16 c0       	rjmp	.+44     	; 0x2948 <LCD_voidLCDInit+0x2fe>
			__ticks --;
		}
		return;
	}
	else
		__ticks = (uint16_t)__tmp;
    291c:	fe 01       	movw	r30, r28
    291e:	ff 96       	adiw	r30, 0x3f	; 63
    2920:	60 81       	ld	r22, Z
    2922:	71 81       	ldd	r23, Z+1	; 0x01
    2924:	82 81       	ldd	r24, Z+2	; 0x02
    2926:	93 81       	ldd	r25, Z+3	; 0x03
    2928:	0e 94 49 00 	call	0x92	; 0x92 <__fixunssfsi>
    292c:	dc 01       	movw	r26, r24
    292e:	cb 01       	movw	r24, r22
    2930:	9e af       	std	Y+62, r25	; 0x3e
    2932:	8d af       	std	Y+61, r24	; 0x3d
    2934:	8d ad       	ldd	r24, Y+61	; 0x3d
    2936:	9e ad       	ldd	r25, Y+62	; 0x3e
    2938:	9a af       	std	Y+58, r25	; 0x3a
    293a:	89 af       	std	Y+57, r24	; 0x39
    293c:	89 ad       	ldd	r24, Y+57	; 0x39
    293e:	9a ad       	ldd	r25, Y+58	; 0x3a
    2940:	01 97       	sbiw	r24, 0x01	; 1
    2942:	f1 f7       	brne	.-4      	; 0x2940 <LCD_voidLCDInit+0x2f6>
    2944:	9a af       	std	Y+58, r25	; 0x3a
    2946:	89 af       	std	Y+57, r24	; 0x39
	_delay_ms(1);

	/* 3- Send Function Set 8-bit Command, wait 1ms */
	LCD_voidSendCommand(LCD_FUNCTIONSET_8BIT);
    2948:	88 e3       	ldi	r24, 0x38	; 56
    294a:	0e 94 84 16 	call	0x2d08	; 0x2d08 <LCD_voidSendCommand>
    294e:	80 e0       	ldi	r24, 0x00	; 0
    2950:	90 e0       	ldi	r25, 0x00	; 0
    2952:	a0 e8       	ldi	r26, 0x80	; 128
    2954:	bf e3       	ldi	r27, 0x3F	; 63
    2956:	8d ab       	std	Y+53, r24	; 0x35
    2958:	9e ab       	std	Y+54, r25	; 0x36
    295a:	af ab       	std	Y+55, r26	; 0x37
    295c:	b8 af       	std	Y+56, r27	; 0x38
 */
void
_delay_ms(double __ms)
{
	uint16_t __ticks;
	double __tmp = ((F_CPU) / 4e3) * __ms;
    295e:	6d a9       	ldd	r22, Y+53	; 0x35
    2960:	7e a9       	ldd	r23, Y+54	; 0x36
    2962:	8f a9       	ldd	r24, Y+55	; 0x37
    2964:	98 ad       	ldd	r25, Y+56	; 0x38
    2966:	20 e0       	ldi	r18, 0x00	; 0
    2968:	30 e0       	ldi	r19, 0x00	; 0
    296a:	4a ef       	ldi	r20, 0xFA	; 250
    296c:	54 e4       	ldi	r21, 0x44	; 68
    296e:	0e 94 1f 02 	call	0x43e	; 0x43e <__mulsf3>
    2972:	dc 01       	movw	r26, r24
    2974:	cb 01       	movw	r24, r22
    2976:	89 ab       	std	Y+49, r24	; 0x31
    2978:	9a ab       	std	Y+50, r25	; 0x32
    297a:	ab ab       	std	Y+51, r26	; 0x33
    297c:	bc ab       	std	Y+52, r27	; 0x34
	if (__tmp < 1.0)
    297e:	69 a9       	ldd	r22, Y+49	; 0x31
    2980:	7a a9       	ldd	r23, Y+50	; 0x32
    2982:	8b a9       	ldd	r24, Y+51	; 0x33
    2984:	9c a9       	ldd	r25, Y+52	; 0x34
    2986:	20 e0       	ldi	r18, 0x00	; 0
    2988:	30 e0       	ldi	r19, 0x00	; 0
    298a:	40 e8       	ldi	r20, 0x80	; 128
    298c:	5f e3       	ldi	r21, 0x3F	; 63
    298e:	0e 94 25 04 	call	0x84a	; 0x84a <__ltsf2>
    2992:	88 23       	and	r24, r24
    2994:	2c f4       	brge	.+10     	; 0x29a0 <LCD_voidLCDInit+0x356>
		__ticks = 1;
    2996:	81 e0       	ldi	r24, 0x01	; 1
    2998:	90 e0       	ldi	r25, 0x00	; 0
    299a:	98 ab       	std	Y+48, r25	; 0x30
    299c:	8f a7       	std	Y+47, r24	; 0x2f
    299e:	3f c0       	rjmp	.+126    	; 0x2a1e <LCD_voidLCDInit+0x3d4>
	else if (__tmp > 65535)
    29a0:	69 a9       	ldd	r22, Y+49	; 0x31
    29a2:	7a a9       	ldd	r23, Y+50	; 0x32
    29a4:	8b a9       	ldd	r24, Y+51	; 0x33
    29a6:	9c a9       	ldd	r25, Y+52	; 0x34
    29a8:	20 e0       	ldi	r18, 0x00	; 0
    29aa:	3f ef       	ldi	r19, 0xFF	; 255
    29ac:	4f e7       	ldi	r20, 0x7F	; 127
    29ae:	57 e4       	ldi	r21, 0x47	; 71
    29b0:	0e 94 c5 03 	call	0x78a	; 0x78a <__gtsf2>
    29b4:	18 16       	cp	r1, r24
    29b6:	4c f5       	brge	.+82     	; 0x2a0a <LCD_voidLCDInit+0x3c0>
	{
		//	__ticks = requested delay in 1/10 ms
		__ticks = (uint16_t) (__ms * 10.0);
    29b8:	6d a9       	ldd	r22, Y+53	; 0x35
    29ba:	7e a9       	ldd	r23, Y+54	; 0x36
    29bc:	8f a9       	ldd	r24, Y+55	; 0x37
    29be:	98 ad       	ldd	r25, Y+56	; 0x38
    29c0:	20 e0       	ldi	r18, 0x00	; 0
    29c2:	30 e0       	ldi	r19, 0x00	; 0
    29c4:	40 e2       	ldi	r20, 0x20	; 32
    29c6:	51 e4       	ldi	r21, 0x41	; 65
    29c8:	0e 94 1f 02 	call	0x43e	; 0x43e <__mulsf3>
    29cc:	dc 01       	movw	r26, r24
    29ce:	cb 01       	movw	r24, r22
    29d0:	bc 01       	movw	r22, r24
    29d2:	cd 01       	movw	r24, r26
    29d4:	0e 94 49 00 	call	0x92	; 0x92 <__fixunssfsi>
    29d8:	dc 01       	movw	r26, r24
    29da:	cb 01       	movw	r24, r22
    29dc:	98 ab       	std	Y+48, r25	; 0x30
    29de:	8f a7       	std	Y+47, r24	; 0x2f
    29e0:	0f c0       	rjmp	.+30     	; 0x2a00 <LCD_voidLCDInit+0x3b6>
    29e2:	88 ec       	ldi	r24, 0xC8	; 200
    29e4:	90 e0       	ldi	r25, 0x00	; 0
    29e6:	9e a7       	std	Y+46, r25	; 0x2e
    29e8:	8d a7       	std	Y+45, r24	; 0x2d
    29ea:	8d a5       	ldd	r24, Y+45	; 0x2d
    29ec:	9e a5       	ldd	r25, Y+46	; 0x2e
    29ee:	01 97       	sbiw	r24, 0x01	; 1
    29f0:	f1 f7       	brne	.-4      	; 0x29ee <LCD_voidLCDInit+0x3a4>
    29f2:	9e a7       	std	Y+46, r25	; 0x2e
    29f4:	8d a7       	std	Y+45, r24	; 0x2d
		while(__ticks)
		{
			// wait 1/10 ms
			_delay_loop_2(((F_CPU) / 4e3) / 10);
			__ticks --;
    29f6:	8f a5       	ldd	r24, Y+47	; 0x2f
    29f8:	98 a9       	ldd	r25, Y+48	; 0x30
    29fa:	01 97       	sbiw	r24, 0x01	; 1
    29fc:	98 ab       	std	Y+48, r25	; 0x30
    29fe:	8f a7       	std	Y+47, r24	; 0x2f
		__ticks = 1;
	else if (__tmp > 65535)
	{
		//	__ticks = requested delay in 1/10 ms
		__ticks = (uint16_t) (__ms * 10.0);
		while(__ticks)
    2a00:	8f a5       	ldd	r24, Y+47	; 0x2f
    2a02:	98 a9       	ldd	r25, Y+48	; 0x30
    2a04:	00 97       	sbiw	r24, 0x00	; 0
    2a06:	69 f7       	brne	.-38     	; 0x29e2 <LCD_voidLCDInit+0x398>
    2a08:	14 c0       	rjmp	.+40     	; 0x2a32 <LCD_voidLCDInit+0x3e8>
			__ticks --;
		}
		return;
	}
	else
		__ticks = (uint16_t)__tmp;
    2a0a:	69 a9       	ldd	r22, Y+49	; 0x31
    2a0c:	7a a9       	ldd	r23, Y+50	; 0x32
    2a0e:	8b a9       	ldd	r24, Y+51	; 0x33
    2a10:	9c a9       	ldd	r25, Y+52	; 0x34
    2a12:	0e 94 49 00 	call	0x92	; 0x92 <__fixunssfsi>
    2a16:	dc 01       	movw	r26, r24
    2a18:	cb 01       	movw	r24, r22
    2a1a:	98 ab       	std	Y+48, r25	; 0x30
    2a1c:	8f a7       	std	Y+47, r24	; 0x2f
    2a1e:	8f a5       	ldd	r24, Y+47	; 0x2f
    2a20:	98 a9       	ldd	r25, Y+48	; 0x30
    2a22:	9c a7       	std	Y+44, r25	; 0x2c
    2a24:	8b a7       	std	Y+43, r24	; 0x2b
    2a26:	8b a5       	ldd	r24, Y+43	; 0x2b
    2a28:	9c a5       	ldd	r25, Y+44	; 0x2c
    2a2a:	01 97       	sbiw	r24, 0x01	; 1
    2a2c:	f1 f7       	brne	.-4      	; 0x2a2a <LCD_voidLCDInit+0x3e0>
    2a2e:	9c a7       	std	Y+44, r25	; 0x2c
    2a30:	8b a7       	std	Y+43, r24	; 0x2b
	_delay_ms(1);

	/* 4- Send Display On/Off Command, wait 1ms */
	LCD_voidSendCommand(LCD_DISPLAYON);
    2a32:	8c e0       	ldi	r24, 0x0C	; 12
    2a34:	0e 94 84 16 	call	0x2d08	; 0x2d08 <LCD_voidSendCommand>
    2a38:	80 e0       	ldi	r24, 0x00	; 0
    2a3a:	90 e0       	ldi	r25, 0x00	; 0
    2a3c:	a0 e8       	ldi	r26, 0x80	; 128
    2a3e:	bf e3       	ldi	r27, 0x3F	; 63
    2a40:	8f a3       	std	Y+39, r24	; 0x27
    2a42:	98 a7       	std	Y+40, r25	; 0x28
    2a44:	a9 a7       	std	Y+41, r26	; 0x29
    2a46:	ba a7       	std	Y+42, r27	; 0x2a
 */
void
_delay_ms(double __ms)
{
	uint16_t __ticks;
	double __tmp = ((F_CPU) / 4e3) * __ms;
    2a48:	6f a1       	ldd	r22, Y+39	; 0x27
    2a4a:	78 a5       	ldd	r23, Y+40	; 0x28
    2a4c:	89 a5       	ldd	r24, Y+41	; 0x29
    2a4e:	9a a5       	ldd	r25, Y+42	; 0x2a
    2a50:	20 e0       	ldi	r18, 0x00	; 0
    2a52:	30 e0       	ldi	r19, 0x00	; 0
    2a54:	4a ef       	ldi	r20, 0xFA	; 250
    2a56:	54 e4       	ldi	r21, 0x44	; 68
    2a58:	0e 94 1f 02 	call	0x43e	; 0x43e <__mulsf3>
    2a5c:	dc 01       	movw	r26, r24
    2a5e:	cb 01       	movw	r24, r22
    2a60:	8b a3       	std	Y+35, r24	; 0x23
    2a62:	9c a3       	std	Y+36, r25	; 0x24
    2a64:	ad a3       	std	Y+37, r26	; 0x25
    2a66:	be a3       	std	Y+38, r27	; 0x26
	if (__tmp < 1.0)
    2a68:	6b a1       	ldd	r22, Y+35	; 0x23
    2a6a:	7c a1       	ldd	r23, Y+36	; 0x24
    2a6c:	8d a1       	ldd	r24, Y+37	; 0x25
    2a6e:	9e a1       	ldd	r25, Y+38	; 0x26
    2a70:	20 e0       	ldi	r18, 0x00	; 0
    2a72:	30 e0       	ldi	r19, 0x00	; 0
    2a74:	40 e8       	ldi	r20, 0x80	; 128
    2a76:	5f e3       	ldi	r21, 0x3F	; 63
    2a78:	0e 94 25 04 	call	0x84a	; 0x84a <__ltsf2>
    2a7c:	88 23       	and	r24, r24
    2a7e:	2c f4       	brge	.+10     	; 0x2a8a <LCD_voidLCDInit+0x440>
		__ticks = 1;
    2a80:	81 e0       	ldi	r24, 0x01	; 1
    2a82:	90 e0       	ldi	r25, 0x00	; 0
    2a84:	9a a3       	std	Y+34, r25	; 0x22
    2a86:	89 a3       	std	Y+33, r24	; 0x21
    2a88:	3f c0       	rjmp	.+126    	; 0x2b08 <LCD_voidLCDInit+0x4be>
	else if (__tmp > 65535)
    2a8a:	6b a1       	ldd	r22, Y+35	; 0x23
    2a8c:	7c a1       	ldd	r23, Y+36	; 0x24
    2a8e:	8d a1       	ldd	r24, Y+37	; 0x25
    2a90:	9e a1       	ldd	r25, Y+38	; 0x26
    2a92:	20 e0       	ldi	r18, 0x00	; 0
    2a94:	3f ef       	ldi	r19, 0xFF	; 255
    2a96:	4f e7       	ldi	r20, 0x7F	; 127
    2a98:	57 e4       	ldi	r21, 0x47	; 71
    2a9a:	0e 94 c5 03 	call	0x78a	; 0x78a <__gtsf2>
    2a9e:	18 16       	cp	r1, r24
    2aa0:	4c f5       	brge	.+82     	; 0x2af4 <LCD_voidLCDInit+0x4aa>
	{
		//	__ticks = requested delay in 1/10 ms
		__ticks = (uint16_t) (__ms * 10.0);
    2aa2:	6f a1       	ldd	r22, Y+39	; 0x27
    2aa4:	78 a5       	ldd	r23, Y+40	; 0x28
    2aa6:	89 a5       	ldd	r24, Y+41	; 0x29
    2aa8:	9a a5       	ldd	r25, Y+42	; 0x2a
    2aaa:	20 e0       	ldi	r18, 0x00	; 0
    2aac:	30 e0       	ldi	r19, 0x00	; 0
    2aae:	40 e2       	ldi	r20, 0x20	; 32
    2ab0:	51 e4       	ldi	r21, 0x41	; 65
    2ab2:	0e 94 1f 02 	call	0x43e	; 0x43e <__mulsf3>
    2ab6:	dc 01       	movw	r26, r24
    2ab8:	cb 01       	movw	r24, r22
    2aba:	bc 01       	movw	r22, r24
    2abc:	cd 01       	movw	r24, r26
    2abe:	0e 94 49 00 	call	0x92	; 0x92 <__fixunssfsi>
    2ac2:	dc 01       	movw	r26, r24
    2ac4:	cb 01       	movw	r24, r22
    2ac6:	9a a3       	std	Y+34, r25	; 0x22
    2ac8:	89 a3       	std	Y+33, r24	; 0x21
    2aca:	0f c0       	rjmp	.+30     	; 0x2aea <LCD_voidLCDInit+0x4a0>
    2acc:	88 ec       	ldi	r24, 0xC8	; 200
    2ace:	90 e0       	ldi	r25, 0x00	; 0
    2ad0:	98 a3       	std	Y+32, r25	; 0x20
    2ad2:	8f 8f       	std	Y+31, r24	; 0x1f
    2ad4:	8f 8d       	ldd	r24, Y+31	; 0x1f
    2ad6:	98 a1       	ldd	r25, Y+32	; 0x20
    2ad8:	01 97       	sbiw	r24, 0x01	; 1
    2ada:	f1 f7       	brne	.-4      	; 0x2ad8 <LCD_voidLCDInit+0x48e>
    2adc:	98 a3       	std	Y+32, r25	; 0x20
    2ade:	8f 8f       	std	Y+31, r24	; 0x1f
		while(__ticks)
		{
			// wait 1/10 ms
			_delay_loop_2(((F_CPU) / 4e3) / 10);
			__ticks --;
    2ae0:	89 a1       	ldd	r24, Y+33	; 0x21
    2ae2:	9a a1       	ldd	r25, Y+34	; 0x22
    2ae4:	01 97       	sbiw	r24, 0x01	; 1
    2ae6:	9a a3       	std	Y+34, r25	; 0x22
    2ae8:	89 a3       	std	Y+33, r24	; 0x21
		__ticks = 1;
	else if (__tmp > 65535)
	{
		//	__ticks = requested delay in 1/10 ms
		__ticks = (uint16_t) (__ms * 10.0);
		while(__ticks)
    2aea:	89 a1       	ldd	r24, Y+33	; 0x21
    2aec:	9a a1       	ldd	r25, Y+34	; 0x22
    2aee:	00 97       	sbiw	r24, 0x00	; 0
    2af0:	69 f7       	brne	.-38     	; 0x2acc <LCD_voidLCDInit+0x482>
    2af2:	14 c0       	rjmp	.+40     	; 0x2b1c <LCD_voidLCDInit+0x4d2>
			__ticks --;
		}
		return;
	}
	else
		__ticks = (uint16_t)__tmp;
    2af4:	6b a1       	ldd	r22, Y+35	; 0x23
    2af6:	7c a1       	ldd	r23, Y+36	; 0x24
    2af8:	8d a1       	ldd	r24, Y+37	; 0x25
    2afa:	9e a1       	ldd	r25, Y+38	; 0x26
    2afc:	0e 94 49 00 	call	0x92	; 0x92 <__fixunssfsi>
    2b00:	dc 01       	movw	r26, r24
    2b02:	cb 01       	movw	r24, r22
    2b04:	9a a3       	std	Y+34, r25	; 0x22
    2b06:	89 a3       	std	Y+33, r24	; 0x21
    2b08:	89 a1       	ldd	r24, Y+33	; 0x21
    2b0a:	9a a1       	ldd	r25, Y+34	; 0x22
    2b0c:	9e 8f       	std	Y+30, r25	; 0x1e
    2b0e:	8d 8f       	std	Y+29, r24	; 0x1d
    2b10:	8d 8d       	ldd	r24, Y+29	; 0x1d
    2b12:	9e 8d       	ldd	r25, Y+30	; 0x1e
    2b14:	01 97       	sbiw	r24, 0x01	; 1
    2b16:	f1 f7       	brne	.-4      	; 0x2b14 <LCD_voidLCDInit+0x4ca>
    2b18:	9e 8f       	std	Y+30, r25	; 0x1e
    2b1a:	8d 8f       	std	Y+29, r24	; 0x1d
	_delay_ms(1);

	/* 5- Send Display Clear Command, wait 1ms */
	LCD_voidSendCommand(LCD_CLEAR);
    2b1c:	81 e0       	ldi	r24, 0x01	; 1
    2b1e:	0e 94 84 16 	call	0x2d08	; 0x2d08 <LCD_voidSendCommand>
    2b22:	80 e0       	ldi	r24, 0x00	; 0
    2b24:	90 e0       	ldi	r25, 0x00	; 0
    2b26:	a0 e8       	ldi	r26, 0x80	; 128
    2b28:	bf e3       	ldi	r27, 0x3F	; 63
    2b2a:	89 8f       	std	Y+25, r24	; 0x19
    2b2c:	9a 8f       	std	Y+26, r25	; 0x1a
    2b2e:	ab 8f       	std	Y+27, r26	; 0x1b
    2b30:	bc 8f       	std	Y+28, r27	; 0x1c
 */
void
_delay_ms(double __ms)
{
	uint16_t __ticks;
	double __tmp = ((F_CPU) / 4e3) * __ms;
    2b32:	69 8d       	ldd	r22, Y+25	; 0x19
    2b34:	7a 8d       	ldd	r23, Y+26	; 0x1a
    2b36:	8b 8d       	ldd	r24, Y+27	; 0x1b
    2b38:	9c 8d       	ldd	r25, Y+28	; 0x1c
    2b3a:	20 e0       	ldi	r18, 0x00	; 0
    2b3c:	30 e0       	ldi	r19, 0x00	; 0
    2b3e:	4a ef       	ldi	r20, 0xFA	; 250
    2b40:	54 e4       	ldi	r21, 0x44	; 68
    2b42:	0e 94 1f 02 	call	0x43e	; 0x43e <__mulsf3>
    2b46:	dc 01       	movw	r26, r24
    2b48:	cb 01       	movw	r24, r22
    2b4a:	8d 8b       	std	Y+21, r24	; 0x15
    2b4c:	9e 8b       	std	Y+22, r25	; 0x16
    2b4e:	af 8b       	std	Y+23, r26	; 0x17
    2b50:	b8 8f       	std	Y+24, r27	; 0x18
	if (__tmp < 1.0)
    2b52:	6d 89       	ldd	r22, Y+21	; 0x15
    2b54:	7e 89       	ldd	r23, Y+22	; 0x16
    2b56:	8f 89       	ldd	r24, Y+23	; 0x17
    2b58:	98 8d       	ldd	r25, Y+24	; 0x18
    2b5a:	20 e0       	ldi	r18, 0x00	; 0
    2b5c:	30 e0       	ldi	r19, 0x00	; 0
    2b5e:	40 e8       	ldi	r20, 0x80	; 128
    2b60:	5f e3       	ldi	r21, 0x3F	; 63
    2b62:	0e 94 25 04 	call	0x84a	; 0x84a <__ltsf2>
    2b66:	88 23       	and	r24, r24
    2b68:	2c f4       	brge	.+10     	; 0x2b74 <LCD_voidLCDInit+0x52a>
		__ticks = 1;
    2b6a:	81 e0       	ldi	r24, 0x01	; 1
    2b6c:	90 e0       	ldi	r25, 0x00	; 0
    2b6e:	9c 8b       	std	Y+20, r25	; 0x14
    2b70:	8b 8b       	std	Y+19, r24	; 0x13
    2b72:	3f c0       	rjmp	.+126    	; 0x2bf2 <LCD_voidLCDInit+0x5a8>
	else if (__tmp > 65535)
    2b74:	6d 89       	ldd	r22, Y+21	; 0x15
    2b76:	7e 89       	ldd	r23, Y+22	; 0x16
    2b78:	8f 89       	ldd	r24, Y+23	; 0x17
    2b7a:	98 8d       	ldd	r25, Y+24	; 0x18
    2b7c:	20 e0       	ldi	r18, 0x00	; 0
    2b7e:	3f ef       	ldi	r19, 0xFF	; 255
    2b80:	4f e7       	ldi	r20, 0x7F	; 127
    2b82:	57 e4       	ldi	r21, 0x47	; 71
    2b84:	0e 94 c5 03 	call	0x78a	; 0x78a <__gtsf2>
    2b88:	18 16       	cp	r1, r24
    2b8a:	4c f5       	brge	.+82     	; 0x2bde <LCD_voidLCDInit+0x594>
	{
		//	__ticks = requested delay in 1/10 ms
		__ticks = (uint16_t) (__ms * 10.0);
    2b8c:	69 8d       	ldd	r22, Y+25	; 0x19
    2b8e:	7a 8d       	ldd	r23, Y+26	; 0x1a
    2b90:	8b 8d       	ldd	r24, Y+27	; 0x1b
    2b92:	9c 8d       	ldd	r25, Y+28	; 0x1c
    2b94:	20 e0       	ldi	r18, 0x00	; 0
    2b96:	30 e0       	ldi	r19, 0x00	; 0
    2b98:	40 e2       	ldi	r20, 0x20	; 32
    2b9a:	51 e4       	ldi	r21, 0x41	; 65
    2b9c:	0e 94 1f 02 	call	0x43e	; 0x43e <__mulsf3>
    2ba0:	dc 01       	movw	r26, r24
    2ba2:	cb 01       	movw	r24, r22
    2ba4:	bc 01       	movw	r22, r24
    2ba6:	cd 01       	movw	r24, r26
    2ba8:	0e 94 49 00 	call	0x92	; 0x92 <__fixunssfsi>
    2bac:	dc 01       	movw	r26, r24
    2bae:	cb 01       	movw	r24, r22
    2bb0:	9c 8b       	std	Y+20, r25	; 0x14
    2bb2:	8b 8b       	std	Y+19, r24	; 0x13
    2bb4:	0f c0       	rjmp	.+30     	; 0x2bd4 <LCD_voidLCDInit+0x58a>
    2bb6:	88 ec       	ldi	r24, 0xC8	; 200
    2bb8:	90 e0       	ldi	r25, 0x00	; 0
    2bba:	9a 8b       	std	Y+18, r25	; 0x12
    2bbc:	89 8b       	std	Y+17, r24	; 0x11
    2bbe:	89 89       	ldd	r24, Y+17	; 0x11
    2bc0:	9a 89       	ldd	r25, Y+18	; 0x12
    2bc2:	01 97       	sbiw	r24, 0x01	; 1
    2bc4:	f1 f7       	brne	.-4      	; 0x2bc2 <LCD_voidLCDInit+0x578>
    2bc6:	9a 8b       	std	Y+18, r25	; 0x12
    2bc8:	89 8b       	std	Y+17, r24	; 0x11
		while(__ticks)
		{
			// wait 1/10 ms
			_delay_loop_2(((F_CPU) / 4e3) / 10);
			__ticks --;
    2bca:	8b 89       	ldd	r24, Y+19	; 0x13
    2bcc:	9c 89       	ldd	r25, Y+20	; 0x14
    2bce:	01 97       	sbiw	r24, 0x01	; 1
    2bd0:	9c 8b       	std	Y+20, r25	; 0x14
    2bd2:	8b 8b       	std	Y+19, r24	; 0x13
		__ticks = 1;
	else if (__tmp > 65535)
	{
		//	__ticks = requested delay in 1/10 ms
		__ticks = (uint16_t) (__ms * 10.0);
		while(__ticks)
    2bd4:	8b 89       	ldd	r24, Y+19	; 0x13
    2bd6:	9c 89       	ldd	r25, Y+20	; 0x14
    2bd8:	00 97       	sbiw	r24, 0x00	; 0
    2bda:	69 f7       	brne	.-38     	; 0x2bb6 <LCD_voidLCDInit+0x56c>
    2bdc:	14 c0       	rjmp	.+40     	; 0x2c06 <LCD_voidLCDInit+0x5bc>
			__ticks --;
		}
		return;
	}
	else
		__ticks = (uint16_t)__tmp;
    2bde:	6d 89       	ldd	r22, Y+21	; 0x15
    2be0:	7e 89       	ldd	r23, Y+22	; 0x16
    2be2:	8f 89       	ldd	r24, Y+23	; 0x17
    2be4:	98 8d       	ldd	r25, Y+24	; 0x18
    2be6:	0e 94 49 00 	call	0x92	; 0x92 <__fixunssfsi>
    2bea:	dc 01       	movw	r26, r24
    2bec:	cb 01       	movw	r24, r22
    2bee:	9c 8b       	std	Y+20, r25	; 0x14
    2bf0:	8b 8b       	std	Y+19, r24	; 0x13
    2bf2:	8b 89       	ldd	r24, Y+19	; 0x13
    2bf4:	9c 89       	ldd	r25, Y+20	; 0x14
    2bf6:	98 8b       	std	Y+16, r25	; 0x10
    2bf8:	8f 87       	std	Y+15, r24	; 0x0f
    2bfa:	8f 85       	ldd	r24, Y+15	; 0x0f
    2bfc:	98 89       	ldd	r25, Y+16	; 0x10
    2bfe:	01 97       	sbiw	r24, 0x01	; 1
    2c00:	f1 f7       	brne	.-4      	; 0x2bfe <LCD_voidLCDInit+0x5b4>
    2c02:	98 8b       	std	Y+16, r25	; 0x10
    2c04:	8f 87       	std	Y+15, r24	; 0x0f
	_delay_ms(1);

	/* 6- Send Entry Mode Command, wait 1ms */
	LCD_voidSendCommand(LCD_ENTRY_MODE);
    2c06:	86 e0       	ldi	r24, 0x06	; 6
    2c08:	0e 94 84 16 	call	0x2d08	; 0x2d08 <LCD_voidSendCommand>
    2c0c:	80 e0       	ldi	r24, 0x00	; 0
    2c0e:	90 e0       	ldi	r25, 0x00	; 0
    2c10:	a0 e8       	ldi	r26, 0x80	; 128
    2c12:	bf e3       	ldi	r27, 0x3F	; 63
    2c14:	8b 87       	std	Y+11, r24	; 0x0b
    2c16:	9c 87       	std	Y+12, r25	; 0x0c
    2c18:	ad 87       	std	Y+13, r26	; 0x0d
    2c1a:	be 87       	std	Y+14, r27	; 0x0e
 */
void
_delay_ms(double __ms)
{
	uint16_t __ticks;
	double __tmp = ((F_CPU) / 4e3) * __ms;
    2c1c:	6b 85       	ldd	r22, Y+11	; 0x0b
    2c1e:	7c 85       	ldd	r23, Y+12	; 0x0c
    2c20:	8d 85       	ldd	r24, Y+13	; 0x0d
    2c22:	9e 85       	ldd	r25, Y+14	; 0x0e
    2c24:	20 e0       	ldi	r18, 0x00	; 0
    2c26:	30 e0       	ldi	r19, 0x00	; 0
    2c28:	4a ef       	ldi	r20, 0xFA	; 250
    2c2a:	54 e4       	ldi	r21, 0x44	; 68
    2c2c:	0e 94 1f 02 	call	0x43e	; 0x43e <__mulsf3>
    2c30:	dc 01       	movw	r26, r24
    2c32:	cb 01       	movw	r24, r22
    2c34:	8f 83       	std	Y+7, r24	; 0x07
    2c36:	98 87       	std	Y+8, r25	; 0x08
    2c38:	a9 87       	std	Y+9, r26	; 0x09
    2c3a:	ba 87       	std	Y+10, r27	; 0x0a
	if (__tmp < 1.0)
    2c3c:	6f 81       	ldd	r22, Y+7	; 0x07
    2c3e:	78 85       	ldd	r23, Y+8	; 0x08
    2c40:	89 85       	ldd	r24, Y+9	; 0x09
    2c42:	9a 85       	ldd	r25, Y+10	; 0x0a
    2c44:	20 e0       	ldi	r18, 0x00	; 0
    2c46:	30 e0       	ldi	r19, 0x00	; 0
    2c48:	40 e8       	ldi	r20, 0x80	; 128
    2c4a:	5f e3       	ldi	r21, 0x3F	; 63
    2c4c:	0e 94 25 04 	call	0x84a	; 0x84a <__ltsf2>
    2c50:	88 23       	and	r24, r24
    2c52:	2c f4       	brge	.+10     	; 0x2c5e <LCD_voidLCDInit+0x614>
		__ticks = 1;
    2c54:	81 e0       	ldi	r24, 0x01	; 1
    2c56:	90 e0       	ldi	r25, 0x00	; 0
    2c58:	9e 83       	std	Y+6, r25	; 0x06
    2c5a:	8d 83       	std	Y+5, r24	; 0x05
    2c5c:	3f c0       	rjmp	.+126    	; 0x2cdc <LCD_voidLCDInit+0x692>
	else if (__tmp > 65535)
    2c5e:	6f 81       	ldd	r22, Y+7	; 0x07
    2c60:	78 85       	ldd	r23, Y+8	; 0x08
    2c62:	89 85       	ldd	r24, Y+9	; 0x09
    2c64:	9a 85       	ldd	r25, Y+10	; 0x0a
    2c66:	20 e0       	ldi	r18, 0x00	; 0
    2c68:	3f ef       	ldi	r19, 0xFF	; 255
    2c6a:	4f e7       	ldi	r20, 0x7F	; 127
    2c6c:	57 e4       	ldi	r21, 0x47	; 71
    2c6e:	0e 94 c5 03 	call	0x78a	; 0x78a <__gtsf2>
    2c72:	18 16       	cp	r1, r24
    2c74:	4c f5       	brge	.+82     	; 0x2cc8 <LCD_voidLCDInit+0x67e>
	{
		//	__ticks = requested delay in 1/10 ms
		__ticks = (uint16_t) (__ms * 10.0);
    2c76:	6b 85       	ldd	r22, Y+11	; 0x0b
    2c78:	7c 85       	ldd	r23, Y+12	; 0x0c
    2c7a:	8d 85       	ldd	r24, Y+13	; 0x0d
    2c7c:	9e 85       	ldd	r25, Y+14	; 0x0e
    2c7e:	20 e0       	ldi	r18, 0x00	; 0
    2c80:	30 e0       	ldi	r19, 0x00	; 0
    2c82:	40 e2       	ldi	r20, 0x20	; 32
    2c84:	51 e4       	ldi	r21, 0x41	; 65
    2c86:	0e 94 1f 02 	call	0x43e	; 0x43e <__mulsf3>
    2c8a:	dc 01       	movw	r26, r24
    2c8c:	cb 01       	movw	r24, r22
    2c8e:	bc 01       	movw	r22, r24
    2c90:	cd 01       	movw	r24, r26
    2c92:	0e 94 49 00 	call	0x92	; 0x92 <__fixunssfsi>
    2c96:	dc 01       	movw	r26, r24
    2c98:	cb 01       	movw	r24, r22
    2c9a:	9e 83       	std	Y+6, r25	; 0x06
    2c9c:	8d 83       	std	Y+5, r24	; 0x05
    2c9e:	0f c0       	rjmp	.+30     	; 0x2cbe <LCD_voidLCDInit+0x674>
    2ca0:	88 ec       	ldi	r24, 0xC8	; 200
    2ca2:	90 e0       	ldi	r25, 0x00	; 0
    2ca4:	9c 83       	std	Y+4, r25	; 0x04
    2ca6:	8b 83       	std	Y+3, r24	; 0x03
    2ca8:	8b 81       	ldd	r24, Y+3	; 0x03
    2caa:	9c 81       	ldd	r25, Y+4	; 0x04
    2cac:	01 97       	sbiw	r24, 0x01	; 1
    2cae:	f1 f7       	brne	.-4      	; 0x2cac <LCD_voidLCDInit+0x662>
    2cb0:	9c 83       	std	Y+4, r25	; 0x04
    2cb2:	8b 83       	std	Y+3, r24	; 0x03
		while(__ticks)
		{
			// wait 1/10 ms
			_delay_loop_2(((F_CPU) / 4e3) / 10);
			__ticks --;
    2cb4:	8d 81       	ldd	r24, Y+5	; 0x05
    2cb6:	9e 81       	ldd	r25, Y+6	; 0x06
    2cb8:	01 97       	sbiw	r24, 0x01	; 1
    2cba:	9e 83       	std	Y+6, r25	; 0x06
    2cbc:	8d 83       	std	Y+5, r24	; 0x05
		__ticks = 1;
	else if (__tmp > 65535)
	{
		//	__ticks = requested delay in 1/10 ms
		__ticks = (uint16_t) (__ms * 10.0);
		while(__ticks)
    2cbe:	8d 81       	ldd	r24, Y+5	; 0x05
    2cc0:	9e 81       	ldd	r25, Y+6	; 0x06
    2cc2:	00 97       	sbiw	r24, 0x00	; 0
    2cc4:	69 f7       	brne	.-38     	; 0x2ca0 <LCD_voidLCDInit+0x656>
    2cc6:	14 c0       	rjmp	.+40     	; 0x2cf0 <LCD_voidLCDInit+0x6a6>
			__ticks --;
		}
		return;
	}
	else
		__ticks = (uint16_t)__tmp;
    2cc8:	6f 81       	ldd	r22, Y+7	; 0x07
    2cca:	78 85       	ldd	r23, Y+8	; 0x08
    2ccc:	89 85       	ldd	r24, Y+9	; 0x09
    2cce:	9a 85       	ldd	r25, Y+10	; 0x0a
    2cd0:	0e 94 49 00 	call	0x92	; 0x92 <__fixunssfsi>
    2cd4:	dc 01       	movw	r26, r24
    2cd6:	cb 01       	movw	r24, r22
    2cd8:	9e 83       	std	Y+6, r25	; 0x06
    2cda:	8d 83       	std	Y+5, r24	; 0x05
    2cdc:	8d 81       	ldd	r24, Y+5	; 0x05
    2cde:	9e 81       	ldd	r25, Y+6	; 0x06
    2ce0:	9a 83       	std	Y+2, r25	; 0x02
    2ce2:	89 83       	std	Y+1, r24	; 0x01
    2ce4:	89 81       	ldd	r24, Y+1	; 0x01
    2ce6:	9a 81       	ldd	r25, Y+2	; 0x02
    2ce8:	01 97       	sbiw	r24, 0x01	; 1
    2cea:	f1 f7       	brne	.-4      	; 0x2ce8 <LCD_voidLCDInit+0x69e>
    2cec:	9a 83       	std	Y+2, r25	; 0x02
    2cee:	89 83       	std	Y+1, r24	; 0x01
	_delay_ms(1);
}
    2cf0:	cc 5a       	subi	r28, 0xAC	; 172
    2cf2:	df 4f       	sbci	r29, 0xFF	; 255
    2cf4:	0f b6       	in	r0, 0x3f	; 63
    2cf6:	f8 94       	cli
    2cf8:	de bf       	out	0x3e, r29	; 62
    2cfa:	0f be       	out	0x3f, r0	; 63
    2cfc:	cd bf       	out	0x3d, r28	; 61
    2cfe:	cf 91       	pop	r28
    2d00:	df 91       	pop	r29
    2d02:	1f 91       	pop	r17
    2d04:	0f 91       	pop	r16
    2d06:	08 95       	ret

00002d08 <LCD_voidSendCommand>:

void LCD_voidSendCommand(u8 u8CMD)
{
    2d08:	df 93       	push	r29
    2d0a:	cf 93       	push	r28
    2d0c:	cd b7       	in	r28, 0x3d	; 61
    2d0e:	de b7       	in	r29, 0x3e	; 62
    2d10:	69 97       	sbiw	r28, 0x19	; 25
    2d12:	0f b6       	in	r0, 0x3f	; 63
    2d14:	f8 94       	cli
    2d16:	de bf       	out	0x3e, r29	; 62
    2d18:	0f be       	out	0x3f, r0	; 63
    2d1a:	cd bf       	out	0x3d, r28	; 61
    2d1c:	89 8f       	std	Y+25, r24	; 0x19
	DIO_voidSetpinValue(LCD_RS, LOW);   /* RS = 0 -> Command Register  */
    2d1e:	81 e0       	ldi	r24, 0x01	; 1
    2d20:	65 e0       	ldi	r22, 0x05	; 5
    2d22:	40 e0       	ldi	r20, 0x00	; 0
    2d24:	0e 94 b8 0c 	call	0x1970	; 0x1970 <DIO_voidSetpinValue>
	DIO_voidSetpinValue(LCD_RW, LOW);   /* RW = 0 -> Write Mode        */
    2d28:	81 e0       	ldi	r24, 0x01	; 1
    2d2a:	67 e0       	ldi	r22, 0x07	; 7
    2d2c:	40 e0       	ldi	r20, 0x00	; 0
    2d2e:	0e 94 b8 0c 	call	0x1970	; 0x1970 <DIO_voidSetpinValue>

	LCD_voidPutonBus(u8CMD);
    2d32:	89 8d       	ldd	r24, Y+25	; 0x19
    2d34:	0e 94 56 18 	call	0x30ac	; 0x30ac <LCD_voidPutonBus>

	DIO_voidSetpinValue(LCD_EN, HIGH);  /* Pulse Enable to latch data  */
    2d38:	81 e0       	ldi	r24, 0x01	; 1
    2d3a:	66 e0       	ldi	r22, 0x06	; 6
    2d3c:	41 e0       	ldi	r20, 0x01	; 1
    2d3e:	0e 94 b8 0c 	call	0x1970	; 0x1970 <DIO_voidSetpinValue>
    2d42:	80 e0       	ldi	r24, 0x00	; 0
    2d44:	90 e0       	ldi	r25, 0x00	; 0
    2d46:	a0 e8       	ldi	r26, 0x80	; 128
    2d48:	bf e3       	ldi	r27, 0x3F	; 63
    2d4a:	8d 8b       	std	Y+21, r24	; 0x15
    2d4c:	9e 8b       	std	Y+22, r25	; 0x16
    2d4e:	af 8b       	std	Y+23, r26	; 0x17
    2d50:	b8 8f       	std	Y+24, r27	; 0x18
 */
void
_delay_us(double __us)
{
	uint8_t __ticks;
	double __tmp = ((F_CPU) / 3e6) * __us;
    2d52:	6d 89       	ldd	r22, Y+21	; 0x15
    2d54:	7e 89       	ldd	r23, Y+22	; 0x16
    2d56:	8f 89       	ldd	r24, Y+23	; 0x17
    2d58:	98 8d       	ldd	r25, Y+24	; 0x18
    2d5a:	2b ea       	ldi	r18, 0xAB	; 171
    2d5c:	3a ea       	ldi	r19, 0xAA	; 170
    2d5e:	4a e2       	ldi	r20, 0x2A	; 42
    2d60:	50 e4       	ldi	r21, 0x40	; 64
    2d62:	0e 94 1f 02 	call	0x43e	; 0x43e <__mulsf3>
    2d66:	dc 01       	movw	r26, r24
    2d68:	cb 01       	movw	r24, r22
    2d6a:	89 8b       	std	Y+17, r24	; 0x11
    2d6c:	9a 8b       	std	Y+18, r25	; 0x12
    2d6e:	ab 8b       	std	Y+19, r26	; 0x13
    2d70:	bc 8b       	std	Y+20, r27	; 0x14
	if (__tmp < 1.0)
    2d72:	69 89       	ldd	r22, Y+17	; 0x11
    2d74:	7a 89       	ldd	r23, Y+18	; 0x12
    2d76:	8b 89       	ldd	r24, Y+19	; 0x13
    2d78:	9c 89       	ldd	r25, Y+20	; 0x14
    2d7a:	20 e0       	ldi	r18, 0x00	; 0
    2d7c:	30 e0       	ldi	r19, 0x00	; 0
    2d7e:	40 e8       	ldi	r20, 0x80	; 128
    2d80:	5f e3       	ldi	r21, 0x3F	; 63
    2d82:	0e 94 25 04 	call	0x84a	; 0x84a <__ltsf2>
    2d86:	88 23       	and	r24, r24
    2d88:	1c f4       	brge	.+6      	; 0x2d90 <LCD_voidSendCommand+0x88>
		__ticks = 1;
    2d8a:	81 e0       	ldi	r24, 0x01	; 1
    2d8c:	88 8b       	std	Y+16, r24	; 0x10
    2d8e:	91 c0       	rjmp	.+290    	; 0x2eb2 <LCD_voidSendCommand+0x1aa>
	else if (__tmp > 255)
    2d90:	69 89       	ldd	r22, Y+17	; 0x11
    2d92:	7a 89       	ldd	r23, Y+18	; 0x12
    2d94:	8b 89       	ldd	r24, Y+19	; 0x13
    2d96:	9c 89       	ldd	r25, Y+20	; 0x14
    2d98:	20 e0       	ldi	r18, 0x00	; 0
    2d9a:	30 e0       	ldi	r19, 0x00	; 0
    2d9c:	4f e7       	ldi	r20, 0x7F	; 127
    2d9e:	53 e4       	ldi	r21, 0x43	; 67
    2da0:	0e 94 c5 03 	call	0x78a	; 0x78a <__gtsf2>
    2da4:	18 16       	cp	r1, r24
    2da6:	0c f0       	brlt	.+2      	; 0x2daa <LCD_voidSendCommand+0xa2>
    2da8:	7b c0       	rjmp	.+246    	; 0x2ea0 <LCD_voidSendCommand+0x198>
	{
		_delay_ms(__us / 1000.0);
    2daa:	6d 89       	ldd	r22, Y+21	; 0x15
    2dac:	7e 89       	ldd	r23, Y+22	; 0x16
    2dae:	8f 89       	ldd	r24, Y+23	; 0x17
    2db0:	98 8d       	ldd	r25, Y+24	; 0x18
    2db2:	20 e0       	ldi	r18, 0x00	; 0
    2db4:	30 e0       	ldi	r19, 0x00	; 0
    2db6:	4a e7       	ldi	r20, 0x7A	; 122
    2db8:	54 e4       	ldi	r21, 0x44	; 68
    2dba:	0e 94 19 03 	call	0x632	; 0x632 <__divsf3>
    2dbe:	dc 01       	movw	r26, r24
    2dc0:	cb 01       	movw	r24, r22
    2dc2:	8c 87       	std	Y+12, r24	; 0x0c
    2dc4:	9d 87       	std	Y+13, r25	; 0x0d
    2dc6:	ae 87       	std	Y+14, r26	; 0x0e
    2dc8:	bf 87       	std	Y+15, r27	; 0x0f
 */
void
_delay_ms(double __ms)
{
	uint16_t __ticks;
	double __tmp = ((F_CPU) / 4e3) * __ms;
    2dca:	6c 85       	ldd	r22, Y+12	; 0x0c
    2dcc:	7d 85       	ldd	r23, Y+13	; 0x0d
    2dce:	8e 85       	ldd	r24, Y+14	; 0x0e
    2dd0:	9f 85       	ldd	r25, Y+15	; 0x0f
    2dd2:	20 e0       	ldi	r18, 0x00	; 0
    2dd4:	30 e0       	ldi	r19, 0x00	; 0
    2dd6:	4a ef       	ldi	r20, 0xFA	; 250
    2dd8:	54 e4       	ldi	r21, 0x44	; 68
    2dda:	0e 94 1f 02 	call	0x43e	; 0x43e <__mulsf3>
    2dde:	dc 01       	movw	r26, r24
    2de0:	cb 01       	movw	r24, r22
    2de2:	88 87       	std	Y+8, r24	; 0x08
    2de4:	99 87       	std	Y+9, r25	; 0x09
    2de6:	aa 87       	std	Y+10, r26	; 0x0a
    2de8:	bb 87       	std	Y+11, r27	; 0x0b
	if (__tmp < 1.0)
    2dea:	68 85       	ldd	r22, Y+8	; 0x08
    2dec:	79 85       	ldd	r23, Y+9	; 0x09
    2dee:	8a 85       	ldd	r24, Y+10	; 0x0a
    2df0:	9b 85       	ldd	r25, Y+11	; 0x0b
    2df2:	20 e0       	ldi	r18, 0x00	; 0
    2df4:	30 e0       	ldi	r19, 0x00	; 0
    2df6:	40 e8       	ldi	r20, 0x80	; 128
    2df8:	5f e3       	ldi	r21, 0x3F	; 63
    2dfa:	0e 94 25 04 	call	0x84a	; 0x84a <__ltsf2>
    2dfe:	88 23       	and	r24, r24
    2e00:	2c f4       	brge	.+10     	; 0x2e0c <LCD_voidSendCommand+0x104>
		__ticks = 1;
    2e02:	81 e0       	ldi	r24, 0x01	; 1
    2e04:	90 e0       	ldi	r25, 0x00	; 0
    2e06:	9f 83       	std	Y+7, r25	; 0x07
    2e08:	8e 83       	std	Y+6, r24	; 0x06
    2e0a:	3f c0       	rjmp	.+126    	; 0x2e8a <LCD_voidSendCommand+0x182>
	else if (__tmp > 65535)
    2e0c:	68 85       	ldd	r22, Y+8	; 0x08
    2e0e:	79 85       	ldd	r23, Y+9	; 0x09
    2e10:	8a 85       	ldd	r24, Y+10	; 0x0a
    2e12:	9b 85       	ldd	r25, Y+11	; 0x0b
    2e14:	20 e0       	ldi	r18, 0x00	; 0
    2e16:	3f ef       	ldi	r19, 0xFF	; 255
    2e18:	4f e7       	ldi	r20, 0x7F	; 127
    2e1a:	57 e4       	ldi	r21, 0x47	; 71
    2e1c:	0e 94 c5 03 	call	0x78a	; 0x78a <__gtsf2>
    2e20:	18 16       	cp	r1, r24
    2e22:	4c f5       	brge	.+82     	; 0x2e76 <LCD_voidSendCommand+0x16e>
	{
		//	__ticks = requested delay in 1/10 ms
		__ticks = (uint16_t) (__ms * 10.0);
    2e24:	6c 85       	ldd	r22, Y+12	; 0x0c
    2e26:	7d 85       	ldd	r23, Y+13	; 0x0d
    2e28:	8e 85       	ldd	r24, Y+14	; 0x0e
    2e2a:	9f 85       	ldd	r25, Y+15	; 0x0f
    2e2c:	20 e0       	ldi	r18, 0x00	; 0
    2e2e:	30 e0       	ldi	r19, 0x00	; 0
    2e30:	40 e2       	ldi	r20, 0x20	; 32
    2e32:	51 e4       	ldi	r21, 0x41	; 65
    2e34:	0e 94 1f 02 	call	0x43e	; 0x43e <__mulsf3>
    2e38:	dc 01       	movw	r26, r24
    2e3a:	cb 01       	movw	r24, r22
    2e3c:	bc 01       	movw	r22, r24
    2e3e:	cd 01       	movw	r24, r26
    2e40:	0e 94 49 00 	call	0x92	; 0x92 <__fixunssfsi>
    2e44:	dc 01       	movw	r26, r24
    2e46:	cb 01       	movw	r24, r22
    2e48:	9f 83       	std	Y+7, r25	; 0x07
    2e4a:	8e 83       	std	Y+6, r24	; 0x06
    2e4c:	0f c0       	rjmp	.+30     	; 0x2e6c <LCD_voidSendCommand+0x164>
    2e4e:	88 ec       	ldi	r24, 0xC8	; 200
    2e50:	90 e0       	ldi	r25, 0x00	; 0
    2e52:	9d 83       	std	Y+5, r25	; 0x05
    2e54:	8c 83       	std	Y+4, r24	; 0x04
    2e56:	8c 81       	ldd	r24, Y+4	; 0x04
    2e58:	9d 81       	ldd	r25, Y+5	; 0x05
    2e5a:	01 97       	sbiw	r24, 0x01	; 1
    2e5c:	f1 f7       	brne	.-4      	; 0x2e5a <LCD_voidSendCommand+0x152>
    2e5e:	9d 83       	std	Y+5, r25	; 0x05
    2e60:	8c 83       	std	Y+4, r24	; 0x04
		while(__ticks)
		{
			// wait 1/10 ms
			_delay_loop_2(((F_CPU) / 4e3) / 10);
			__ticks --;
    2e62:	8e 81       	ldd	r24, Y+6	; 0x06
    2e64:	9f 81       	ldd	r25, Y+7	; 0x07
    2e66:	01 97       	sbiw	r24, 0x01	; 1
    2e68:	9f 83       	std	Y+7, r25	; 0x07
    2e6a:	8e 83       	std	Y+6, r24	; 0x06
		__ticks = 1;
	else if (__tmp > 65535)
	{
		//	__ticks = requested delay in 1/10 ms
		__ticks = (uint16_t) (__ms * 10.0);
		while(__ticks)
    2e6c:	8e 81       	ldd	r24, Y+6	; 0x06
    2e6e:	9f 81       	ldd	r25, Y+7	; 0x07
    2e70:	00 97       	sbiw	r24, 0x00	; 0
    2e72:	69 f7       	brne	.-38     	; 0x2e4e <LCD_voidSendCommand+0x146>
    2e74:	24 c0       	rjmp	.+72     	; 0x2ebe <LCD_voidSendCommand+0x1b6>
			__ticks --;
		}
		return;
	}
	else
		__ticks = (uint16_t)__tmp;
    2e76:	68 85       	ldd	r22, Y+8	; 0x08
    2e78:	79 85       	ldd	r23, Y+9	; 0x09
    2e7a:	8a 85       	ldd	r24, Y+10	; 0x0a
    2e7c:	9b 85       	ldd	r25, Y+11	; 0x0b
    2e7e:	0e 94 49 00 	call	0x92	; 0x92 <__fixunssfsi>
    2e82:	dc 01       	movw	r26, r24
    2e84:	cb 01       	movw	r24, r22
    2e86:	9f 83       	std	Y+7, r25	; 0x07
    2e88:	8e 83       	std	Y+6, r24	; 0x06
    2e8a:	8e 81       	ldd	r24, Y+6	; 0x06
    2e8c:	9f 81       	ldd	r25, Y+7	; 0x07
    2e8e:	9b 83       	std	Y+3, r25	; 0x03
    2e90:	8a 83       	std	Y+2, r24	; 0x02
    2e92:	8a 81       	ldd	r24, Y+2	; 0x02
    2e94:	9b 81       	ldd	r25, Y+3	; 0x03
    2e96:	01 97       	sbiw	r24, 0x01	; 1
    2e98:	f1 f7       	brne	.-4      	; 0x2e96 <LCD_voidSendCommand+0x18e>
    2e9a:	9b 83       	std	Y+3, r25	; 0x03
    2e9c:	8a 83       	std	Y+2, r24	; 0x02
    2e9e:	0f c0       	rjmp	.+30     	; 0x2ebe <LCD_voidSendCommand+0x1b6>
	{
		_delay_ms(__us / 1000.0);
		return;
	}
	else
		__ticks = (uint8_t)__tmp;
    2ea0:	69 89       	ldd	r22, Y+17	; 0x11
    2ea2:	7a 89       	ldd	r23, Y+18	; 0x12
    2ea4:	8b 89       	ldd	r24, Y+19	; 0x13
    2ea6:	9c 89       	ldd	r25, Y+20	; 0x14
    2ea8:	0e 94 49 00 	call	0x92	; 0x92 <__fixunssfsi>
    2eac:	dc 01       	movw	r26, r24
    2eae:	cb 01       	movw	r24, r22
    2eb0:	88 8b       	std	Y+16, r24	; 0x10
    2eb2:	88 89       	ldd	r24, Y+16	; 0x10
    2eb4:	89 83       	std	Y+1, r24	; 0x01
    can be achieved.
*/
void
_delay_loop_1(uint8_t __count)
{
	__asm__ volatile (
    2eb6:	89 81       	ldd	r24, Y+1	; 0x01
    2eb8:	8a 95       	dec	r24
    2eba:	f1 f7       	brne	.-4      	; 0x2eb8 <LCD_voidSendCommand+0x1b0>
    2ebc:	89 83       	std	Y+1, r24	; 0x01
	_delay_us(1);
	DIO_voidSetpinValue(LCD_EN, LOW);
    2ebe:	81 e0       	ldi	r24, 0x01	; 1
    2ec0:	66 e0       	ldi	r22, 0x06	; 6
    2ec2:	40 e0       	ldi	r20, 0x00	; 0
    2ec4:	0e 94 b8 0c 	call	0x1970	; 0x1970 <DIO_voidSetpinValue>
}
    2ec8:	69 96       	adiw	r28, 0x19	; 25
    2eca:	0f b6       	in	r0, 0x3f	; 63
    2ecc:	f8 94       	cli
    2ece:	de bf       	out	0x3e, r29	; 62
    2ed0:	0f be       	out	0x3f, r0	; 63
    2ed2:	cd bf       	out	0x3d, r28	; 61
    2ed4:	cf 91       	pop	r28
    2ed6:	df 91       	pop	r29
    2ed8:	08 95       	ret

00002eda <LCD_voidSendData>:

void LCD_voidSendData(u8 u8Data)
{
    2eda:	df 93       	push	r29
    2edc:	cf 93       	push	r28
    2ede:	cd b7       	in	r28, 0x3d	; 61
    2ee0:	de b7       	in	r29, 0x3e	; 62
    2ee2:	69 97       	sbiw	r28, 0x19	; 25
    2ee4:	0f b6       	in	r0, 0x3f	; 63
    2ee6:	f8 94       	cli
    2ee8:	de bf       	out	0x3e, r29	; 62
    2eea:	0f be       	out	0x3f, r0	; 63
    2eec:	cd bf       	out	0x3d, r28	; 61
    2eee:	89 8f       	std	Y+25, r24	; 0x19
	DIO_voidSetpinValue(LCD_RS, HIGH);  /* RS = 1 -> Data Register     */
    2ef0:	81 e0       	ldi	r24, 0x01	; 1
    2ef2:	65 e0       	ldi	r22, 0x05	; 5
    2ef4:	41 e0       	ldi	r20, 0x01	; 1
    2ef6:	0e 94 b8 0c 	call	0x1970	; 0x1970 <DIO_voidSetpinValue>
	DIO_voidSetpinValue(LCD_RW, LOW);   /* RW = 0 -> Write Mode        */
    2efa:	81 e0       	ldi	r24, 0x01	; 1
    2efc:	67 e0       	ldi	r22, 0x07	; 7
    2efe:	40 e0       	ldi	r20, 0x00	; 0
    2f00:	0e 94 b8 0c 	call	0x1970	; 0x1970 <DIO_voidSetpinValue>

	LCD_voidPutonBus(u8Data);
    2f04:	89 8d       	ldd	r24, Y+25	; 0x19
    2f06:	0e 94 56 18 	call	0x30ac	; 0x30ac <LCD_voidPutonBus>

	DIO_voidSetpinValue(LCD_EN, HIGH);  /* Pulse Enable to latch data  */
    2f0a:	81 e0       	ldi	r24, 0x01	; 1
    2f0c:	66 e0       	ldi	r22, 0x06	; 6
    2f0e:	41 e0       	ldi	r20, 0x01	; 1
    2f10:	0e 94 b8 0c 	call	0x1970	; 0x1970 <DIO_voidSetpinValue>
    2f14:	80 e0       	ldi	r24, 0x00	; 0
    2f16:	90 e0       	ldi	r25, 0x00	; 0
    2f18:	a0 e8       	ldi	r26, 0x80	; 128
    2f1a:	bf e3       	ldi	r27, 0x3F	; 63
    2f1c:	8d 8b       	std	Y+21, r24	; 0x15
    2f1e:	9e 8b       	std	Y+22, r25	; 0x16
    2f20:	af 8b       	std	Y+23, r26	; 0x17
    2f22:	b8 8f       	std	Y+24, r27	; 0x18
 */
void
_delay_us(double __us)
{
	uint8_t __ticks;
	double __tmp = ((F_CPU) / 3e6) * __us;
    2f24:	6d 89       	ldd	r22, Y+21	; 0x15
    2f26:	7e 89       	ldd	r23, Y+22	; 0x16
    2f28:	8f 89       	ldd	r24, Y+23	; 0x17
    2f2a:	98 8d       	ldd	r25, Y+24	; 0x18
    2f2c:	2b ea       	ldi	r18, 0xAB	; 171
    2f2e:	3a ea       	ldi	r19, 0xAA	; 170
    2f30:	4a e2       	ldi	r20, 0x2A	; 42
    2f32:	50 e4       	ldi	r21, 0x40	; 64
    2f34:	0e 94 1f 02 	call	0x43e	; 0x43e <__mulsf3>
    2f38:	dc 01       	movw	r26, r24
    2f3a:	cb 01       	movw	r24, r22
    2f3c:	89 8b       	std	Y+17, r24	; 0x11
    2f3e:	9a 8b       	std	Y+18, r25	; 0x12
    2f40:	ab 8b       	std	Y+19, r26	; 0x13
    2f42:	bc 8b       	std	Y+20, r27	; 0x14
	if (__tmp < 1.0)
    2f44:	69 89       	ldd	r22, Y+17	; 0x11
    2f46:	7a 89       	ldd	r23, Y+18	; 0x12
    2f48:	8b 89       	ldd	r24, Y+19	; 0x13
    2f4a:	9c 89       	ldd	r25, Y+20	; 0x14
    2f4c:	20 e0       	ldi	r18, 0x00	; 0
    2f4e:	30 e0       	ldi	r19, 0x00	; 0
    2f50:	40 e8       	ldi	r20, 0x80	; 128
    2f52:	5f e3       	ldi	r21, 0x3F	; 63
    2f54:	0e 94 25 04 	call	0x84a	; 0x84a <__ltsf2>
    2f58:	88 23       	and	r24, r24
    2f5a:	1c f4       	brge	.+6      	; 0x2f62 <LCD_voidSendData+0x88>
		__ticks = 1;
    2f5c:	81 e0       	ldi	r24, 0x01	; 1
    2f5e:	88 8b       	std	Y+16, r24	; 0x10
    2f60:	91 c0       	rjmp	.+290    	; 0x3084 <LCD_voidSendData+0x1aa>
	else if (__tmp > 255)
    2f62:	69 89       	ldd	r22, Y+17	; 0x11
    2f64:	7a 89       	ldd	r23, Y+18	; 0x12
    2f66:	8b 89       	ldd	r24, Y+19	; 0x13
    2f68:	9c 89       	ldd	r25, Y+20	; 0x14
    2f6a:	20 e0       	ldi	r18, 0x00	; 0
    2f6c:	30 e0       	ldi	r19, 0x00	; 0
    2f6e:	4f e7       	ldi	r20, 0x7F	; 127
    2f70:	53 e4       	ldi	r21, 0x43	; 67
    2f72:	0e 94 c5 03 	call	0x78a	; 0x78a <__gtsf2>
    2f76:	18 16       	cp	r1, r24
    2f78:	0c f0       	brlt	.+2      	; 0x2f7c <LCD_voidSendData+0xa2>
    2f7a:	7b c0       	rjmp	.+246    	; 0x3072 <LCD_voidSendData+0x198>
	{
		_delay_ms(__us / 1000.0);
    2f7c:	6d 89       	ldd	r22, Y+21	; 0x15
    2f7e:	7e 89       	ldd	r23, Y+22	; 0x16
    2f80:	8f 89       	ldd	r24, Y+23	; 0x17
    2f82:	98 8d       	ldd	r25, Y+24	; 0x18
    2f84:	20 e0       	ldi	r18, 0x00	; 0
    2f86:	30 e0       	ldi	r19, 0x00	; 0
    2f88:	4a e7       	ldi	r20, 0x7A	; 122
    2f8a:	54 e4       	ldi	r21, 0x44	; 68
    2f8c:	0e 94 19 03 	call	0x632	; 0x632 <__divsf3>
    2f90:	dc 01       	movw	r26, r24
    2f92:	cb 01       	movw	r24, r22
    2f94:	8c 87       	std	Y+12, r24	; 0x0c
    2f96:	9d 87       	std	Y+13, r25	; 0x0d
    2f98:	ae 87       	std	Y+14, r26	; 0x0e
    2f9a:	bf 87       	std	Y+15, r27	; 0x0f
 */
void
_delay_ms(double __ms)
{
	uint16_t __ticks;
	double __tmp = ((F_CPU) / 4e3) * __ms;
    2f9c:	6c 85       	ldd	r22, Y+12	; 0x0c
    2f9e:	7d 85       	ldd	r23, Y+13	; 0x0d
    2fa0:	8e 85       	ldd	r24, Y+14	; 0x0e
    2fa2:	9f 85       	ldd	r25, Y+15	; 0x0f
    2fa4:	20 e0       	ldi	r18, 0x00	; 0
    2fa6:	30 e0       	ldi	r19, 0x00	; 0
    2fa8:	4a ef       	ldi	r20, 0xFA	; 250
    2faa:	54 e4       	ldi	r21, 0x44	; 68
    2fac:	0e 94 1f 02 	call	0x43e	; 0x43e <__mulsf3>
    2fb0:	dc 01       	movw	r26, r24
    2fb2:	cb 01       	movw	r24, r22
    2fb4:	88 87       	std	Y+8, r24	; 0x08
    2fb6:	99 87       	std	Y+9, r25	; 0x09
    2fb8:	aa 87       	std	Y+10, r26	; 0x0a
    2fba:	bb 87       	std	Y+11, r27	; 0x0b
	if (__tmp < 1.0)
    2fbc:	68 85       	ldd	r22, Y+8	; 0x08
    2fbe:	79 85       	ldd	r23, Y+9	; 0x09
    2fc0:	8a 85       	ldd	r24, Y+10	; 0x0a
    2fc2:	9b 85       	ldd	r25, Y+11	; 0x0b
    2fc4:	20 e0       	ldi	r18, 0x00	; 0
    2fc6:	30 e0       	ldi	r19, 0x00	; 0
    2fc8:	40 e8       	ldi	r20, 0x80	; 128
    2fca:	5f e3       	ldi	r21, 0x3F	; 63
    2fcc:	0e 94 25 04 	call	0x84a	; 0x84a <__ltsf2>
    2fd0:	88 23       	and	r24, r24
    2fd2:	2c f4       	brge	.+10     	; 0x2fde <LCD_voidSendData+0x104>
		__ticks = 1;
    2fd4:	81 e0       	ldi	r24, 0x01	; 1
    2fd6:	90 e0       	ldi	r25, 0x00	; 0
    2fd8:	9f 83       	std	Y+7, r25	; 0x07
    2fda:	8e 83       	std	Y+6, r24	; 0x06
    2fdc:	3f c0       	rjmp	.+126    	; 0x305c <LCD_voidSendData+0x182>
	else if (__tmp > 65535)
    2fde:	68 85       	ldd	r22, Y+8	; 0x08
    2fe0:	79 85       	ldd	r23, Y+9	; 0x09
    2fe2:	8a 85       	ldd	r24, Y+10	; 0x0a
    2fe4:	9b 85       	ldd	r25, Y+11	; 0x0b
    2fe6:	20 e0       	ldi	r18, 0x00	; 0
    2fe8:	3f ef       	ldi	r19, 0xFF	; 255
    2fea:	4f e7       	ldi	r20, 0x7F	; 127
    2fec:	57 e4       	ldi	r21, 0x47	; 71
    2fee:	0e 94 c5 03 	call	0x78a	; 0x78a <__gtsf2>
    2ff2:	18 16       	cp	r1, r24
    2ff4:	4c f5       	brge	.+82     	; 0x3048 <LCD_voidSendData+0x16e>
	{
		//	__ticks = requested delay in 1/10 ms
		__ticks = (uint16_t) (__ms * 10.0);
    2ff6:	6c 85       	ldd	r22, Y+12	; 0x0c
    2ff8:	7d 85       	ldd	r23, Y+13	; 0x0d
    2ffa:	8e 85       	ldd	r24, Y+14	; 0x0e
    2ffc:	9f 85       	ldd	r25, Y+15	; 0x0f
    2ffe:	20 e0       	ldi	r18, 0x00	; 0
    3000:	30 e0       	ldi	r19, 0x00	; 0
    3002:	40 e2       	ldi	r20, 0x20	; 32
    3004:	51 e4       	ldi	r21, 0x41	; 65
    3006:	0e 94 1f 02 	call	0x43e	; 0x43e <__mulsf3>
    300a:	dc 01       	movw	r26, r24
    300c:	cb 01       	movw	r24, r22
    300e:	bc 01       	movw	r22, r24
    3010:	cd 01       	movw	r24, r26
    3012:	0e 94 49 00 	call	0x92	; 0x92 <__fixunssfsi>
    3016:	dc 01       	movw	r26, r24
    3018:	cb 01       	movw	r24, r22
    301a:	9f 83       	std	Y+7, r25	; 0x07
    301c:	8e 83       	std	Y+6, r24	; 0x06
    301e:	0f c0       	rjmp	.+30     	; 0x303e <LCD_voidSendData+0x164>
    3020:	88 ec       	ldi	r24, 0xC8	; 200
    3022:	90 e0       	ldi	r25, 0x00	; 0
    3024:	9d 83       	std	Y+5, r25	; 0x05
    3026:	8c 83       	std	Y+4, r24	; 0x04
    milliseconds can be achieved.
 */
void
_delay_loop_2(uint16_t __count)
{
	__asm__ volatile (
    3028:	8c 81       	ldd	r24, Y+4	; 0x04
    302a:	9d 81       	ldd	r25, Y+5	; 0x05
    302c:	01 97       	sbiw	r24, 0x01	; 1
    302e:	f1 f7       	brne	.-4      	; 0x302c <LCD_voidSendData+0x152>
    3030:	9d 83       	std	Y+5, r25	; 0x05
    3032:	8c 83       	std	Y+4, r24	; 0x04
		while(__ticks)
		{
			// wait 1/10 ms
			_delay_loop_2(((F_CPU) / 4e3) / 10);
			__ticks --;
    3034:	8e 81       	ldd	r24, Y+6	; 0x06
    3036:	9f 81       	ldd	r25, Y+7	; 0x07
    3038:	01 97       	sbiw	r24, 0x01	; 1
    303a:	9f 83       	std	Y+7, r25	; 0x07
    303c:	8e 83       	std	Y+6, r24	; 0x06
		__ticks = 1;
	else if (__tmp > 65535)
	{
		//	__ticks = requested delay in 1/10 ms
		__ticks = (uint16_t) (__ms * 10.0);
		while(__ticks)
    303e:	8e 81       	ldd	r24, Y+6	; 0x06
    3040:	9f 81       	ldd	r25, Y+7	; 0x07
    3042:	00 97       	sbiw	r24, 0x00	; 0
    3044:	69 f7       	brne	.-38     	; 0x3020 <LCD_voidSendData+0x146>
    3046:	24 c0       	rjmp	.+72     	; 0x3090 <LCD_voidSendData+0x1b6>
			__ticks --;
		}
		return;
	}
	else
		__ticks = (uint16_t)__tmp;
    3048:	68 85       	ldd	r22, Y+8	; 0x08
    304a:	79 85       	ldd	r23, Y+9	; 0x09
    304c:	8a 85       	ldd	r24, Y+10	; 0x0a
    304e:	9b 85       	ldd	r25, Y+11	; 0x0b
    3050:	0e 94 49 00 	call	0x92	; 0x92 <__fixunssfsi>
    3054:	dc 01       	movw	r26, r24
    3056:	cb 01       	movw	r24, r22
    3058:	9f 83       	std	Y+7, r25	; 0x07
    305a:	8e 83       	std	Y+6, r24	; 0x06
    305c:	8e 81       	ldd	r24, Y+6	; 0x06
    305e:	9f 81       	ldd	r25, Y+7	; 0x07
    3060:	9b 83       	std	Y+3, r25	; 0x03
    3062:	8a 83       	std	Y+2, r24	; 0x02
    3064:	8a 81       	ldd	r24, Y+2	; 0x02
    3066:	9b 81       	ldd	r25, Y+3	; 0x03
    3068:	01 97       	sbiw	r24, 0x01	; 1
    306a:	f1 f7       	brne	.-4      	; 0x3068 <LCD_voidSendData+0x18e>
    306c:	9b 83       	std	Y+3, r25	; 0x03
    306e:	8a 83       	std	Y+2, r24	; 0x02
    3070:	0f c0       	rjmp	.+30     	; 0x3090 <LCD_voidSendData+0x1b6>
	{
		_delay_ms(__us / 1000.0);
		return;
	}
	else
		__ticks = (uint8_t)__tmp;
    3072:	69 89       	ldd	r22, Y+17	; 0x11
    3074:	7a 89       	ldd	r23, Y+18	; 0x12
    3076:	8b 89       	ldd	r24, Y+19	; 0x13
    3078:	9c 89       	ldd	r25, Y+20	; 0x14
    307a:	0e 94 49 00 	call	0x92	; 0x92 <__fixunssfsi>
    307e:	dc 01       	movw	r26, r24
    3080:	cb 01       	movw	r24, r22
    3082:	88 8b       	std	Y+16, r24	; 0x10
    3084:	88 89       	ldd	r24, Y+16	; 0x10
    3086:	89 83       	std	Y+1, r24	; 0x01
    can be achieved.
*/
void
_delay_loop_1(uint8_t __count)
{
	__asm__ volatile (
    3088:	89 81       	ldd	r24, Y+1	; 0x01
    308a:	8a 95       	dec	r24
    308c:	f1 f7       	brne	.-4      	; 0x308a <LCD_voidSendData+0x1b0>
    308e:	89 83       	std	Y+1, r24	; 0x01
	_delay_us(1);
	DIO_voidSetpinValue(LCD_EN, LOW);
    3090:	81 e0       	ldi	r24, 0x01	; 1
    3092:	66 e0       	ldi	r22, 0x06	; 6
    3094:	40 e0       	ldi	r20, 0x00	; 0
    3096:	0e 94 b8 0c 	call	0x1970	; 0x1970 <DIO_voidSetpinValue>
}
    309a:	69 96       	adiw	r28, 0x19	; 25
    309c:	0f b6       	in	r0, 0x3f	; 63
    309e:	f8 94       	cli
    30a0:	de bf       	out	0x3e, r29	; 62
    30a2:	0f be       	out	0x3f, r0	; 63
    30a4:	cd bf       	out	0x3d, r28	; 61
    30a6:	cf 91       	pop	r28
    30a8:	df 91       	pop	r29
    30aa:	08 95       	ret

000030ac <LCD_voidPutonBus>:


static void LCD_voidPutonBus(u8 u8Char)
{
    30ac:	df 93       	push	r29
    30ae:	cf 93       	push	r28
    30b0:	0f 92       	push	r0
    30b2:	cd b7       	in	r28, 0x3d	; 61
    30b4:	de b7       	in	r29, 0x3e	; 62
    30b6:	89 83       	std	Y+1, r24	; 0x01
	DIO_voidSetpinValue(LCD_D0, GET_BIT(u8Char, 0));
    30b8:	89 81       	ldd	r24, Y+1	; 0x01
    30ba:	98 2f       	mov	r25, r24
    30bc:	91 70       	andi	r25, 0x01	; 1
    30be:	80 e0       	ldi	r24, 0x00	; 0
    30c0:	63 e0       	ldi	r22, 0x03	; 3
    30c2:	49 2f       	mov	r20, r25
    30c4:	0e 94 b8 0c 	call	0x1970	; 0x1970 <DIO_voidSetpinValue>
	DIO_voidSetpinValue(LCD_D1, GET_BIT(u8Char, 1));
    30c8:	89 81       	ldd	r24, Y+1	; 0x01
    30ca:	86 95       	lsr	r24
    30cc:	98 2f       	mov	r25, r24
    30ce:	91 70       	andi	r25, 0x01	; 1
    30d0:	80 e0       	ldi	r24, 0x00	; 0
    30d2:	64 e0       	ldi	r22, 0x04	; 4
    30d4:	49 2f       	mov	r20, r25
    30d6:	0e 94 b8 0c 	call	0x1970	; 0x1970 <DIO_voidSetpinValue>
	DIO_voidSetpinValue(LCD_D2, GET_BIT(u8Char, 2));
    30da:	89 81       	ldd	r24, Y+1	; 0x01
    30dc:	86 95       	lsr	r24
    30de:	86 95       	lsr	r24
    30e0:	98 2f       	mov	r25, r24
    30e2:	91 70       	andi	r25, 0x01	; 1
    30e4:	80 e0       	ldi	r24, 0x00	; 0
    30e6:	65 e0       	ldi	r22, 0x05	; 5
    30e8:	49 2f       	mov	r20, r25
    30ea:	0e 94 b8 0c 	call	0x1970	; 0x1970 <DIO_voidSetpinValue>
	DIO_voidSetpinValue(LCD_D3, GET_BIT(u8Char, 3));
    30ee:	89 81       	ldd	r24, Y+1	; 0x01
    30f0:	86 95       	lsr	r24
    30f2:	86 95       	lsr	r24
    30f4:	86 95       	lsr	r24
    30f6:	98 2f       	mov	r25, r24
    30f8:	91 70       	andi	r25, 0x01	; 1
    30fa:	80 e0       	ldi	r24, 0x00	; 0
    30fc:	66 e0       	ldi	r22, 0x06	; 6
    30fe:	49 2f       	mov	r20, r25
    3100:	0e 94 b8 0c 	call	0x1970	; 0x1970 <DIO_voidSetpinValue>
	DIO_voidSetpinValue(LCD_D4, GET_BIT(u8Char, 4));
    3104:	89 81       	ldd	r24, Y+1	; 0x01
    3106:	82 95       	swap	r24
    3108:	8f 70       	andi	r24, 0x0F	; 15
    310a:	98 2f       	mov	r25, r24
    310c:	91 70       	andi	r25, 0x01	; 1
    310e:	80 e0       	ldi	r24, 0x00	; 0
    3110:	67 e0       	ldi	r22, 0x07	; 7
    3112:	49 2f       	mov	r20, r25
    3114:	0e 94 b8 0c 	call	0x1970	; 0x1970 <DIO_voidSetpinValue>
	DIO_voidSetpinValue(LCD_D5, GET_BIT(u8Char, 5));
    3118:	89 81       	ldd	r24, Y+1	; 0x01
    311a:	82 95       	swap	r24
    311c:	86 95       	lsr	r24
    311e:	87 70       	andi	r24, 0x07	; 7
    3120:	98 2f       	mov	r25, r24
    3122:	91 70       	andi	r25, 0x01	; 1
    3124:	83 e0       	ldi	r24, 0x03	; 3
    3126:	64 e0       	ldi	r22, 0x04	; 4
    3128:	49 2f       	mov	r20, r25
    312a:	0e 94 b8 0c 	call	0x1970	; 0x1970 <DIO_voidSetpinValue>
	DIO_voidSetpinValue(LCD_D6, GET_BIT(u8Char, 6));
    312e:	89 81       	ldd	r24, Y+1	; 0x01
    3130:	82 95       	swap	r24
    3132:	86 95       	lsr	r24
    3134:	86 95       	lsr	r24
    3136:	83 70       	andi	r24, 0x03	; 3
    3138:	98 2f       	mov	r25, r24
    313a:	91 70       	andi	r25, 0x01	; 1
    313c:	83 e0       	ldi	r24, 0x03	; 3
    313e:	65 e0       	ldi	r22, 0x05	; 5
    3140:	49 2f       	mov	r20, r25
    3142:	0e 94 b8 0c 	call	0x1970	; 0x1970 <DIO_voidSetpinValue>
	DIO_voidSetpinValue(LCD_D7, GET_BIT(u8Char, 7));
    3146:	89 81       	ldd	r24, Y+1	; 0x01
    3148:	98 2f       	mov	r25, r24
    314a:	99 1f       	adc	r25, r25
    314c:	99 27       	eor	r25, r25
    314e:	99 1f       	adc	r25, r25
    3150:	81 e0       	ldi	r24, 0x01	; 1
    3152:	64 e0       	ldi	r22, 0x04	; 4
    3154:	49 2f       	mov	r20, r25
    3156:	0e 94 b8 0c 	call	0x1970	; 0x1970 <DIO_voidSetpinValue>
}
    315a:	0f 90       	pop	r0
    315c:	cf 91       	pop	r28
    315e:	df 91       	pop	r29
    3160:	08 95       	ret

00003162 <LCD_GotoXY>:


void LCD_GotoXY(u8 x, u8 y)
{
    3162:	df 93       	push	r29
    3164:	cf 93       	push	r28
    3166:	00 d0       	rcall	.+0      	; 0x3168 <LCD_GotoXY+0x6>
    3168:	00 d0       	rcall	.+0      	; 0x316a <LCD_GotoXY+0x8>
    316a:	0f 92       	push	r0
    316c:	cd b7       	in	r28, 0x3d	; 61
    316e:	de b7       	in	r29, 0x3e	; 62
    3170:	8a 83       	std	Y+2, r24	; 0x02
    3172:	6b 83       	std	Y+3, r22	; 0x03
	u8 Local_u8Address = 0;
    3174:	19 82       	std	Y+1, r1	; 0x01

	switch(y)
    3176:	8b 81       	ldd	r24, Y+3	; 0x03
    3178:	28 2f       	mov	r18, r24
    317a:	30 e0       	ldi	r19, 0x00	; 0
    317c:	3d 83       	std	Y+5, r19	; 0x05
    317e:	2c 83       	std	Y+4, r18	; 0x04
    3180:	8c 81       	ldd	r24, Y+4	; 0x04
    3182:	9d 81       	ldd	r25, Y+5	; 0x05
    3184:	81 30       	cpi	r24, 0x01	; 1
    3186:	91 05       	cpc	r25, r1
    3188:	c1 f0       	breq	.+48     	; 0x31ba <LCD_GotoXY+0x58>
    318a:	2c 81       	ldd	r18, Y+4	; 0x04
    318c:	3d 81       	ldd	r19, Y+5	; 0x05
    318e:	22 30       	cpi	r18, 0x02	; 2
    3190:	31 05       	cpc	r19, r1
    3192:	2c f4       	brge	.+10     	; 0x319e <LCD_GotoXY+0x3c>
    3194:	8c 81       	ldd	r24, Y+4	; 0x04
    3196:	9d 81       	ldd	r25, Y+5	; 0x05
    3198:	00 97       	sbiw	r24, 0x00	; 0
    319a:	61 f0       	breq	.+24     	; 0x31b4 <LCD_GotoXY+0x52>
    319c:	19 c0       	rjmp	.+50     	; 0x31d0 <LCD_GotoXY+0x6e>
    319e:	2c 81       	ldd	r18, Y+4	; 0x04
    31a0:	3d 81       	ldd	r19, Y+5	; 0x05
    31a2:	22 30       	cpi	r18, 0x02	; 2
    31a4:	31 05       	cpc	r19, r1
    31a6:	69 f0       	breq	.+26     	; 0x31c2 <LCD_GotoXY+0x60>
    31a8:	8c 81       	ldd	r24, Y+4	; 0x04
    31aa:	9d 81       	ldd	r25, Y+5	; 0x05
    31ac:	83 30       	cpi	r24, 0x03	; 3
    31ae:	91 05       	cpc	r25, r1
    31b0:	61 f0       	breq	.+24     	; 0x31ca <LCD_GotoXY+0x68>
    31b2:	0e c0       	rjmp	.+28     	; 0x31d0 <LCD_GotoXY+0x6e>
	{
		case 0: Local_u8Address = x + 0x00; break;
    31b4:	8a 81       	ldd	r24, Y+2	; 0x02
    31b6:	89 83       	std	Y+1, r24	; 0x01
    31b8:	0b c0       	rjmp	.+22     	; 0x31d0 <LCD_GotoXY+0x6e>
		case 1: Local_u8Address = x + 0x40; break;
    31ba:	8a 81       	ldd	r24, Y+2	; 0x02
    31bc:	80 5c       	subi	r24, 0xC0	; 192
    31be:	89 83       	std	Y+1, r24	; 0x01
    31c0:	07 c0       	rjmp	.+14     	; 0x31d0 <LCD_GotoXY+0x6e>
		case 2: Local_u8Address = x + 0x10; break;
    31c2:	8a 81       	ldd	r24, Y+2	; 0x02
    31c4:	80 5f       	subi	r24, 0xF0	; 240
    31c6:	89 83       	std	Y+1, r24	; 0x01
    31c8:	03 c0       	rjmp	.+6      	; 0x31d0 <LCD_GotoXY+0x6e>
		case 3: Local_u8Address = x + 0x50; break;
    31ca:	8a 81       	ldd	r24, Y+2	; 0x02
    31cc:	80 5b       	subi	r24, 0xB0	; 176
    31ce:	89 83       	std	Y+1, r24	; 0x01
	}

	LCD_voidSendCommand(LCD_SETCURSOR | Local_u8Address);
    31d0:	89 81       	ldd	r24, Y+1	; 0x01
    31d2:	80 68       	ori	r24, 0x80	; 128
    31d4:	0e 94 84 16 	call	0x2d08	; 0x2d08 <LCD_voidSendCommand>
}
    31d8:	0f 90       	pop	r0
    31da:	0f 90       	pop	r0
    31dc:	0f 90       	pop	r0
    31de:	0f 90       	pop	r0
    31e0:	0f 90       	pop	r0
    31e2:	cf 91       	pop	r28
    31e4:	df 91       	pop	r29
    31e6:	08 95       	ret

000031e8 <LCD_voidWriteString>:

void LCD_voidWriteString(char * u8string)
{
    31e8:	df 93       	push	r29
    31ea:	cf 93       	push	r28
    31ec:	00 d0       	rcall	.+0      	; 0x31ee <LCD_voidWriteString+0x6>
    31ee:	0f 92       	push	r0
    31f0:	cd b7       	in	r28, 0x3d	; 61
    31f2:	de b7       	in	r29, 0x3e	; 62
    31f4:	9b 83       	std	Y+3, r25	; 0x03
    31f6:	8a 83       	std	Y+2, r24	; 0x02
	u8 Local_u8Iterator = 0;
    31f8:	19 82       	std	Y+1, r1	; 0x01
    31fa:	0e c0       	rjmp	.+28     	; 0x3218 <LCD_voidWriteString+0x30>

	while(u8string[Local_u8Iterator] != '\0')
	{
		LCD_voidSendData(u8string[Local_u8Iterator]);
    31fc:	89 81       	ldd	r24, Y+1	; 0x01
    31fe:	28 2f       	mov	r18, r24
    3200:	30 e0       	ldi	r19, 0x00	; 0
    3202:	8a 81       	ldd	r24, Y+2	; 0x02
    3204:	9b 81       	ldd	r25, Y+3	; 0x03
    3206:	fc 01       	movw	r30, r24
    3208:	e2 0f       	add	r30, r18
    320a:	f3 1f       	adc	r31, r19
    320c:	80 81       	ld	r24, Z
    320e:	0e 94 6d 17 	call	0x2eda	; 0x2eda <LCD_voidSendData>
		Local_u8Iterator++;
    3212:	89 81       	ldd	r24, Y+1	; 0x01
    3214:	8f 5f       	subi	r24, 0xFF	; 255
    3216:	89 83       	std	Y+1, r24	; 0x01

void LCD_voidWriteString(char * u8string)
{
	u8 Local_u8Iterator = 0;

	while(u8string[Local_u8Iterator] != '\0')
    3218:	89 81       	ldd	r24, Y+1	; 0x01
    321a:	28 2f       	mov	r18, r24
    321c:	30 e0       	ldi	r19, 0x00	; 0
    321e:	8a 81       	ldd	r24, Y+2	; 0x02
    3220:	9b 81       	ldd	r25, Y+3	; 0x03
    3222:	fc 01       	movw	r30, r24
    3224:	e2 0f       	add	r30, r18
    3226:	f3 1f       	adc	r31, r19
    3228:	80 81       	ld	r24, Z
    322a:	88 23       	and	r24, r24
    322c:	39 f7       	brne	.-50     	; 0x31fc <LCD_voidWriteString+0x14>
	{
		LCD_voidSendData(u8string[Local_u8Iterator]);
		Local_u8Iterator++;
	}
}
    322e:	0f 90       	pop	r0
    3230:	0f 90       	pop	r0
    3232:	0f 90       	pop	r0
    3234:	cf 91       	pop	r28
    3236:	df 91       	pop	r29
    3238:	08 95       	ret

0000323a <LCD_voidWriteNumber>:

void LCD_voidWriteNumber(u8 u8Number)
{
    323a:	df 93       	push	r29
    323c:	cf 93       	push	r28
    323e:	00 d0       	rcall	.+0      	; 0x3240 <LCD_voidWriteNumber+0x6>
    3240:	00 d0       	rcall	.+0      	; 0x3242 <LCD_voidWriteNumber+0x8>
    3242:	00 d0       	rcall	.+0      	; 0x3244 <LCD_voidWriteNumber+0xa>
    3244:	cd b7       	in	r28, 0x3d	; 61
    3246:	de b7       	in	r29, 0x3e	; 62
    3248:	8e 83       	std	Y+6, r24	; 0x06
	u8 u8Buffer[4];
	u8 u8Index = 0;
    324a:	19 82       	std	Y+1, r1	; 0x01

	if(u8Number == 0)
    324c:	8e 81       	ldd	r24, Y+6	; 0x06
    324e:	88 23       	and	r24, r24
    3250:	f1 f4       	brne	.+60     	; 0x328e <LCD_voidWriteNumber+0x54>
	{
		LCD_voidSendData('0');
    3252:	80 e3       	ldi	r24, 0x30	; 48
    3254:	0e 94 6d 17 	call	0x2eda	; 0x2eda <LCD_voidSendData>
    3258:	2f c0       	rjmp	.+94     	; 0x32b8 <LCD_voidWriteNumber+0x7e>
		return;
	}

	while(u8Number != 0)
	{
		u8Buffer[u8Index] = (u8Number % 10) + '0';
    325a:	89 81       	ldd	r24, Y+1	; 0x01
    325c:	48 2f       	mov	r20, r24
    325e:	50 e0       	ldi	r21, 0x00	; 0
    3260:	8e 81       	ldd	r24, Y+6	; 0x06
    3262:	9a e0       	ldi	r25, 0x0A	; 10
    3264:	69 2f       	mov	r22, r25
    3266:	0e 94 44 1b 	call	0x3688	; 0x3688 <__udivmodqi4>
    326a:	89 2f       	mov	r24, r25
    326c:	28 2f       	mov	r18, r24
    326e:	20 5d       	subi	r18, 0xD0	; 208
    3270:	ce 01       	movw	r24, r28
    3272:	02 96       	adiw	r24, 0x02	; 2
    3274:	fc 01       	movw	r30, r24
    3276:	e4 0f       	add	r30, r20
    3278:	f5 1f       	adc	r31, r21
    327a:	20 83       	st	Z, r18
		u8Number /= 10;
    327c:	8e 81       	ldd	r24, Y+6	; 0x06
    327e:	9a e0       	ldi	r25, 0x0A	; 10
    3280:	69 2f       	mov	r22, r25
    3282:	0e 94 44 1b 	call	0x3688	; 0x3688 <__udivmodqi4>
    3286:	8e 83       	std	Y+6, r24	; 0x06
		u8Index++;
    3288:	89 81       	ldd	r24, Y+1	; 0x01
    328a:	8f 5f       	subi	r24, 0xFF	; 255
    328c:	89 83       	std	Y+1, r24	; 0x01
	{
		LCD_voidSendData('0');
		return;
	}

	while(u8Number != 0)
    328e:	8e 81       	ldd	r24, Y+6	; 0x06
    3290:	88 23       	and	r24, r24
    3292:	19 f7       	brne	.-58     	; 0x325a <LCD_voidWriteNumber+0x20>
    3294:	0e c0       	rjmp	.+28     	; 0x32b2 <LCD_voidWriteNumber+0x78>
		u8Index++;
	}

	while(u8Index != 0)
	{
		u8Index--;
    3296:	89 81       	ldd	r24, Y+1	; 0x01
    3298:	81 50       	subi	r24, 0x01	; 1
    329a:	89 83       	std	Y+1, r24	; 0x01
		LCD_voidSendData(u8Buffer[u8Index]);
    329c:	89 81       	ldd	r24, Y+1	; 0x01
    329e:	28 2f       	mov	r18, r24
    32a0:	30 e0       	ldi	r19, 0x00	; 0
    32a2:	ce 01       	movw	r24, r28
    32a4:	02 96       	adiw	r24, 0x02	; 2
    32a6:	fc 01       	movw	r30, r24
    32a8:	e2 0f       	add	r30, r18
    32aa:	f3 1f       	adc	r31, r19
    32ac:	80 81       	ld	r24, Z
    32ae:	0e 94 6d 17 	call	0x2eda	; 0x2eda <LCD_voidSendData>
		u8Buffer[u8Index] = (u8Number % 10) + '0';
		u8Number /= 10;
		u8Index++;
	}

	while(u8Index != 0)
    32b2:	89 81       	ldd	r24, Y+1	; 0x01
    32b4:	88 23       	and	r24, r24
    32b6:	79 f7       	brne	.-34     	; 0x3296 <LCD_voidWriteNumber+0x5c>
	{
		u8Index--;
		LCD_voidSendData(u8Buffer[u8Index]);
	}
}
    32b8:	26 96       	adiw	r28, 0x06	; 6
    32ba:	0f b6       	in	r0, 0x3f	; 63
    32bc:	f8 94       	cli
    32be:	de bf       	out	0x3e, r29	; 62
    32c0:	0f be       	out	0x3f, r0	; 63
    32c2:	cd bf       	out	0x3d, r28	; 61
    32c4:	cf 91       	pop	r28
    32c6:	df 91       	pop	r29
    32c8:	08 95       	ret

000032ca <TIM0_voidinit>:
   Initialized to 0 instead of NULL to prevent undeclared errors */
TIM0_pf FunctionAddress1 = 0;
TIM0_pf FunctionAddress2 = 0;

void TIM0_voidinit(void)
{
    32ca:	df 93       	push	r29
    32cc:	cf 93       	push	r28
    32ce:	cd b7       	in	r28, 0x3d	; 61
    32d0:	de b7       	in	r29, 0x3e	; 62
    /* Select Initial Mode from Config */
    #if TIM0_MODE == NORMAL_MODE
        CLR_BIT(TCCR0, 3);
    32d2:	a3 e5       	ldi	r26, 0x53	; 83
    32d4:	b0 e0       	ldi	r27, 0x00	; 0
    32d6:	e3 e5       	ldi	r30, 0x53	; 83
    32d8:	f0 e0       	ldi	r31, 0x00	; 0
    32da:	80 81       	ld	r24, Z
    32dc:	87 7f       	andi	r24, 0xF7	; 247
    32de:	8c 93       	st	X, r24
        CLR_BIT(TCCR0, 6);
    32e0:	a3 e5       	ldi	r26, 0x53	; 83
    32e2:	b0 e0       	ldi	r27, 0x00	; 0
    32e4:	e3 e5       	ldi	r30, 0x53	; 83
    32e6:	f0 e0       	ldi	r31, 0x00	; 0
    32e8:	80 81       	ld	r24, Z
    32ea:	8f 7b       	andi	r24, 0xBF	; 191
    32ec:	8c 93       	st	X, r24
        SET_BIT(TCCR0, 3);
        SET_BIT(TCCR0, 6);
    #endif

    /* Select Prescaler */
    TCCR0 &= 0xF8;
    32ee:	a3 e5       	ldi	r26, 0x53	; 83
    32f0:	b0 e0       	ldi	r27, 0x00	; 0
    32f2:	e3 e5       	ldi	r30, 0x53	; 83
    32f4:	f0 e0       	ldi	r31, 0x00	; 0
    32f6:	80 81       	ld	r24, Z
    32f8:	88 7f       	andi	r24, 0xF8	; 248
    32fa:	8c 93       	st	X, r24
    TCCR0 |= PRESCALLER;
    32fc:	a3 e5       	ldi	r26, 0x53	; 83
    32fe:	b0 e0       	ldi	r27, 0x00	; 0
    3300:	e3 e5       	ldi	r30, 0x53	; 83
    3302:	f0 e0       	ldi	r31, 0x00	; 0
    3304:	80 81       	ld	r24, Z
    3306:	83 60       	ori	r24, 0x03	; 3
    3308:	8c 93       	st	X, r24

    /* Clear Bit 4-5 (Disconnect OC0 pin operation) */
    CLR_BIT(TCCR0, 4);
    330a:	a3 e5       	ldi	r26, 0x53	; 83
    330c:	b0 e0       	ldi	r27, 0x00	; 0
    330e:	e3 e5       	ldi	r30, 0x53	; 83
    3310:	f0 e0       	ldi	r31, 0x00	; 0
    3312:	80 81       	ld	r24, Z
    3314:	8f 7e       	andi	r24, 0xEF	; 239
    3316:	8c 93       	st	X, r24
    CLR_BIT(TCCR0, 5);
    3318:	a3 e5       	ldi	r26, 0x53	; 83
    331a:	b0 e0       	ldi	r27, 0x00	; 0
    331c:	e3 e5       	ldi	r30, 0x53	; 83
    331e:	f0 e0       	ldi	r31, 0x00	; 0
    3320:	80 81       	ld	r24, Z
    3322:	8f 7d       	andi	r24, 0xDF	; 223
    3324:	8c 93       	st	X, r24

    /* Disable overflow interrupt */
    CLR_BIT(TIMSK, 0);
    3326:	a9 e5       	ldi	r26, 0x59	; 89
    3328:	b0 e0       	ldi	r27, 0x00	; 0
    332a:	e9 e5       	ldi	r30, 0x59	; 89
    332c:	f0 e0       	ldi	r31, 0x00	; 0
    332e:	80 81       	ld	r24, Z
    3330:	8e 7f       	andi	r24, 0xFE	; 254
    3332:	8c 93       	st	X, r24

    /* Disable on Compare match interrupt */
    CLR_BIT(TIMSK, 1);
    3334:	a9 e5       	ldi	r26, 0x59	; 89
    3336:	b0 e0       	ldi	r27, 0x00	; 0
    3338:	e9 e5       	ldi	r30, 0x59	; 89
    333a:	f0 e0       	ldi	r31, 0x00	; 0
    333c:	80 81       	ld	r24, Z
    333e:	8d 7f       	andi	r24, 0xFD	; 253
    3340:	8c 93       	st	X, r24

    /* Clear overflow flag (Write 1 to clear in AVR) */
    SET_BIT(TIFR, 0);
    3342:	a8 e5       	ldi	r26, 0x58	; 88
    3344:	b0 e0       	ldi	r27, 0x00	; 0
    3346:	e8 e5       	ldi	r30, 0x58	; 88
    3348:	f0 e0       	ldi	r31, 0x00	; 0
    334a:	80 81       	ld	r24, Z
    334c:	81 60       	ori	r24, 0x01	; 1
    334e:	8c 93       	st	X, r24

    /* Clear on Compare match flag (Write 1 to clear) */
    SET_BIT(TIFR, 1);
    3350:	a8 e5       	ldi	r26, 0x58	; 88
    3352:	b0 e0       	ldi	r27, 0x00	; 0
    3354:	e8 e5       	ldi	r30, 0x58	; 88
    3356:	f0 e0       	ldi	r31, 0x00	; 0
    3358:	80 81       	ld	r24, Z
    335a:	82 60       	ori	r24, 0x02	; 2
    335c:	8c 93       	st	X, r24

    /* Clear TCNT0 */
    TCNT0 = 0;
    335e:	e2 e5       	ldi	r30, 0x52	; 82
    3360:	f0 e0       	ldi	r31, 0x00	; 0
    3362:	10 82       	st	Z, r1

    /* Clear OCR */
    OCR0 = 0;
    3364:	ec e5       	ldi	r30, 0x5C	; 92
    3366:	f0 e0       	ldi	r31, 0x00	; 0
    3368:	10 82       	st	Z, r1
}
    336a:	cf 91       	pop	r28
    336c:	df 91       	pop	r29
    336e:	08 95       	ret

00003370 <TIM0_voidSetMode>:

/* -------------------------------------------------------- */
/* Dynamic Configuration Functions                          */
/* -------------------------------------------------------- */
void TIM0_voidSetMode(u8 u8Mode)
{
    3370:	df 93       	push	r29
    3372:	cf 93       	push	r28
    3374:	00 d0       	rcall	.+0      	; 0x3376 <TIM0_voidSetMode+0x6>
    3376:	0f 92       	push	r0
    3378:	cd b7       	in	r28, 0x3d	; 61
    337a:	de b7       	in	r29, 0x3e	; 62
    337c:	89 83       	std	Y+1, r24	; 0x01
    switch(u8Mode)
    337e:	89 81       	ldd	r24, Y+1	; 0x01
    3380:	28 2f       	mov	r18, r24
    3382:	30 e0       	ldi	r19, 0x00	; 0
    3384:	3b 83       	std	Y+3, r19	; 0x03
    3386:	2a 83       	std	Y+2, r18	; 0x02
    3388:	8a 81       	ldd	r24, Y+2	; 0x02
    338a:	9b 81       	ldd	r25, Y+3	; 0x03
    338c:	82 30       	cpi	r24, 0x02	; 2
    338e:	91 05       	cpc	r25, r1
    3390:	29 f1       	breq	.+74     	; 0x33dc <TIM0_voidSetMode+0x6c>
    3392:	2a 81       	ldd	r18, Y+2	; 0x02
    3394:	3b 81       	ldd	r19, Y+3	; 0x03
    3396:	23 30       	cpi	r18, 0x03	; 3
    3398:	31 05       	cpc	r19, r1
    339a:	34 f4       	brge	.+12     	; 0x33a8 <TIM0_voidSetMode+0x38>
    339c:	8a 81       	ldd	r24, Y+2	; 0x02
    339e:	9b 81       	ldd	r25, Y+3	; 0x03
    33a0:	81 30       	cpi	r24, 0x01	; 1
    33a2:	91 05       	cpc	r25, r1
    33a4:	61 f0       	breq	.+24     	; 0x33be <TIM0_voidSetMode+0x4e>
    33a6:	46 c0       	rjmp	.+140    	; 0x3434 <TIM0_voidSetMode+0xc4>
    33a8:	2a 81       	ldd	r18, Y+2	; 0x02
    33aa:	3b 81       	ldd	r19, Y+3	; 0x03
    33ac:	23 30       	cpi	r18, 0x03	; 3
    33ae:	31 05       	cpc	r19, r1
    33b0:	21 f1       	breq	.+72     	; 0x33fa <TIM0_voidSetMode+0x8a>
    33b2:	8a 81       	ldd	r24, Y+2	; 0x02
    33b4:	9b 81       	ldd	r25, Y+3	; 0x03
    33b6:	84 30       	cpi	r24, 0x04	; 4
    33b8:	91 05       	cpc	r25, r1
    33ba:	71 f1       	breq	.+92     	; 0x3418 <TIM0_voidSetMode+0xa8>
    33bc:	3b c0       	rjmp	.+118    	; 0x3434 <TIM0_voidSetMode+0xc4>
    {
        case NORMAL_MODE:
            CLR_BIT(TCCR0, 3);
    33be:	a3 e5       	ldi	r26, 0x53	; 83
    33c0:	b0 e0       	ldi	r27, 0x00	; 0
    33c2:	e3 e5       	ldi	r30, 0x53	; 83
    33c4:	f0 e0       	ldi	r31, 0x00	; 0
    33c6:	80 81       	ld	r24, Z
    33c8:	87 7f       	andi	r24, 0xF7	; 247
    33ca:	8c 93       	st	X, r24
            CLR_BIT(TCCR0, 6);
    33cc:	a3 e5       	ldi	r26, 0x53	; 83
    33ce:	b0 e0       	ldi	r27, 0x00	; 0
    33d0:	e3 e5       	ldi	r30, 0x53	; 83
    33d2:	f0 e0       	ldi	r31, 0x00	; 0
    33d4:	80 81       	ld	r24, Z
    33d6:	8f 7b       	andi	r24, 0xBF	; 191
    33d8:	8c 93       	st	X, r24
    33da:	2c c0       	rjmp	.+88     	; 0x3434 <TIM0_voidSetMode+0xc4>
            break;

        case PWM_PHASE_CORRECT:
            CLR_BIT(TCCR0, 3);
    33dc:	a3 e5       	ldi	r26, 0x53	; 83
    33de:	b0 e0       	ldi	r27, 0x00	; 0
    33e0:	e3 e5       	ldi	r30, 0x53	; 83
    33e2:	f0 e0       	ldi	r31, 0x00	; 0
    33e4:	80 81       	ld	r24, Z
    33e6:	87 7f       	andi	r24, 0xF7	; 247
    33e8:	8c 93       	st	X, r24
            SET_BIT(TCCR0, 6);
    33ea:	a3 e5       	ldi	r26, 0x53	; 83
    33ec:	b0 e0       	ldi	r27, 0x00	; 0
    33ee:	e3 e5       	ldi	r30, 0x53	; 83
    33f0:	f0 e0       	ldi	r31, 0x00	; 0
    33f2:	80 81       	ld	r24, Z
    33f4:	80 64       	ori	r24, 0x40	; 64
    33f6:	8c 93       	st	X, r24
    33f8:	1d c0       	rjmp	.+58     	; 0x3434 <TIM0_voidSetMode+0xc4>
            break;

        case CTC_MODE:
            SET_BIT(TCCR0, 3);
    33fa:	a3 e5       	ldi	r26, 0x53	; 83
    33fc:	b0 e0       	ldi	r27, 0x00	; 0
    33fe:	e3 e5       	ldi	r30, 0x53	; 83
    3400:	f0 e0       	ldi	r31, 0x00	; 0
    3402:	80 81       	ld	r24, Z
    3404:	88 60       	ori	r24, 0x08	; 8
    3406:	8c 93       	st	X, r24
            CLR_BIT(TCCR0, 6);
    3408:	a3 e5       	ldi	r26, 0x53	; 83
    340a:	b0 e0       	ldi	r27, 0x00	; 0
    340c:	e3 e5       	ldi	r30, 0x53	; 83
    340e:	f0 e0       	ldi	r31, 0x00	; 0
    3410:	80 81       	ld	r24, Z
    3412:	8f 7b       	andi	r24, 0xBF	; 191
    3414:	8c 93       	st	X, r24
    3416:	0e c0       	rjmp	.+28     	; 0x3434 <TIM0_voidSetMode+0xc4>
            break;

        case FAST_PWM:
            SET_BIT(TCCR0, 3);
    3418:	a3 e5       	ldi	r26, 0x53	; 83
    341a:	b0 e0       	ldi	r27, 0x00	; 0
    341c:	e3 e5       	ldi	r30, 0x53	; 83
    341e:	f0 e0       	ldi	r31, 0x00	; 0
    3420:	80 81       	ld	r24, Z
    3422:	88 60       	ori	r24, 0x08	; 8
    3424:	8c 93       	st	X, r24
            SET_BIT(TCCR0, 6);
    3426:	a3 e5       	ldi	r26, 0x53	; 83
    3428:	b0 e0       	ldi	r27, 0x00	; 0
    342a:	e3 e5       	ldi	r30, 0x53	; 83
    342c:	f0 e0       	ldi	r31, 0x00	; 0
    342e:	80 81       	ld	r24, Z
    3430:	80 64       	ori	r24, 0x40	; 64
    3432:	8c 93       	st	X, r24
            break;
    }
}
    3434:	0f 90       	pop	r0
    3436:	0f 90       	pop	r0
    3438:	0f 90       	pop	r0
    343a:	cf 91       	pop	r28
    343c:	df 91       	pop	r29
    343e:	08 95       	ret

00003440 <TIM0_voidSetPrescaler>:

void TIM0_voidSetPrescaler(u8 u8Prescaler)
{
    3440:	df 93       	push	r29
    3442:	cf 93       	push	r28
    3444:	0f 92       	push	r0
    3446:	cd b7       	in	r28, 0x3d	; 61
    3448:	de b7       	in	r29, 0x3e	; 62
    344a:	89 83       	std	Y+1, r24	; 0x01
    /* 1. Clear the first 3 bits (CS02, CS01, CS00) by masking with 0xF8 */
    TCCR0 &= 0xF8;
    344c:	a3 e5       	ldi	r26, 0x53	; 83
    344e:	b0 e0       	ldi	r27, 0x00	; 0
    3450:	e3 e5       	ldi	r30, 0x53	; 83
    3452:	f0 e0       	ldi	r31, 0x00	; 0
    3454:	80 81       	ld	r24, Z
    3456:	88 7f       	andi	r24, 0xF8	; 248
    3458:	8c 93       	st	X, r24

    /* 2. Insert the new prescaler value into the register */
    TCCR0 |= u8Prescaler;
    345a:	a3 e5       	ldi	r26, 0x53	; 83
    345c:	b0 e0       	ldi	r27, 0x00	; 0
    345e:	e3 e5       	ldi	r30, 0x53	; 83
    3460:	f0 e0       	ldi	r31, 0x00	; 0
    3462:	90 81       	ld	r25, Z
    3464:	89 81       	ldd	r24, Y+1	; 0x01
    3466:	89 2b       	or	r24, r25
    3468:	8c 93       	st	X, r24
}
    346a:	0f 90       	pop	r0
    346c:	cf 91       	pop	r28
    346e:	df 91       	pop	r29
    3470:	08 95       	ret

00003472 <TIM0_voidEnableOVInterrupt>:

/********************************************************************/
/* Normal Mode Functions */

void TIM0_voidEnableOVInterrupt(void)
{
    3472:	df 93       	push	r29
    3474:	cf 93       	push	r28
    3476:	cd b7       	in	r28, 0x3d	; 61
    3478:	de b7       	in	r29, 0x3e	; 62
    /* to Enable the interrupt of Over flow */
    SET_BIT(TIMSK, 0);
    347a:	a9 e5       	ldi	r26, 0x59	; 89
    347c:	b0 e0       	ldi	r27, 0x00	; 0
    347e:	e9 e5       	ldi	r30, 0x59	; 89
    3480:	f0 e0       	ldi	r31, 0x00	; 0
    3482:	80 81       	ld	r24, Z
    3484:	81 60       	ori	r24, 0x01	; 1
    3486:	8c 93       	st	X, r24
}
    3488:	cf 91       	pop	r28
    348a:	df 91       	pop	r29
    348c:	08 95       	ret

0000348e <TIM0_voidDisableOVInterrupt>:

void TIM0_voidDisableOVInterrupt(void)
{
    348e:	df 93       	push	r29
    3490:	cf 93       	push	r28
    3492:	cd b7       	in	r28, 0x3d	; 61
    3494:	de b7       	in	r29, 0x3e	; 62
    /* to Disable the interrupt of Over flow */
    CLR_BIT(TIMSK, 0);
    3496:	a9 e5       	ldi	r26, 0x59	; 89
    3498:	b0 e0       	ldi	r27, 0x00	; 0
    349a:	e9 e5       	ldi	r30, 0x59	; 89
    349c:	f0 e0       	ldi	r31, 0x00	; 0
    349e:	80 81       	ld	r24, Z
    34a0:	8e 7f       	andi	r24, 0xFE	; 254
    34a2:	8c 93       	st	X, r24
}
    34a4:	cf 91       	pop	r28
    34a6:	df 91       	pop	r29
    34a8:	08 95       	ret

000034aa <TIM0_voidSetOVReg>:

void TIM0_voidSetOVReg(u8 u8OVRegValue)
{
    34aa:	df 93       	push	r29
    34ac:	cf 93       	push	r28
    34ae:	0f 92       	push	r0
    34b0:	cd b7       	in	r28, 0x3d	; 61
    34b2:	de b7       	in	r29, 0x3e	; 62
    34b4:	89 83       	std	Y+1, r24	; 0x01
    /* to Set the overflow Register(TCNT0) with specific Value */
    TCNT0 = u8OVRegValue;
    34b6:	e2 e5       	ldi	r30, 0x52	; 82
    34b8:	f0 e0       	ldi	r31, 0x00	; 0
    34ba:	89 81       	ldd	r24, Y+1	; 0x01
    34bc:	80 83       	st	Z, r24
}
    34be:	0f 90       	pop	r0
    34c0:	cf 91       	pop	r28
    34c2:	df 91       	pop	r29
    34c4:	08 95       	ret

000034c6 <TIM0_u8ReadOVReg>:

u8 TIM0_u8ReadOVReg(void)
{
    34c6:	df 93       	push	r29
    34c8:	cf 93       	push	r28
    34ca:	cd b7       	in	r28, 0x3d	; 61
    34cc:	de b7       	in	r29, 0x3e	; 62
    /* to read the overflow Register(TCNT0) */
    return TCNT0;
    34ce:	e2 e5       	ldi	r30, 0x52	; 82
    34d0:	f0 e0       	ldi	r31, 0x00	; 0
    34d2:	80 81       	ld	r24, Z
}
    34d4:	cf 91       	pop	r28
    34d6:	df 91       	pop	r29
    34d8:	08 95       	ret

000034da <TIM0_voidOVSetCallBack>:

void TIM0_voidOVSetCallBack(TIM0_pf OVFunctionAddress)
{
    34da:	df 93       	push	r29
    34dc:	cf 93       	push	r28
    34de:	00 d0       	rcall	.+0      	; 0x34e0 <TIM0_voidOVSetCallBack+0x6>
    34e0:	cd b7       	in	r28, 0x3d	; 61
    34e2:	de b7       	in	r29, 0x3e	; 62
    34e4:	9a 83       	std	Y+2, r25	; 0x02
    34e6:	89 83       	std	Y+1, r24	; 0x01
    /* to Set the Call Back Function of Overflow */
    FunctionAddress1 = OVFunctionAddress;
    34e8:	89 81       	ldd	r24, Y+1	; 0x01
    34ea:	9a 81       	ldd	r25, Y+2	; 0x02
    34ec:	90 93 73 01 	sts	0x0173, r25
    34f0:	80 93 72 01 	sts	0x0172, r24
}
    34f4:	0f 90       	pop	r0
    34f6:	0f 90       	pop	r0
    34f8:	cf 91       	pop	r28
    34fa:	df 91       	pop	r29
    34fc:	08 95       	ret

000034fe <__vector_11>:

/* For Overflow ISR */
void __vector_11(void) __attribute__((signal, used));
void __vector_11(void)
{
    34fe:	1f 92       	push	r1
    3500:	0f 92       	push	r0
    3502:	0f b6       	in	r0, 0x3f	; 63
    3504:	0f 92       	push	r0
    3506:	11 24       	eor	r1, r1
    3508:	2f 93       	push	r18
    350a:	3f 93       	push	r19
    350c:	4f 93       	push	r20
    350e:	5f 93       	push	r21
    3510:	6f 93       	push	r22
    3512:	7f 93       	push	r23
    3514:	8f 93       	push	r24
    3516:	9f 93       	push	r25
    3518:	af 93       	push	r26
    351a:	bf 93       	push	r27
    351c:	ef 93       	push	r30
    351e:	ff 93       	push	r31
    3520:	df 93       	push	r29
    3522:	cf 93       	push	r28
    3524:	cd b7       	in	r28, 0x3d	; 61
    3526:	de b7       	in	r29, 0x3e	; 62
    /* Check if the pointer is not 0 before calling */
    if (FunctionAddress1 != 0)
    3528:	80 91 72 01 	lds	r24, 0x0172
    352c:	90 91 73 01 	lds	r25, 0x0173
    3530:	00 97       	sbiw	r24, 0x00	; 0
    3532:	29 f0       	breq	.+10     	; 0x353e <__vector_11+0x40>
    {
        FunctionAddress1();
    3534:	e0 91 72 01 	lds	r30, 0x0172
    3538:	f0 91 73 01 	lds	r31, 0x0173
    353c:	09 95       	icall
    }
}
    353e:	cf 91       	pop	r28
    3540:	df 91       	pop	r29
    3542:	ff 91       	pop	r31
    3544:	ef 91       	pop	r30
    3546:	bf 91       	pop	r27
    3548:	af 91       	pop	r26
    354a:	9f 91       	pop	r25
    354c:	8f 91       	pop	r24
    354e:	7f 91       	pop	r23
    3550:	6f 91       	pop	r22
    3552:	5f 91       	pop	r21
    3554:	4f 91       	pop	r20
    3556:	3f 91       	pop	r19
    3558:	2f 91       	pop	r18
    355a:	0f 90       	pop	r0
    355c:	0f be       	out	0x3f, r0	; 63
    355e:	0f 90       	pop	r0
    3560:	1f 90       	pop	r1
    3562:	18 95       	reti

00003564 <TIM0_voidEnableCTCInterrupt>:

/********************************************************************************/
/* CTC Mode Functions */

void TIM0_voidEnableCTCInterrupt(void)
{
    3564:	df 93       	push	r29
    3566:	cf 93       	push	r28
    3568:	cd b7       	in	r28, 0x3d	; 61
    356a:	de b7       	in	r29, 0x3e	; 62
    /* to Enable the interrupt of CTC */
    SET_BIT(TIMSK, 1);
    356c:	a9 e5       	ldi	r26, 0x59	; 89
    356e:	b0 e0       	ldi	r27, 0x00	; 0
    3570:	e9 e5       	ldi	r30, 0x59	; 89
    3572:	f0 e0       	ldi	r31, 0x00	; 0
    3574:	80 81       	ld	r24, Z
    3576:	82 60       	ori	r24, 0x02	; 2
    3578:	8c 93       	st	X, r24
}
    357a:	cf 91       	pop	r28
    357c:	df 91       	pop	r29
    357e:	08 95       	ret

00003580 <TIM0_voidDisableCTCInterrupt>:

void TIM0_voidDisableCTCInterrupt(void)
{
    3580:	df 93       	push	r29
    3582:	cf 93       	push	r28
    3584:	cd b7       	in	r28, 0x3d	; 61
    3586:	de b7       	in	r29, 0x3e	; 62
    /* to Disable the interrupt of CTC */
    CLR_BIT(TIMSK, 1);
    3588:	a9 e5       	ldi	r26, 0x59	; 89
    358a:	b0 e0       	ldi	r27, 0x00	; 0
    358c:	e9 e5       	ldi	r30, 0x59	; 89
    358e:	f0 e0       	ldi	r31, 0x00	; 0
    3590:	80 81       	ld	r24, Z
    3592:	8d 7f       	andi	r24, 0xFD	; 253
    3594:	8c 93       	st	X, r24
}
    3596:	cf 91       	pop	r28
    3598:	df 91       	pop	r29
    359a:	08 95       	ret

0000359c <TIM0_voidSetCTCReg>:

void TIM0_voidSetCTCReg(u8 u8CTCRegValue)
{
    359c:	df 93       	push	r29
    359e:	cf 93       	push	r28
    35a0:	0f 92       	push	r0
    35a2:	cd b7       	in	r28, 0x3d	; 61
    35a4:	de b7       	in	r29, 0x3e	; 62
    35a6:	89 83       	std	Y+1, r24	; 0x01
    /* to Set the CTC Register(OCR0) with specific Value */
    OCR0 = u8CTCRegValue;
    35a8:	ec e5       	ldi	r30, 0x5C	; 92
    35aa:	f0 e0       	ldi	r31, 0x00	; 0
    35ac:	89 81       	ldd	r24, Y+1	; 0x01
    35ae:	80 83       	st	Z, r24
}
    35b0:	0f 90       	pop	r0
    35b2:	cf 91       	pop	r28
    35b4:	df 91       	pop	r29
    35b6:	08 95       	ret

000035b8 <TIM0_u8ReadCTCReg>:

u8 TIM0_u8ReadCTCReg(void)
{
    35b8:	df 93       	push	r29
    35ba:	cf 93       	push	r28
    35bc:	cd b7       	in	r28, 0x3d	; 61
    35be:	de b7       	in	r29, 0x3e	; 62
    /* to read the CTC Register(OCR0) */
    return OCR0;
    35c0:	ec e5       	ldi	r30, 0x5C	; 92
    35c2:	f0 e0       	ldi	r31, 0x00	; 0
    35c4:	80 81       	ld	r24, Z
}
    35c6:	cf 91       	pop	r28
    35c8:	df 91       	pop	r29
    35ca:	08 95       	ret

000035cc <TIM0_voidCTCSetCallBack>:

void TIM0_voidCTCSetCallBack(TIM0_pf CTCFunctionAddress)
{
    35cc:	df 93       	push	r29
    35ce:	cf 93       	push	r28
    35d0:	00 d0       	rcall	.+0      	; 0x35d2 <TIM0_voidCTCSetCallBack+0x6>
    35d2:	cd b7       	in	r28, 0x3d	; 61
    35d4:	de b7       	in	r29, 0x3e	; 62
    35d6:	9a 83       	std	Y+2, r25	; 0x02
    35d8:	89 83       	std	Y+1, r24	; 0x01
    /* to Set the Call Back Function of On Compare Match */
    FunctionAddress2 = CTCFunctionAddress;
    35da:	89 81       	ldd	r24, Y+1	; 0x01
    35dc:	9a 81       	ldd	r25, Y+2	; 0x02
    35de:	90 93 75 01 	sts	0x0175, r25
    35e2:	80 93 74 01 	sts	0x0174, r24
}
    35e6:	0f 90       	pop	r0
    35e8:	0f 90       	pop	r0
    35ea:	cf 91       	pop	r28
    35ec:	df 91       	pop	r29
    35ee:	08 95       	ret

000035f0 <__vector_10>:

/* for On Compare Match ISR */
void __vector_10(void) __attribute__((signal, used));
void __vector_10(void)
{
    35f0:	1f 92       	push	r1
    35f2:	0f 92       	push	r0
    35f4:	0f b6       	in	r0, 0x3f	; 63
    35f6:	0f 92       	push	r0
    35f8:	11 24       	eor	r1, r1
    35fa:	2f 93       	push	r18
    35fc:	3f 93       	push	r19
    35fe:	4f 93       	push	r20
    3600:	5f 93       	push	r21
    3602:	6f 93       	push	r22
    3604:	7f 93       	push	r23
    3606:	8f 93       	push	r24
    3608:	9f 93       	push	r25
    360a:	af 93       	push	r26
    360c:	bf 93       	push	r27
    360e:	ef 93       	push	r30
    3610:	ff 93       	push	r31
    3612:	df 93       	push	r29
    3614:	cf 93       	push	r28
    3616:	cd b7       	in	r28, 0x3d	; 61
    3618:	de b7       	in	r29, 0x3e	; 62
    /* Check if the pointer is not 0 before calling */
    if (FunctionAddress2 != 0)
    361a:	80 91 74 01 	lds	r24, 0x0174
    361e:	90 91 75 01 	lds	r25, 0x0175
    3622:	00 97       	sbiw	r24, 0x00	; 0
    3624:	29 f0       	breq	.+10     	; 0x3630 <__vector_10+0x40>
    {
        FunctionAddress2();
    3626:	e0 91 74 01 	lds	r30, 0x0174
    362a:	f0 91 75 01 	lds	r31, 0x0175
    362e:	09 95       	icall
    }
}
    3630:	cf 91       	pop	r28
    3632:	df 91       	pop	r29
    3634:	ff 91       	pop	r31
    3636:	ef 91       	pop	r30
    3638:	bf 91       	pop	r27
    363a:	af 91       	pop	r26
    363c:	9f 91       	pop	r25
    363e:	8f 91       	pop	r24
    3640:	7f 91       	pop	r23
    3642:	6f 91       	pop	r22
    3644:	5f 91       	pop	r21
    3646:	4f 91       	pop	r20
    3648:	3f 91       	pop	r19
    364a:	2f 91       	pop	r18
    364c:	0f 90       	pop	r0
    364e:	0f be       	out	0x3f, r0	; 63
    3650:	0f 90       	pop	r0
    3652:	1f 90       	pop	r1
    3654:	18 95       	reti

00003656 <main>:

#include "project/WASH_int.h"


int main(void)
{
    3656:	df 93       	push	r29
    3658:	cf 93       	push	r28
    365a:	00 d0       	rcall	.+0      	; 0x365c <main+0x6>
    365c:	cd b7       	in	r28, 0x3d	; 61
    365e:	de b7       	in	r29, 0x3e	; 62
    u8 SelectedMode = 0;
    3660:	19 82       	std	Y+1, r1	; 0x01
    u8 SelectedSpeed = 0;
    3662:	1a 82       	std	Y+2, r1	; 0x02

    /* 1. Initialize Hardware */
    LCD_voidLCDInit();
    3664:	0e 94 25 13 	call	0x264a	; 0x264a <LCD_voidLCDInit>
    KEY_PADINTI();
    3668:	0e 94 05 11 	call	0x220a	; 0x220a <KEY_PADINTI>

    /* 2. System Startup Safety Check */
    WASH_voidCheckDoorsAndArmSafety();
    366c:	0e 94 4f 06 	call	0xc9e	; 0xc9e <WASH_voidCheckDoorsAndArmSafety>

    /* 3. Normal Washing Machine Operation */
    while(1)
    {
        /* Ask the user for their settings */
        WASH_voidGetPreferences(&SelectedMode, &SelectedSpeed);
    3670:	9e 01       	movw	r18, r28
    3672:	2e 5f       	subi	r18, 0xFE	; 254
    3674:	3f 4f       	sbci	r19, 0xFF	; 255
    3676:	ce 01       	movw	r24, r28
    3678:	01 96       	adiw	r24, 0x01	; 1
    367a:	b9 01       	movw	r22, r18
    367c:	0e 94 69 07 	call	0xed2	; 0xed2 <WASH_voidGetPreferences>

        /* Run the countdown based on their speed choice */
        WASH_voidRunCycle(SelectedSpeed);
    3680:	8a 81       	ldd	r24, Y+2	; 0x02
    3682:	0e 94 4f 08 	call	0x109e	; 0x109e <WASH_voidRunCycle>
    3686:	f4 cf       	rjmp	.-24     	; 0x3670 <main+0x1a>

00003688 <__udivmodqi4>:
    3688:	99 1b       	sub	r25, r25
    368a:	79 e0       	ldi	r23, 0x09	; 9
    368c:	04 c0       	rjmp	.+8      	; 0x3696 <__udivmodqi4_ep>

0000368e <__udivmodqi4_loop>:
    368e:	99 1f       	adc	r25, r25
    3690:	96 17       	cp	r25, r22
    3692:	08 f0       	brcs	.+2      	; 0x3696 <__udivmodqi4_ep>
    3694:	96 1b       	sub	r25, r22

00003696 <__udivmodqi4_ep>:
    3696:	88 1f       	adc	r24, r24
    3698:	7a 95       	dec	r23
    369a:	c9 f7       	brne	.-14     	; 0x368e <__udivmodqi4_loop>
    369c:	80 95       	com	r24
    369e:	08 95       	ret

000036a0 <__prologue_saves__>:
    36a0:	2f 92       	push	r2
    36a2:	3f 92       	push	r3
    36a4:	4f 92       	push	r4
    36a6:	5f 92       	push	r5
    36a8:	6f 92       	push	r6
    36aa:	7f 92       	push	r7
    36ac:	8f 92       	push	r8
    36ae:	9f 92       	push	r9
    36b0:	af 92       	push	r10
    36b2:	bf 92       	push	r11
    36b4:	cf 92       	push	r12
    36b6:	df 92       	push	r13
    36b8:	ef 92       	push	r14
    36ba:	ff 92       	push	r15
    36bc:	0f 93       	push	r16
    36be:	1f 93       	push	r17
    36c0:	cf 93       	push	r28
    36c2:	df 93       	push	r29
    36c4:	cd b7       	in	r28, 0x3d	; 61
    36c6:	de b7       	in	r29, 0x3e	; 62
    36c8:	ca 1b       	sub	r28, r26
    36ca:	db 0b       	sbc	r29, r27
    36cc:	0f b6       	in	r0, 0x3f	; 63
    36ce:	f8 94       	cli
    36d0:	de bf       	out	0x3e, r29	; 62
    36d2:	0f be       	out	0x3f, r0	; 63
    36d4:	cd bf       	out	0x3d, r28	; 61
    36d6:	09 94       	ijmp

000036d8 <__epilogue_restores__>:
    36d8:	2a 88       	ldd	r2, Y+18	; 0x12
    36da:	39 88       	ldd	r3, Y+17	; 0x11
    36dc:	48 88       	ldd	r4, Y+16	; 0x10
    36de:	5f 84       	ldd	r5, Y+15	; 0x0f
    36e0:	6e 84       	ldd	r6, Y+14	; 0x0e
    36e2:	7d 84       	ldd	r7, Y+13	; 0x0d
    36e4:	8c 84       	ldd	r8, Y+12	; 0x0c
    36e6:	9b 84       	ldd	r9, Y+11	; 0x0b
    36e8:	aa 84       	ldd	r10, Y+10	; 0x0a
    36ea:	b9 84       	ldd	r11, Y+9	; 0x09
    36ec:	c8 84       	ldd	r12, Y+8	; 0x08
    36ee:	df 80       	ldd	r13, Y+7	; 0x07
    36f0:	ee 80       	ldd	r14, Y+6	; 0x06
    36f2:	fd 80       	ldd	r15, Y+5	; 0x05
    36f4:	0c 81       	ldd	r16, Y+4	; 0x04
    36f6:	1b 81       	ldd	r17, Y+3	; 0x03
    36f8:	aa 81       	ldd	r26, Y+2	; 0x02
    36fa:	b9 81       	ldd	r27, Y+1	; 0x01
    36fc:	ce 0f       	add	r28, r30
    36fe:	d1 1d       	adc	r29, r1
    3700:	0f b6       	in	r0, 0x3f	; 63
    3702:	f8 94       	cli
    3704:	de bf       	out	0x3e, r29	; 62
    3706:	0f be       	out	0x3f, r0	; 63
    3708:	cd bf       	out	0x3d, r28	; 61
    370a:	ed 01       	movw	r28, r26
    370c:	08 95       	ret

0000370e <_exit>:
    370e:	f8 94       	cli

00003710 <__stop_program>:
    3710:	ff cf       	rjmp	.-2      	; 0x3710 <__stop_program>
